STATE FIPS,COUNTY FIPS,PLANNING REGION FIPS,PLANNING REGION NAME,TOWN FIPS,TOWN NAME,SEX,AGEGRP,AGE_CODE,ALL_RACE-ETHN,NH_WHITE,NH_BLACK,NH_AIAN,NH_ASIAN,NH_NHOPI,NH_TOM,HISP
09,001,190,Western Connecticut Planning Region,04720,Bethel town,MALE,00--04,1,518,318,21,0,36,0,27,116
09,001,190,Western Connecticut Planning Region,04720,Bethel town,MALE,05--09,2,603,380,19,1,50,0,35,118
09,001,190,Western Connecticut Planning Region,04720,Bethel town,MALE,10--14,3,729,458,38,3,39,1,32,158
09,001,190,Western Connecticut Planning Region,04720,Bethel town,MALE,15--19,4,669,453,19,0,58,0,32,107
09,001,190,Western Connecticut Planning Region,04720,Bethel town,MALE,20--24,5,552,396,17,2,31,0,21,85
09,001,190,Western Connecticut Planning Region,04720,Bethel town,MALE,25--29,6,487,364,12,1,20,0,8,82
09,001,190,Western Connecticut Planning Region,04720,Bethel town,MALE,30--34,7,563,394,18,2,29,0,13,107
09,001,190,Western Connecticut Planning Region,04720,Bethel town,MALE,35--39,8,674,473,43,1,57,0,8,92
09,001,190,Western Connecticut Planning Region,04720,Bethel town,MALE,40--44,9,692,467,26,2,54,0,19,124
09,001,190,Western Connecticut Planning Region,04720,Bethel town,MALE,45--49,10,649,478,20,0,55,0,7,89
09,001,190,Western Connecticut Planning Region,04720,Bethel town,MALE,50--54,11,744,584,29,1,50,0,9,71
09,001,190,Western Connecticut Planning Region,04720,Bethel town,MALE,55--59,12,783,674,21,0,34,0,6,48
09,001,190,Western Connecticut Planning Region,04720,Bethel town,MALE,60--64,13,767,659,17,1,33,0,11,46
09,001,190,Western Connecticut Planning Region,04720,Bethel town,MALE,65--69,14,628,549,21,0,18,0,12,28
09,001,190,Western Connecticut Planning Region,04720,Bethel town,MALE,70--74,15,448,409,9,0,13,0,2,15
09,001,190,Western Connecticut Planning Region,04720,Bethel town,MALE,75--79,16,299,276,3,1,8,0,2,9
09,001,190,Western Connecticut Planning Region,04720,Bethel town,MALE,80--84,17,161,138,8,0,7,0,1,7
09,001,190,Western Connecticut Planning Region,04720,Bethel town,MALE,85+,18,131,111,8,0,3,0,2,7
09,001,190,Western Connecticut Planning Region,04720,Bethel town,FEMALE,00--04,1,474,301,16,1,18,0,23,115
09,001,190,Western Connecticut Planning Region,04720,Bethel town,FEMALE,05--09,2,592,365,24,0,43,0,28,132
09,001,190,Western Connecticut Planning Region,04720,Bethel town,FEMALE,10--14,3,683,441,36,1,49,0,28,128
09,001,190,Western Connecticut Planning Region,04720,Bethel town,FEMALE,15--19,4,559,380,30,0,38,0,25,86
09,001,190,Western Connecticut Planning Region,04720,Bethel town,FEMALE,20--24,5,534,377,25,0,39,0,21,72
09,001,190,Western Connecticut Planning Region,04720,Bethel town,FEMALE,25--29,6,510,352,16,0,26,0,11,105
09,001,190,Western Connecticut Planning Region,04720,Bethel town,FEMALE,30--34,7,553,370,23,0,56,0,10,94
09,001,190,Western Connecticut Planning Region,04720,Bethel town,FEMALE,35--39,8,654,436,36,3,55,0,11,113
09,001,190,Western Connecticut Planning Region,04720,Bethel town,FEMALE,40--44,9,731,525,26,1,60,0,9,110
09,001,190,Western Connecticut Planning Region,04720,Bethel town,FEMALE,45--49,10,677,495,31,0,54,0,14,83
09,001,190,Western Connecticut Planning Region,04720,Bethel town,FEMALE,50--54,11,763,588,40,0,50,0,12,73
09,001,190,Western Connecticut Planning Region,04720,Bethel town,FEMALE,55--59,12,871,724,18,0,47,0,9,73
09,001,190,Western Connecticut Planning Region,04720,Bethel town,FEMALE,60--64,13,777,663,11,0,40,0,3,60
09,001,190,Western Connecticut Planning Region,04720,Bethel town,FEMALE,65--69,14,646,567,10,0,30,0,3,36
09,001,190,Western Connecticut Planning Region,04720,Bethel town,FEMALE,70--74,15,538,492,13,0,22,0,2,9
09,001,190,Western Connecticut Planning Region,04720,Bethel town,FEMALE,75--79,16,379,342,5,0,12,0,4,16
09,001,190,Western Connecticut Planning Region,04720,Bethel town,FEMALE,80--84,17,221,208,0,0,7,0,2,4
09,001,190,Western Connecticut Planning Region,04720,Bethel town,FEMALE,85+,18,280,260,2,2,7,0,1,8
09,001,120,Greater Bridgeport Planning Region,08070,Bridgeport town,MALE,00--04,1,4429,533,1387,7,93,1,116,2292
09,001,120,Greater Bridgeport Planning Region,08070,Bridgeport town,MALE,05--09,2,4664,441,1624,10,140,0,105,2344
09,001,120,Greater Bridgeport Planning Region,08070,Bridgeport town,MALE,10--14,3,5243,438,1777,11,129,3,115,2770
09,001,120,Greater Bridgeport Planning Region,08070,Bridgeport town,MALE,15--19,4,5288,622,1783,4,144,1,94,2640
09,001,120,Greater Bridgeport Planning Region,08070,Bridgeport town,MALE,20--24,5,5725,1001,1914,7,199,3,129,2472
09,001,120,Greater Bridgeport Planning Region,08070,Bridgeport town,MALE,25--29,6,5607,1001,1873,3,226,0,89,2415
09,001,120,Greater Bridgeport Planning Region,08070,Bridgeport town,MALE,30--34,7,5201,946,1663,9,169,1,67,2346
09,001,120,Greater Bridgeport Planning Region,08070,Bridgeport town,MALE,35--39,8,5257,911,1721,10,182,4,96,2333
09,001,120,Greater Bridgeport Planning Region,08070,Bridgeport town,MALE,40--44,9,4818,832,1545,2,102,1,76,2260
09,001,120,Greater Bridgeport Planning Region,08070,Bridgeport town,MALE,45--49,10,4318,791,1351,17,147,0,58,1954
09,001,120,Greater Bridgeport Planning Region,08070,Bridgeport town,MALE,50--54,11,4619,919,1677,7,143,0,43,1830
09,001,120,Greater Bridgeport Planning Region,08070,Bridgeport town,MALE,55--59,12,4648,1182,1600,12,130,0,75,1649
09,001,120,Greater Bridgeport Planning Region,08070,Bridgeport town,MALE,60--64,13,4072,1215,1378,13,98,0,57,1311
09,001,120,Greater Bridgeport Planning Region,08070,Bridgeport town,MALE,65--69,14,3017,1026,986,3,107,0,31,864
09,001,120,Greater Bridgeport Planning Region,08070,Bridgeport town,MALE,70--74,15,2177,771,674,2,63,0,29,638
09,001,120,Greater Bridgeport Planning Region,08070,Bridgeport town,MALE,75--79,16,1295,505,374,0,36,0,18,362
09,001,120,Greater Bridgeport Planning Region,08070,Bridgeport town,MALE,80--84,17,711,321,170,0,24,0,11,185
09,001,120,Greater Bridgeport Planning Region,08070,Bridgeport town,MALE,85+,18,655,368,119,3,10,1,14,140
09,001,120,Greater Bridgeport Planning Region,08070,Bridgeport town,FEMALE,00--04,1,4403,540,1444,9,92,1,138,2179
09,001,120,Greater Bridgeport Planning Region,08070,Bridgeport town,FEMALE,05--09,2,4661,434,1483,14,108,0,131,2491
09,001,120,Greater Bridgeport Planning Region,08070,Bridgeport town,FEMALE,10--14,3,4987,426,1704,12,123,2,121,2599
09,001,120,Greater Bridgeport Planning Region,08070,Bridgeport town,FEMALE,15--19,4,5358,836,1743,13,123,3,115,2525
09,001,120,Greater Bridgeport Planning Region,08070,Bridgeport town,FEMALE,20--24,5,5963,1213,1918,6,171,1,132,2522
09,001,120,Greater Bridgeport Planning Region,08070,Bridgeport town,FEMALE,25--29,6,5631,920,1996,16,162,3,106,2428
09,001,120,Greater Bridgeport Planning Region,08070,Bridgeport town,FEMALE,30--34,7,5587,945,1931,9,179,1,108,2414
09,001,120,Greater Bridgeport Planning Region,08070,Bridgeport town,FEMALE,35--39,8,5375,837,1812,10,144,2,78,2492
09,001,120,Greater Bridgeport Planning Region,08070,Bridgeport town,FEMALE,40--44,9,5100,734,1798,13,172,1,76,2306
09,001,120,Greater Bridgeport Planning Region,08070,Bridgeport town,FEMALE,45--49,10,4534,699,1683,5,140,1,64,1942
09,001,120,Greater Bridgeport Planning Region,08070,Bridgeport town,FEMALE,50--54,11,4886,802,1897,15,152,0,65,1955
09,001,120,Greater Bridgeport Planning Region,08070,Bridgeport town,FEMALE,55--59,12,4890,1077,1950,13,111,4,67,1668
09,001,120,Greater Bridgeport Planning Region,08070,Bridgeport town,FEMALE,60--64,13,4473,1278,1687,4,129,0,57,1318
09,001,120,Greater Bridgeport Planning Region,08070,Bridgeport town,FEMALE,65--69,14,3469,1028,1226,14,126,0,39,1036
09,001,120,Greater Bridgeport Planning Region,08070,Bridgeport town,FEMALE,70--74,15,2705,857,924,3,90,3,33,795
09,001,120,Greater Bridgeport Planning Region,08070,Bridgeport town,FEMALE,75--79,16,1824,621,591,1,44,0,27,540
09,001,120,Greater Bridgeport Planning Region,08070,Bridgeport town,FEMALE,80--84,17,1289,519,408,0,25,0,10,327
09,001,120,Greater Bridgeport Planning Region,08070,Bridgeport town,FEMALE,85+,18,1455,860,313,1,29,2,16,234
09,001,190,Western Connecticut Planning Region,08980,Brookfield town,MALE,00--04,1,371,264,10,1,18,0,25,53
09,001,190,Western Connecticut Planning Region,08980,Brookfield town,MALE,05--09,2,498,366,11,1,37,0,14,69
09,001,190,Western Connecticut Planning Region,08980,Brookfield town,MALE,10--14,3,559,418,7,1,41,0,13,79
09,001,190,Western Connecticut Planning Region,08980,Brookfield town,MALE,15--19,4,568,445,21,0,31,0,10,61
09,001,190,Western Connecticut Planning Region,08980,Brookfield town,MALE,20--24,5,477,401,5,0,24,1,12,34
09,001,190,Western Connecticut Planning Region,08980,Brookfield town,MALE,25--29,6,422,340,8,0,10,0,15,49
09,001,190,Western Connecticut Planning Region,08980,Brookfield town,MALE,30--34,7,419,329,8,0,21,0,9,52
09,001,190,Western Connecticut Planning Region,08980,Brookfield town,MALE,35--39,8,479,356,10,0,37,0,6,70
09,001,190,Western Connecticut Planning Region,08980,Brookfield town,MALE,40--44,9,505,391,21,0,44,0,11,38
09,001,190,Western Connecticut Planning Region,08980,Brookfield town,MALE,45--49,10,562,455,19,1,37,1,12,37
09,001,190,Western Connecticut Planning Region,08980,Brookfield town,MALE,50--54,11,649,565,9,0,45,0,7,23
09,001,190,Western Connecticut Planning Region,08980,Brookfield town,MALE,55--59,12,759,679,9,0,27,0,9,35
09,001,190,Western Connecticut Planning Region,08980,Brookfield town,MALE,60--64,13,704,634,17,1,25,0,2,25
09,001,190,Western Connecticut Planning Region,08980,Brookfield town,MALE,65--69,14,547,504,5,0,19,1,2,16
09,001,190,Western Connecticut Planning Region,08980,Brookfield town,MALE,70--74,15,409,370,5,0,16,0,1,17
09,001,190,Western Connecticut Planning Region,08980,Brookfield town,MALE,75--79,16,269,255,0,0,3,0,0,11
09,001,190,Western Connecticut Planning Region,08980,Brookfield town,MALE,80--84,17,176,153,2,0,8,0,0,13
09,001,190,Western Connecticut Planning Region,08980,Brookfield town,MALE,85+,18,124,119,2,0,0,0,0,3
09,001,190,Western Connecticut Planning Region,08980,Brookfield town,FEMALE,00--04,1,389,272,19,2,18,0,22,56
09,001,190,Western Connecticut Planning Region,08980,Brookfield town,FEMALE,05--09,2,479,339,6,1,26,0,32,75
09,001,190,Western Connecticut Planning Region,08980,Brookfield town,FEMALE,10--14,3,567,388,14,0,42,0,25,98
09,001,190,Western Connecticut Planning Region,08980,Brookfield town,FEMALE,15--19,4,553,404,17,0,52,0,17,63
09,001,190,Western Connecticut Planning Region,08980,Brookfield town,FEMALE,20--24,5,451,363,16,0,30,0,6,36
09,001,190,Western Connecticut Planning Region,08980,Brookfield town,FEMALE,25--29,6,383,322,2,0,19,0,8,32
09,001,190,Western Connecticut Planning Region,08980,Brookfield town,FEMALE,30--34,7,406,311,11,0,35,0,10,39
09,001,190,Western Connecticut Planning Region,08980,Brookfield town,FEMALE,35--39,8,516,388,14,0,43,0,12,59
09,001,190,Western Connecticut Planning Region,08980,Brookfield town,FEMALE,40--44,9,532,390,6,0,53,0,9,74
09,001,190,Western Connecticut Planning Region,08980,Brookfield town,FEMALE,45--49,10,571,466,11,3,50,0,8,33
09,001,190,Western Connecticut Planning Region,08980,Brookfield town,FEMALE,50--54,11,739,612,16,0,43,0,10,58
09,001,190,Western Connecticut Planning Region,08980,Brookfield town,FEMALE,55--59,12,816,718,15,0,24,0,16,43
09,001,190,Western Connecticut Planning Region,08980,Brookfield town,FEMALE,60--64,13,719,627,15,0,29,0,7,41
09,001,190,Western Connecticut Planning Region,08980,Brookfield town,FEMALE,65--69,14,613,554,9,0,17,0,10,23
09,001,190,Western Connecticut Planning Region,08980,Brookfield town,FEMALE,70--74,15,471,429,11,0,14,0,1,16
09,001,190,Western Connecticut Planning Region,08980,Brookfield town,FEMALE,75--79,16,340,313,2,0,10,0,0,15
09,001,190,Western Connecticut Planning Region,08980,Brookfield town,FEMALE,80--84,17,217,201,4,0,4,0,0,8
09,001,190,Western Connecticut Planning Region,08980,Brookfield town,FEMALE,85+,18,224,215,4,0,1,0,2,2
09,001,190,Western Connecticut Planning Region,18500,Danbury town,MALE,00--04,1,2387,882,164,2,157,0,95,1087
09,001,190,Western Connecticut Planning Region,18500,Danbury town,MALE,05--09,2,2447,792,210,2,143,1,91,1208
09,001,190,Western Connecticut Planning Region,18500,Danbury town,MALE,10--14,3,2615,916,193,6,132,0,82,1286
09,001,190,Western Connecticut Planning Region,18500,Danbury town,MALE,15--19,4,2718,1042,231,5,127,1,82,1230
09,001,190,Western Connecticut Planning Region,18500,Danbury town,MALE,20--24,5,3101,1383,256,7,172,4,107,1172
09,001,190,Western Connecticut Planning Region,18500,Danbury town,MALE,25--29,6,2964,1281,215,3,183,2,66,1214
09,001,190,Western Connecticut Planning Region,18500,Danbury town,MALE,30--34,7,3298,1423,247,5,265,0,57,1301
09,001,190,Western Connecticut Planning Region,18500,Danbury town,MALE,35--39,8,3472,1437,285,2,283,1,49,1415
09,001,190,Western Connecticut Planning Region,18500,Danbury town,MALE,40--44,9,3186,1408,323,3,184,1,30,1237
09,001,190,Western Connecticut Planning Region,18500,Danbury town,MALE,45--49,10,2824,1269,277,3,186,0,35,1054
09,001,190,Western Connecticut Planning Region,18500,Danbury town,MALE,50--54,11,2961,1644,223,11,203,0,38,842
09,001,190,Western Connecticut Planning Region,18500,Danbury town,MALE,55--59,12,3004,1900,206,1,184,1,53,659
09,001,190,Western Connecticut Planning Region,18500,Danbury town,MALE,60--64,13,2750,1914,162,1,186,0,19,468
09,001,190,Western Connecticut Planning Region,18500,Danbury town,MALE,65--69,14,2177,1630,125,1,126,0,33,262
09,001,190,Western Connecticut Planning Region,18500,Danbury town,MALE,70--74,15,1528,1151,62,5,102,0,15,193
09,001,190,Western Connecticut Planning Region,18500,Danbury town,MALE,75--79,16,952,755,49,0,57,0,2,89
09,001,190,Western Connecticut Planning Region,18500,Danbury town,MALE,80--84,17,546,445,25,1,33,0,3,39
09,001,190,Western Connecticut Planning Region,18500,Danbury town,MALE,85+,18,523,439,20,0,21,0,2,41
09,001,190,Western Connecticut Planning Region,18500,Danbury town,FEMALE,00--04,1,2461,893,191,2,141,0,105,1129
09,001,190,Western Connecticut Planning Region,18500,Danbury town,FEMALE,05--09,2,2391,820,172,5,159,0,104,1131
09,001,190,Western Connecticut Planning Region,18500,Danbury town,FEMALE,10--14,3,2473,887,213,3,129,0,86,1155
09,001,190,Western Connecticut Planning Region,18500,Danbury town,FEMALE,15--19,4,2393,861,196,9,195,2,93,1037
09,001,190,Western Connecticut Planning Region,18500,Danbury town,FEMALE,20--24,5,2970,1428,212,1,128,10,100,1091
09,001,190,Western Connecticut Planning Region,18500,Danbury town,FEMALE,25--29,6,2897,1246,243,4,216,0,72,1116
09,001,190,Western Connecticut Planning Region,18500,Danbury town,FEMALE,30--34,7,3055,1366,243,2,253,0,46,1145
09,001,190,Western Connecticut Planning Region,18500,Danbury town,FEMALE,35--39,8,2997,1254,274,2,256,4,49,1158
09,001,190,Western Connecticut Planning Region,18500,Danbury town,FEMALE,40--44,9,2956,1221,309,8,211,0,44,1163
09,001,190,Western Connecticut Planning Region,18500,Danbury town,FEMALE,45--49,10,2786,1295,243,2,228,1,55,962
09,001,190,Western Connecticut Planning Region,18500,Danbury town,FEMALE,50--54,11,2976,1621,278,2,196,0,57,822
09,001,190,Western Connecticut Planning Region,18500,Danbury town,FEMALE,55--59,12,3100,1955,254,1,212,0,49,629
09,001,190,Western Connecticut Planning Region,18500,Danbury town,FEMALE,60--64,13,2812,1954,208,1,184,0,18,447
09,001,190,Western Connecticut Planning Region,18500,Danbury town,FEMALE,65--69,14,2319,1721,128,0,134,0,18,318
09,001,190,Western Connecticut Planning Region,18500,Danbury town,FEMALE,70--74,15,1776,1336,115,1,82,0,9,233
09,001,190,Western Connecticut Planning Region,18500,Danbury town,FEMALE,75--79,16,1196,926,81,0,69,0,14,106
09,001,190,Western Connecticut Planning Region,18500,Danbury town,FEMALE,80--84,17,792,604,54,0,36,0,4,94
09,001,190,Western Connecticut Planning Region,18500,Danbury town,FEMALE,85+,18,958,815,24,1,23,0,6,89
09,001,190,Western Connecticut Planning Region,18850,Darien town,MALE,00--04,1,688,560,5,0,43,0,39,41
09,001,190,Western Connecticut Planning Region,18850,Darien town,MALE,05--09,2,962,771,5,0,57,0,60,69
09,001,190,Western Connecticut Planning Region,18850,Darien town,MALE,10--14,3,1102,907,11,0,72,0,50,62
09,001,190,Western Connecticut Planning Region,18850,Darien town,MALE,15--19,4,1027,877,13,2,51,1,27,56
09,001,190,Western Connecticut Planning Region,18850,Darien town,MALE,20--24,5,498,443,3,0,8,0,7,37
09,001,190,Western Connecticut Planning Region,18850,Darien town,MALE,25--29,6,257,212,2,2,12,0,5,24
09,001,190,Western Connecticut Planning Region,18850,Darien town,MALE,30--34,7,312,262,1,2,12,0,9,26
09,001,190,Western Connecticut Planning Region,18850,Darien town,MALE,35--39,8,572,483,6,1,40,0,10,32
09,001,190,Western Connecticut Planning Region,18850,Darien town,MALE,40--44,9,786,665,3,0,70,1,14,33
09,001,190,Western Connecticut Planning Region,18850,Darien town,MALE,45--49,10,813,680,10,1,74,0,5,43
09,001,190,Western Connecticut Planning Region,18850,Darien town,MALE,50--54,11,897,808,2,0,38,1,5,43
09,001,190,Western Connecticut Planning Region,18850,Darien town,MALE,55--59,12,795,707,6,0,38,0,5,39
09,001,190,Western Connecticut Planning Region,18850,Darien town,MALE,60--64,13,664,610,3,0,24,2,4,21
09,001,190,Western Connecticut Planning Region,18850,Darien town,MALE,65--69,14,430,400,5,0,3,0,2,20
09,001,190,Western Connecticut Planning Region,18850,Darien town,MALE,70--74,15,312,286,3,0,15,0,3,5
09,001,190,Western Connecticut Planning Region,18850,Darien town,MALE,75--79,16,242,225,0,0,7,0,1,9
09,001,190,Western Connecticut Planning Region,18850,Darien town,MALE,80--84,17,133,122,0,0,4,0,3,4
09,001,190,Western Connecticut Planning Region,18850,Darien town,MALE,85+,18,142,132,1,0,3,0,0,6
09,001,190,Western Connecticut Planning Region,18850,Darien town,FEMALE,00--04,1,697,591,4,1,24,0,28,49
09,001,190,Western Connecticut Planning Region,18850,Darien town,FEMALE,05--09,2,872,711,2,1,43,0,56,59
09,001,190,Western Connecticut Planning Region,18850,Darien town,FEMALE,10--14,3,1053,859,9,0,60,0,43,82
09,001,190,Western Connecticut Planning Region,18850,Darien town,FEMALE,15--19,4,962,805,6,0,52,0,38,61
09,001,190,Western Connecticut Planning Region,18850,Darien town,FEMALE,20--24,5,510,426,3,1,16,0,18,46
09,001,190,Western Connecticut Planning Region,18850,Darien town,FEMALE,25--29,6,266,205,9,1,11,0,15,25
09,001,190,Western Connecticut Planning Region,18850,Darien town,FEMALE,30--34,7,357,294,8,1,20,1,13,20
09,001,190,Western Connecticut Planning Region,18850,Darien town,FEMALE,35--39,8,656,534,6,0,66,0,3,47
09,001,190,Western Connecticut Planning Region,18850,Darien town,FEMALE,40--44,9,785,626,4,0,94,0,8,53
09,001,190,Western Connecticut Planning Region,18850,Darien town,FEMALE,45--49,10,918,743,12,1,84,1,14,63
09,001,190,Western Connecticut Planning Region,18850,Darien town,FEMALE,50--54,11,897,774,7,0,59,1,6,50
09,001,190,Western Connecticut Planning Region,18850,Darien town,FEMALE,55--59,12,794,710,8,1,27,0,9,39
09,001,190,Western Connecticut Planning Region,18850,Darien town,FEMALE,60--64,13,627,557,6,1,32,0,6,25
09,001,190,Western Connecticut Planning Region,18850,Darien town,FEMALE,65--69,14,446,415,3,1,20,0,0,7
09,001,190,Western Connecticut Planning Region,18850,Darien town,FEMALE,70--74,15,326,309,4,0,2,0,0,11
09,001,190,Western Connecticut Planning Region,18850,Darien town,FEMALE,75--79,16,260,244,1,0,8,0,3,4
09,001,190,Western Connecticut Planning Region,18850,Darien town,FEMALE,80--84,17,192,179,1,0,7,0,0,5
09,001,190,Western Connecticut Planning Region,18850,Darien town,FEMALE,85+,18,250,228,4,0,9,0,0,9
09,001,120,Greater Bridgeport Planning Region,23890,Easton town,MALE,00--04,1,206,165,3,0,7,0,10,21
09,001,120,Greater Bridgeport Planning Region,23890,Easton town,MALE,05--09,2,225,178,5,0,13,0,12,17
09,001,120,Greater Bridgeport Planning Region,23890,Easton town,MALE,10--14,3,307,255,5,4,12,0,11,20
09,001,120,Greater Bridgeport Planning Region,23890,Easton town,MALE,15--19,4,293,246,0,0,9,0,19,19
09,001,120,Greater Bridgeport Planning Region,23890,Easton town,MALE,20--24,5,204,174,1,0,7,0,3,19
09,001,120,Greater Bridgeport Planning Region,23890,Easton town,MALE,25--29,6,135,113,3,0,11,0,1,7
09,001,120,Greater Bridgeport Planning Region,23890,Easton town,MALE,30--34,7,131,112,1,0,6,0,3,9
09,001,120,Greater Bridgeport Planning Region,23890,Easton town,MALE,35--39,8,184,150,4,0,8,0,3,19
09,001,120,Greater Bridgeport Planning Region,23890,Easton town,MALE,40--44,9,217,185,4,1,14,0,4,9
09,001,120,Greater Bridgeport Planning Region,23890,Easton town,MALE,45--49,10,254,217,2,0,13,0,9,13
09,001,120,Greater Bridgeport Planning Region,23890,Easton town,MALE,50--54,11,296,264,9,0,7,0,2,14
09,001,120,Greater Bridgeport Planning Region,23890,Easton town,MALE,55--59,12,367,324,6,0,9,0,3,25
09,001,120,Greater Bridgeport Planning Region,23890,Easton town,MALE,60--64,13,345,311,7,0,13,0,6,8
09,001,120,Greater Bridgeport Planning Region,23890,Easton town,MALE,65--69,14,246,225,2,0,5,0,5,9
09,001,120,Greater Bridgeport Planning Region,23890,Easton town,MALE,70--74,15,176,166,0,0,7,0,0,3
09,001,120,Greater Bridgeport Planning Region,23890,Easton town,MALE,75--79,16,134,123,4,0,3,0,1,3
09,001,120,Greater Bridgeport Planning Region,23890,Easton town,MALE,80--84,17,83,76,2,0,2,0,3,0
09,001,120,Greater Bridgeport Planning Region,23890,Easton town,MALE,85+,18,63,58,2,0,2,0,0,1
09,001,120,Greater Bridgeport Planning Region,23890,Easton town,FEMALE,00--04,1,167,126,2,0,11,0,13,15
09,001,120,Greater Bridgeport Planning Region,23890,Easton town,FEMALE,05--09,2,214,164,5,0,10,0,13,22
09,001,120,Greater Bridgeport Planning Region,23890,Easton town,FEMALE,10--14,3,295,235,7,0,9,0,15,29
09,001,120,Greater Bridgeport Planning Region,23890,Easton town,FEMALE,15--19,4,247,214,3,0,13,0,0,17
09,001,120,Greater Bridgeport Planning Region,23890,Easton town,FEMALE,20--24,5,207,170,6,0,10,0,5,16
09,001,120,Greater Bridgeport Planning Region,23890,Easton town,FEMALE,25--29,6,115,101,2,0,4,0,3,5
09,001,120,Greater Bridgeport Planning Region,23890,Easton town,FEMALE,30--34,7,142,121,1,0,10,0,4,6
09,001,120,Greater Bridgeport Planning Region,23890,Easton town,FEMALE,35--39,8,220,180,0,0,17,0,7,16
09,001,120,Greater Bridgeport Planning Region,23890,Easton town,FEMALE,40--44,9,201,167,3,0,18,0,3,10
09,001,120,Greater Bridgeport Planning Region,23890,Easton town,FEMALE,45--49,10,262,215,6,1,14,0,8,18
09,001,120,Greater Bridgeport Planning Region,23890,Easton town,FEMALE,50--54,11,313,260,9,0,14,0,5,25
09,001,120,Greater Bridgeport Planning Region,23890,Easton town,FEMALE,55--59,12,365,325,4,0,14,0,5,17
09,001,120,Greater Bridgeport Planning Region,23890,Easton town,FEMALE,60--64,13,311,285,4,0,13,0,2,7
09,001,120,Greater Bridgeport Planning Region,23890,Easton town,FEMALE,65--69,14,214,199,0,0,8,0,0,7
09,001,120,Greater Bridgeport Planning Region,23890,Easton town,FEMALE,70--74,15,172,157,3,0,6,1,0,5
09,001,120,Greater Bridgeport Planning Region,23890,Easton town,FEMALE,75--79,16,116,108,1,0,4,0,0,3
09,001,120,Greater Bridgeport Planning Region,23890,Easton town,FEMALE,80--84,17,73,72,0,0,1,0,0,0
09,001,120,Greater Bridgeport Planning Region,23890,Easton town,FEMALE,85+,18,94,86,1,0,1,0,0,6
09,001,120,Greater Bridgeport Planning Region,26620,Fairfield town,MALE,00--04,1,1498,1159,28,1,69,1,84,156
09,001,120,Greater Bridgeport Planning Region,26620,Fairfield town,MALE,05--09,2,1827,1375,40,0,97,0,111,204
09,001,120,Greater Bridgeport Planning Region,26620,Fairfield town,MALE,10--14,3,2193,1709,41,3,128,0,103,209
09,001,120,Greater Bridgeport Planning Region,26620,Fairfield town,MALE,15--19,4,2989,2399,59,1,102,0,104,324
09,001,120,Greater Bridgeport Planning Region,26620,Fairfield town,MALE,20--24,5,2276,1883,41,1,65,0,61,225
09,001,120,Greater Bridgeport Planning Region,26620,Fairfield town,MALE,25--29,6,1010,779,36,0,59,0,34,102
09,001,120,Greater Bridgeport Planning Region,26620,Fairfield town,MALE,30--34,7,1222,1008,17,2,49,0,22,124
09,001,120,Greater Bridgeport Planning Region,26620,Fairfield town,MALE,35--39,8,1544,1216,59,0,105,0,22,142
09,001,120,Greater Bridgeport Planning Region,26620,Fairfield town,MALE,40--44,9,1709,1359,51,0,128,0,28,143
09,001,120,Greater Bridgeport Planning Region,26620,Fairfield town,MALE,45--49,10,1993,1623,39,1,144,1,23,162
09,001,120,Greater Bridgeport Planning Region,26620,Fairfield town,MALE,50--54,11,2302,1978,31,0,121,0,25,147
09,001,120,Greater Bridgeport Planning Region,26620,Fairfield town,MALE,55--59,12,2241,1990,50,0,82,0,12,107
09,001,120,Greater Bridgeport Planning Region,26620,Fairfield town,MALE,60--64,13,2031,1834,30,0,81,0,6,80
09,001,120,Greater Bridgeport Planning Region,26620,Fairfield town,MALE,65--69,14,1535,1423,19,0,48,0,14,31
09,001,120,Greater Bridgeport Planning Region,26620,Fairfield town,MALE,70--74,15,1156,1082,9,0,27,0,13,25
09,001,120,Greater Bridgeport Planning Region,26620,Fairfield town,MALE,75--79,16,816,754,9,0,24,0,0,29
09,001,120,Greater Bridgeport Planning Region,26620,Fairfield town,MALE,80--84,17,514,470,9,0,23,0,0,12
09,001,120,Greater Bridgeport Planning Region,26620,Fairfield town,MALE,85+,18,504,471,13,0,7,0,2,11
09,001,120,Greater Bridgeport Planning Region,26620,Fairfield town,FEMALE,00--04,1,1458,1119,26,2,82,0,88,141
09,001,120,Greater Bridgeport Planning Region,26620,Fairfield town,FEMALE,05--09,2,1728,1279,51,0,103,0,94,201
09,001,120,Greater Bridgeport Planning Region,26620,Fairfield town,FEMALE,10--14,3,2124,1641,42,2,132,1,117,189
09,001,120,Greater Bridgeport Planning Region,26620,Fairfield town,FEMALE,15--19,4,4144,3359,57,2,140,0,146,440
09,001,120,Greater Bridgeport Planning Region,26620,Fairfield town,FEMALE,20--24,5,2686,2178,47,0,72,0,38,351
09,001,120,Greater Bridgeport Planning Region,26620,Fairfield town,FEMALE,25--29,6,995,753,44,0,56,2,27,113
09,001,120,Greater Bridgeport Planning Region,26620,Fairfield town,FEMALE,30--34,7,1294,1038,37,0,67,0,18,134
09,001,120,Greater Bridgeport Planning Region,26620,Fairfield town,FEMALE,35--39,8,1719,1327,65,1,141,0,37,148
09,001,120,Greater Bridgeport Planning Region,26620,Fairfield town,FEMALE,40--44,9,1888,1450,60,2,169,0,31,176
09,001,120,Greater Bridgeport Planning Region,26620,Fairfield town,FEMALE,45--49,10,2117,1715,47,2,177,0,14,162
09,001,120,Greater Bridgeport Planning Region,26620,Fairfield town,FEMALE,50--54,11,2302,1961,50,0,119,0,20,152
09,001,120,Greater Bridgeport Planning Region,26620,Fairfield town,FEMALE,55--59,12,2397,2121,43,0,101,0,24,108
09,001,120,Greater Bridgeport Planning Region,26620,Fairfield town,FEMALE,60--64,13,2052,1824,39,1,81,0,24,83
09,001,120,Greater Bridgeport Planning Region,26620,Fairfield town,FEMALE,65--69,14,1688,1536,20,1,69,0,7,55
09,001,120,Greater Bridgeport Planning Region,26620,Fairfield town,FEMALE,70--74,15,1319,1202,14,1,41,0,7,54
09,001,120,Greater Bridgeport Planning Region,26620,Fairfield town,FEMALE,75--79,16,1037,976,14,0,27,0,2,18
09,001,120,Greater Bridgeport Planning Region,26620,Fairfield town,FEMALE,80--84,17,661,611,2,0,15,0,6,27
09,001,120,Greater Bridgeport Planning Region,26620,Fairfield town,FEMALE,85+,18,979,917,17,0,14,0,1,30
09,001,190,Western Connecticut Planning Region,33620,Greenwich town,MALE,00--04,1,1648,1181,25,0,115,2,110,215
09,001,190,Western Connecticut Planning Region,33620,Greenwich town,MALE,05--09,2,2125,1478,43,0,179,0,127,298
09,001,190,Western Connecticut Planning Region,33620,Greenwich town,MALE,10--14,3,2477,1668,45,4,194,0,156,410
09,001,190,Western Connecticut Planning Region,33620,Greenwich town,MALE,15--19,4,2345,1608,57,1,137,0,120,422
09,001,190,Western Connecticut Planning Region,33620,Greenwich town,MALE,20--24,5,1662,1215,46,0,74,0,55,272
09,001,190,Western Connecticut Planning Region,33620,Greenwich town,MALE,25--29,6,1181,828,14,0,93,3,40,203
09,001,190,Western Connecticut Planning Region,33620,Greenwich town,MALE,30--34,7,1170,801,17,1,107,0,34,210
09,001,190,Western Connecticut Planning Region,33620,Greenwich town,MALE,35--39,8,1656,1190,32,1,150,1,35,247
09,001,190,Western Connecticut Planning Region,33620,Greenwich town,MALE,40--44,9,2082,1465,36,0,224,0,21,336
09,001,190,Western Connecticut Planning Region,33620,Greenwich town,MALE,45--49,10,2054,1465,58,4,197,3,28,299
09,001,190,Western Connecticut Planning Region,33620,Greenwich town,MALE,50--54,11,2487,1944,45,3,198,0,43,254
09,001,190,Western Connecticut Planning Region,33620,Greenwich town,MALE,55--59,12,2383,1955,37,0,166,2,23,200
09,001,190,Western Connecticut Planning Region,33620,Greenwich town,MALE,60--64,13,2184,1844,41,0,125,0,21,153
09,001,190,Western Connecticut Planning Region,33620,Greenwich town,MALE,65--69,14,1795,1580,31,0,83,0,13,88
09,001,190,Western Connecticut Planning Region,33620,Greenwich town,MALE,70--74,15,1259,1099,7,3,64,0,10,76
09,001,190,Western Connecticut Planning Region,33620,Greenwich town,MALE,75--79,16,976,887,9,0,33,1,5,41
09,001,190,Western Connecticut Planning Region,33620,Greenwich town,MALE,80--84,17,690,622,7,1,27,0,1,32
09,001,190,Western Connecticut Planning Region,33620,Greenwich town,MALE,85+,18,620,565,6,0,25,0,2,22
09,001,190,Western Connecticut Planning Region,33620,Greenwich town,FEMALE,00--04,1,1532,1089,9,1,116,0,86,231
09,001,190,Western Connecticut Planning Region,33620,Greenwich town,FEMALE,05--09,2,2016,1325,52,1,163,0,134,341
09,001,190,Western Connecticut Planning Region,33620,Greenwich town,FEMALE,10--14,3,2362,1576,48,0,191,0,154,393
09,001,190,Western Connecticut Planning Region,33620,Greenwich town,FEMALE,15--19,4,2186,1514,55,2,120,0,126,369
09,001,190,Western Connecticut Planning Region,33620,Greenwich town,FEMALE,20--24,5,1677,1179,49,0,102,0,47,300
09,001,190,Western Connecticut Planning Region,33620,Greenwich town,FEMALE,25--29,6,1176,793,43,2,112,0,36,190
09,001,190,Western Connecticut Planning Region,33620,Greenwich town,FEMALE,30--34,7,1301,902,42,0,117,0,38,202
09,001,190,Western Connecticut Planning Region,33620,Greenwich town,FEMALE,35--39,8,1823,1270,41,1,193,2,28,288
09,001,190,Western Connecticut Planning Region,33620,Greenwich town,FEMALE,40--44,9,2193,1447,70,3,281,1,33,358
09,001,190,Western Connecticut Planning Region,33620,Greenwich town,FEMALE,45--49,10,2334,1587,77,0,275,1,37,357
09,001,190,Western Connecticut Planning Region,33620,Greenwich town,FEMALE,50--54,11,2649,1971,68,1,239,0,38,332
09,001,190,Western Connecticut Planning Region,33620,Greenwich town,FEMALE,55--59,12,2587,2031,67,2,196,1,24,266
09,001,190,Western Connecticut Planning Region,33620,Greenwich town,FEMALE,60--64,13,2423,1980,54,2,148,0,41,198
09,001,190,Western Connecticut Planning Region,33620,Greenwich town,FEMALE,65--69,14,1814,1520,34,1,118,1,10,130
09,001,190,Western Connecticut Planning Region,33620,Greenwich town,FEMALE,70--74,15,1572,1342,35,0,95,0,12,88
09,001,190,Western Connecticut Planning Region,33620,Greenwich town,FEMALE,75--79,16,1122,990,12,1,55,0,3,61
09,001,190,Western Connecticut Planning Region,33620,Greenwich town,FEMALE,80--84,17,867,740,12,0,38,0,3,74
09,001,190,Western Connecticut Planning Region,33620,Greenwich town,FEMALE,85+,18,1085,898,22,0,27,0,4,134
09,001,120,Greater Bridgeport Planning Region,48620,Monroe town,MALE,00--04,1,447,352,16,0,8,0,22,49
09,001,120,Greater Bridgeport Planning Region,48620,Monroe town,MALE,05--09,2,536,415,14,0,19,0,30,58
09,001,120,Greater Bridgeport Planning Region,48620,Monroe town,MALE,10--14,3,629,470,19,0,36,0,22,82
09,001,120,Greater Bridgeport Planning Region,48620,Monroe town,MALE,15--19,4,670,546,13,0,23,0,19,69
09,001,120,Greater Bridgeport Planning Region,48620,Monroe town,MALE,20--24,5,585,472,17,0,27,0,22,47
09,001,120,Greater Bridgeport Planning Region,48620,Monroe town,MALE,25--29,6,392,338,14,0,9,0,8,23
09,001,120,Greater Bridgeport Planning Region,48620,Monroe town,MALE,30--34,7,443,371,11,0,7,0,9,45
09,001,120,Greater Bridgeport Planning Region,48620,Monroe town,MALE,35--39,8,514,415,8,0,33,0,7,51
09,001,120,Greater Bridgeport Planning Region,48620,Monroe town,MALE,40--44,9,603,477,14,0,31,0,15,66
09,001,120,Greater Bridgeport Planning Region,48620,Monroe town,MALE,45--49,10,617,485,18,0,41,0,22,51
09,001,120,Greater Bridgeport Planning Region,48620,Monroe town,MALE,50--54,11,734,654,21,1,20,0,7,31
09,001,120,Greater Bridgeport Planning Region,48620,Monroe town,MALE,55--59,12,871,787,8,0,23,0,7,46
09,001,120,Greater Bridgeport Planning Region,48620,Monroe town,MALE,60--64,13,692,630,17,2,7,0,1,35
09,001,120,Greater Bridgeport Planning Region,48620,Monroe town,MALE,65--69,14,611,567,11,0,13,0,1,19
09,001,120,Greater Bridgeport Planning Region,48620,Monroe town,MALE,70--74,15,417,386,4,2,10,0,4,11
09,001,120,Greater Bridgeport Planning Region,48620,Monroe town,MALE,75--79,16,260,242,2,0,5,0,2,9
09,001,120,Greater Bridgeport Planning Region,48620,Monroe town,MALE,80--84,17,164,158,4,0,0,0,0,2
09,001,120,Greater Bridgeport Planning Region,48620,Monroe town,MALE,85+,18,138,132,0,0,1,0,0,5
09,001,120,Greater Bridgeport Planning Region,48620,Monroe town,FEMALE,00--04,1,470,353,13,0,17,0,25,62
09,001,120,Greater Bridgeport Planning Region,48620,Monroe town,FEMALE,05--09,2,549,402,15,0,27,0,37,68
09,001,120,Greater Bridgeport Planning Region,48620,Monroe town,FEMALE,10--14,3,667,495,13,0,37,0,40,82
09,001,120,Greater Bridgeport Planning Region,48620,Monroe town,FEMALE,15--19,4,613,480,23,1,35,0,22,52
09,001,120,Greater Bridgeport Planning Region,48620,Monroe town,FEMALE,20--24,5,481,385,10,2,15,0,16,53
09,001,120,Greater Bridgeport Planning Region,48620,Monroe town,FEMALE,25--29,6,332,272,8,3,0,0,5,44
09,001,120,Greater Bridgeport Planning Region,48620,Monroe town,FEMALE,30--34,7,412,352,5,0,12,0,6,37
09,001,120,Greater Bridgeport Planning Region,48620,Monroe town,FEMALE,35--39,8,549,421,18,1,37,0,11,61
09,001,120,Greater Bridgeport Planning Region,48620,Monroe town,FEMALE,40--44,9,650,513,27,0,41,0,7,62
09,001,120,Greater Bridgeport Planning Region,48620,Monroe town,FEMALE,45--49,10,567,456,13,0,42,0,10,46
09,001,120,Greater Bridgeport Planning Region,48620,Monroe town,FEMALE,50--54,11,783,696,23,1,19,0,4,40
09,001,120,Greater Bridgeport Planning Region,48620,Monroe town,FEMALE,55--59,12,851,744,14,3,33,0,5,52
09,001,120,Greater Bridgeport Planning Region,48620,Monroe town,FEMALE,60--64,13,728,669,12,0,11,0,1,35
09,001,120,Greater Bridgeport Planning Region,48620,Monroe town,FEMALE,65--69,14,523,467,13,0,8,0,5,30
09,001,120,Greater Bridgeport Planning Region,48620,Monroe town,FEMALE,70--74,15,459,428,9,1,7,0,5,9
09,001,120,Greater Bridgeport Planning Region,48620,Monroe town,FEMALE,75--79,16,322,300,4,0,4,0,3,11
09,001,120,Greater Bridgeport Planning Region,48620,Monroe town,FEMALE,80--84,17,246,234,2,0,1,0,0,9
09,001,120,Greater Bridgeport Planning Region,48620,Monroe town,FEMALE,85+,18,241,226,2,3,4,0,0,6
09,001,190,Western Connecticut Planning Region,50580,New Canaan town,MALE,00--04,1,531,402,12,0,27,0,53,37
09,001,190,Western Connecticut Planning Region,50580,New Canaan town,MALE,05--09,2,808,639,14,0,43,0,54,58
09,001,190,Western Connecticut Planning Region,50580,New Canaan town,MALE,10--14,3,1028,826,15,1,63,0,60,63
09,001,190,Western Connecticut Planning Region,50580,New Canaan town,MALE,15--19,4,955,801,14,0,37,0,43,60
09,001,190,Western Connecticut Planning Region,50580,New Canaan town,MALE,20--24,5,504,437,16,0,17,0,4,30
09,001,190,Western Connecticut Planning Region,50580,New Canaan town,MALE,25--29,6,262,219,2,0,11,0,4,26
09,001,190,Western Connecticut Planning Region,50580,New Canaan town,MALE,30--34,7,245,199,6,0,11,0,15,14
09,001,190,Western Connecticut Planning Region,50580,New Canaan town,MALE,35--39,8,406,327,4,1,31,0,7,36
09,001,190,Western Connecticut Planning Region,50580,New Canaan town,MALE,40--44,9,668,545,17,1,61,0,14,30
09,001,190,Western Connecticut Planning Region,50580,New Canaan town,MALE,45--49,10,751,629,10,1,68,3,6,34
09,001,190,Western Connecticut Planning Region,50580,New Canaan town,MALE,50--54,11,888,776,8,0,52,0,11,41
09,001,190,Western Connecticut Planning Region,50580,New Canaan town,MALE,55--59,12,793,721,2,0,29,0,12,29
09,001,190,Western Connecticut Planning Region,50580,New Canaan town,MALE,60--64,13,726,669,7,0,24,0,3,23
09,001,190,Western Connecticut Planning Region,50580,New Canaan town,MALE,65--69,14,499,473,5,0,8,0,0,13
09,001,190,Western Connecticut Planning Region,50580,New Canaan town,MALE,70--74,15,381,370,0,0,7,0,1,3
09,001,190,Western Connecticut Planning Region,50580,New Canaan town,MALE,75--79,16,279,263,2,0,8,0,0,6
09,001,190,Western Connecticut Planning Region,50580,New Canaan town,MALE,80--84,17,179,165,1,0,11,0,1,1
09,001,190,Western Connecticut Planning Region,50580,New Canaan town,MALE,85+,18,187,172,6,0,7,0,0,2
09,001,190,Western Connecticut Planning Region,50580,New Canaan town,FEMALE,00--04,1,520,398,10,0,31,0,37,44
09,001,190,Western Connecticut Planning Region,50580,New Canaan town,FEMALE,05--09,2,794,609,8,1,60,0,47,69
09,001,190,Western Connecticut Planning Region,50580,New Canaan town,FEMALE,10--14,3,967,770,15,0,59,0,47,76
09,001,190,Western Connecticut Planning Region,50580,New Canaan town,FEMALE,15--19,4,921,748,18,0,44,0,49,62
09,001,190,Western Connecticut Planning Region,50580,New Canaan town,FEMALE,20--24,5,515,443,4,0,18,0,12,38
09,001,190,Western Connecticut Planning Region,50580,New Canaan town,FEMALE,25--29,6,240,191,6,0,12,0,6,25
09,001,190,Western Connecticut Planning Region,50580,New Canaan town,FEMALE,30--34,7,315,267,5,0,18,0,7,18
09,001,190,Western Connecticut Planning Region,50580,New Canaan town,FEMALE,35--39,8,522,411,4,0,56,0,7,44
09,001,190,Western Connecticut Planning Region,50580,New Canaan town,FEMALE,40--44,9,731,584,15,0,80,0,14,38
09,001,190,Western Connecticut Planning Region,50580,New Canaan town,FEMALE,45--49,10,852,685,14,2,85,0,10,56
09,001,190,Western Connecticut Planning Region,50580,New Canaan town,FEMALE,50--54,11,869,755,3,0,53,0,18,40
09,001,190,Western Connecticut Planning Region,50580,New Canaan town,FEMALE,55--59,12,810,731,9,0,29,0,11,30
09,001,190,Western Connecticut Planning Region,50580,New Canaan town,FEMALE,60--64,13,785,704,9,0,38,1,9,24
09,001,190,Western Connecticut Planning Region,50580,New Canaan town,FEMALE,65--69,14,494,449,3,1,21,0,1,19
09,001,190,Western Connecticut Planning Region,50580,New Canaan town,FEMALE,70--74,15,425,394,5,0,15,0,3,8
09,001,190,Western Connecticut Planning Region,50580,New Canaan town,FEMALE,75--79,16,319,302,1,0,8,0,1,7
09,001,190,Western Connecticut Planning Region,50580,New Canaan town,FEMALE,80--84,17,221,201,2,0,10,0,0,8
09,001,190,Western Connecticut Planning Region,50580,New Canaan town,FEMALE,85+,18,344,318,2,0,12,0,4,8
09,001,190,Western Connecticut Planning Region,50860,New Fairfield town,MALE,00--04,1,302,216,5,0,2,0,18,61
09,001,190,Western Connecticut Planning Region,50860,New Fairfield town,MALE,05--09,2,368,296,5,0,5,0,17,45
09,001,190,Western Connecticut Planning Region,50860,New Fairfield town,MALE,10--14,3,418,321,11,0,1,0,15,70
09,001,190,Western Connecticut Planning Region,50860,New Fairfield town,MALE,15--19,4,508,424,6,2,2,0,24,50
09,001,190,Western Connecticut Planning Region,50860,New Fairfield town,MALE,20--24,5,441,376,4,0,11,0,10,40
09,001,190,Western Connecticut Planning Region,50860,New Fairfield town,MALE,25--29,6,329,273,7,0,9,0,10,30
09,001,190,Western Connecticut Planning Region,50860,New Fairfield town,MALE,30--34,7,302,240,11,0,6,0,7,38
09,001,190,Western Connecticut Planning Region,50860,New Fairfield town,MALE,35--39,8,339,291,6,0,6,0,8,28
09,001,190,Western Connecticut Planning Region,50860,New Fairfield town,MALE,40--44,9,351,295,4,0,9,0,4,39
09,001,190,Western Connecticut Planning Region,50860,New Fairfield town,MALE,45--49,10,431,382,8,2,11,0,4,24
09,001,190,Western Connecticut Planning Region,50860,New Fairfield town,MALE,50--54,11,597,536,2,1,13,0,3,42
09,001,190,Western Connecticut Planning Region,50860,New Fairfield town,MALE,55--59,12,628,583,3,0,7,0,10,25
09,001,190,Western Connecticut Planning Region,50860,New Fairfield town,MALE,60--64,13,599,546,2,0,8,0,4,39
09,001,190,Western Connecticut Planning Region,50860,New Fairfield town,MALE,65--69,14,427,398,4,0,5,0,4,16
09,001,190,Western Connecticut Planning Region,50860,New Fairfield town,MALE,70--74,15,296,284,0,0,3,0,2,7
09,001,190,Western Connecticut Planning Region,50860,New Fairfield town,MALE,75--79,16,242,225,0,0,6,0,2,9
09,001,190,Western Connecticut Planning Region,50860,New Fairfield town,MALE,80--84,17,155,151,0,0,3,0,0,1
09,001,190,Western Connecticut Planning Region,50860,New Fairfield town,MALE,85+,18,91,86,0,0,0,0,1,4
09,001,190,Western Connecticut Planning Region,50860,New Fairfield town,FEMALE,00--04,1,278,202,9,0,4,0,19,44
09,001,190,Western Connecticut Planning Region,50860,New Fairfield town,FEMALE,05--09,2,353,270,9,1,4,0,10,59
09,001,190,Western Connecticut Planning Region,50860,New Fairfield town,FEMALE,10--14,3,424,325,1,0,3,0,23,72
09,001,190,Western Connecticut Planning Region,50860,New Fairfield town,FEMALE,15--19,4,458,371,8,1,11,0,12,55
09,001,190,Western Connecticut Planning Region,50860,New Fairfield town,FEMALE,20--24,5,400,336,7,0,12,0,4,41
09,001,190,Western Connecticut Planning Region,50860,New Fairfield town,FEMALE,25--29,6,256,222,5,0,6,2,0,21
09,001,190,Western Connecticut Planning Region,50860,New Fairfield town,FEMALE,30--34,7,293,247,5,0,9,0,5,27
09,001,190,Western Connecticut Planning Region,50860,New Fairfield town,FEMALE,35--39,8,344,274,10,0,5,1,7,47
09,001,190,Western Connecticut Planning Region,50860,New Fairfield town,FEMALE,40--44,9,370,292,14,0,10,0,3,51
09,001,190,Western Connecticut Planning Region,50860,New Fairfield town,FEMALE,45--49,10,447,365,10,2,14,0,5,51
09,001,190,Western Connecticut Planning Region,50860,New Fairfield town,FEMALE,50--54,11,560,497,9,0,17,0,3,34
09,001,190,Western Connecticut Planning Region,50860,New Fairfield town,FEMALE,55--59,12,659,598,6,0,10,0,3,42
09,001,190,Western Connecticut Planning Region,50860,New Fairfield town,FEMALE,60--64,13,589,549,2,0,8,0,1,29
09,001,190,Western Connecticut Planning Region,50860,New Fairfield town,FEMALE,65--69,14,385,345,0,0,7,0,6,27
09,001,190,Western Connecticut Planning Region,50860,New Fairfield town,FEMALE,70--74,15,379,354,2,2,7,0,2,12
09,001,190,Western Connecticut Planning Region,50860,New Fairfield town,FEMALE,75--79,16,249,240,3,0,2,0,1,3
09,001,190,Western Connecticut Planning Region,50860,New Fairfield town,FEMALE,80--84,17,162,156,1,0,1,0,0,4
09,001,190,Western Connecticut Planning Region,50860,New Fairfield town,FEMALE,85+,18,118,111,3,0,1,0,0,3
09,001,190,Western Connecticut Planning Region,52980,Newtown town,MALE,00--04,1,637,515,5,0,4,1,41,71
09,001,190,Western Connecticut Planning Region,52980,Newtown town,MALE,05--09,2,756,597,16,1,25,0,39,78
09,001,190,Western Connecticut Planning Region,52980,Newtown town,MALE,10--14,3,865,704,23,0,34,0,42,62
09,001,190,Western Connecticut Planning Region,52980,Newtown town,MALE,15--19,4,1087,908,17,0,38,0,31,93
09,001,190,Western Connecticut Planning Region,52980,Newtown town,MALE,20--24,5,935,763,41,1,18,1,22,89
09,001,190,Western Connecticut Planning Region,52980,Newtown town,MALE,25--29,6,612,499,61,0,7,0,6,39
09,001,190,Western Connecticut Planning Region,52980,Newtown town,MALE,30--34,7,698,539,54,0,23,0,11,71
09,001,190,Western Connecticut Planning Region,52980,Newtown town,MALE,35--39,8,747,598,39,2,17,1,17,73
09,001,190,Western Connecticut Planning Region,52980,Newtown town,MALE,40--44,9,821,657,55,0,16,2,16,75
09,001,190,Western Connecticut Planning Region,52980,Newtown town,MALE,45--49,10,895,738,40,0,40,0,10,67
09,001,190,Western Connecticut Planning Region,52980,Newtown town,MALE,50--54,11,1203,1048,35,2,37,0,21,60
09,001,190,Western Connecticut Planning Region,52980,Newtown town,MALE,55--59,12,1378,1242,30,0,42,0,16,48
09,001,190,Western Connecticut Planning Region,52980,Newtown town,MALE,60--64,13,1123,1025,19,0,26,2,9,42
09,001,190,Western Connecticut Planning Region,52980,Newtown town,MALE,65--69,14,838,782,16,2,11,0,10,17
09,001,190,Western Connecticut Planning Region,52980,Newtown town,MALE,70--74,15,572,530,3,0,22,0,3,14
09,001,190,Western Connecticut Planning Region,52980,Newtown town,MALE,75--79,16,433,412,7,0,3,0,1,10
09,001,190,Western Connecticut Planning Region,52980,Newtown town,MALE,80--84,17,228,218,0,0,5,0,3,2
09,001,190,Western Connecticut Planning Region,52980,Newtown town,MALE,85+,18,236,227,1,0,6,0,0,2
09,001,190,Western Connecticut Planning Region,52980,Newtown town,FEMALE,00--04,1,582,476,10,0,7,0,25,64
09,001,190,Western Connecticut Planning Region,52980,Newtown town,FEMALE,05--09,2,703,575,15,0,13,0,30,70
09,001,190,Western Connecticut Planning Region,52980,Newtown town,FEMALE,10--14,3,915,734,26,0,18,0,46,91
09,001,190,Western Connecticut Planning Region,52980,Newtown town,FEMALE,15--19,4,942,756,7,0,42,0,47,90
09,001,190,Western Connecticut Planning Region,52980,Newtown town,FEMALE,20--24,5,656,566,13,0,12,0,9,56
09,001,190,Western Connecticut Planning Region,52980,Newtown town,FEMALE,25--29,6,479,384,14,2,18,0,14,47
09,001,190,Western Connecticut Planning Region,52980,Newtown town,FEMALE,30--34,7,592,512,1,0,16,1,19,43
09,001,190,Western Connecticut Planning Region,52980,Newtown town,FEMALE,35--39,8,667,552,18,1,31,1,14,50
09,001,190,Western Connecticut Planning Region,52980,Newtown town,FEMALE,40--44,9,733,620,15,1,31,0,20,46
09,001,190,Western Connecticut Planning Region,52980,Newtown town,FEMALE,45--49,10,913,774,16,3,46,0,13,61
09,001,190,Western Connecticut Planning Region,52980,Newtown town,FEMALE,50--54,11,1208,1065,16,0,37,1,13,76
09,001,190,Western Connecticut Planning Region,52980,Newtown town,FEMALE,55--59,12,1316,1201,12,0,33,0,11,59
09,001,190,Western Connecticut Planning Region,52980,Newtown town,FEMALE,60--64,13,1035,958,12,1,18,0,3,43
09,001,190,Western Connecticut Planning Region,52980,Newtown town,FEMALE,65--69,14,854,799,5,0,23,0,4,23
09,001,190,Western Connecticut Planning Region,52980,Newtown town,FEMALE,70--74,15,624,591,4,2,9,0,8,10
09,001,190,Western Connecticut Planning Region,52980,Newtown town,FEMALE,75--79,16,507,477,1,0,13,0,5,11
09,001,190,Western Connecticut Planning Region,52980,Newtown town,FEMALE,80--84,17,341,328,0,0,6,0,2,5
09,001,190,Western Connecticut Planning Region,52980,Newtown town,FEMALE,85+,18,388,373,2,0,3,0,2,8
09,001,190,Western Connecticut Planning Region,56060,Norwalk town,MALE,00--04,1,2530,1042,277,3,159,1,108,940
09,001,190,Western Connecticut Planning Region,56060,Norwalk town,MALE,05--09,2,2427,805,333,4,129,0,87,1069
09,001,190,Western Connecticut Planning Region,56060,Norwalk town,MALE,10--14,3,2605,856,323,8,116,0,94,1208
09,001,190,Western Connecticut Planning Region,56060,Norwalk town,MALE,15--19,4,2620,891,364,1,122,0,80,1162
09,001,190,Western Connecticut Planning Region,56060,Norwalk town,MALE,20--24,5,2754,1151,390,3,125,2,46,1037
09,001,190,Western Connecticut Planning Region,56060,Norwalk town,MALE,25--29,6,3430,1569,412,1,248,3,55,1142
09,001,190,Western Connecticut Planning Region,56060,Norwalk town,MALE,30--34,7,3393,1667,333,2,278,0,49,1064
09,001,190,Western Connecticut Planning Region,56060,Norwalk town,MALE,35--39,8,3602,1633,373,2,257,0,45,1292
09,001,190,Western Connecticut Planning Region,56060,Norwalk town,MALE,40--44,9,3056,1298,327,3,191,0,66,1171
09,001,190,Western Connecticut Planning Region,56060,Norwalk town,MALE,45--49,10,2844,1338,326,6,134,0,31,1009
09,001,190,Western Connecticut Planning Region,56060,Norwalk town,MALE,50--54,11,2988,1629,354,4,148,1,36,816
09,001,190,Western Connecticut Planning Region,56060,Norwalk town,MALE,55--59,12,3261,1919,406,7,124,0,28,777
09,001,190,Western Connecticut Planning Region,56060,Norwalk town,MALE,60--64,13,2880,1943,298,2,121,0,37,479
09,001,190,Western Connecticut Planning Region,56060,Norwalk town,MALE,65--69,14,2331,1700,219,1,70,0,14,327
09,001,190,Western Connecticut Planning Region,56060,Norwalk town,MALE,70--74,15,1729,1262,202,3,59,0,10,193
09,001,190,Western Connecticut Planning Region,56060,Norwalk town,MALE,75--79,16,1139,843,131,0,37,0,6,122
09,001,190,Western Connecticut Planning Region,56060,Norwalk town,MALE,80--84,17,672,509,80,0,16,0,2,65
09,001,190,Western Connecticut Planning Region,56060,Norwalk town,MALE,85+,18,639,505,51,1,8,0,9,65
09,001,190,Western Connecticut Planning Region,56060,Norwalk town,FEMALE,00--04,1,2470,946,276,2,134,0,117,995
09,001,190,Western Connecticut Planning Region,56060,Norwalk town,FEMALE,05--09,2,2378,812,328,5,99,3,111,1020
09,001,190,Western Connecticut Planning Region,56060,Norwalk town,FEMALE,10--14,3,2492,815,343,4,102,0,88,1140
09,001,190,Western Connecticut Planning Region,56060,Norwalk town,FEMALE,15--19,4,2404,815,368,5,90,0,96,1030
09,001,190,Western Connecticut Planning Region,56060,Norwalk town,FEMALE,20--24,5,2420,992,328,7,119,0,71,903
09,001,190,Western Connecticut Planning Region,56060,Norwalk town,FEMALE,25--29,6,3407,1566,403,1,311,1,80,1045
09,001,190,Western Connecticut Planning Region,56060,Norwalk town,FEMALE,30--34,7,3465,1622,440,3,279,2,48,1071
09,001,190,Western Connecticut Planning Region,56060,Norwalk town,FEMALE,35--39,8,3267,1444,397,0,190,0,59,1177
09,001,190,Western Connecticut Planning Region,56060,Norwalk town,FEMALE,40--44,9,3007,1256,386,4,211,1,40,1109
09,001,190,Western Connecticut Planning Region,56060,Norwalk town,FEMALE,45--49,10,2779,1195,433,0,199,1,51,900
09,001,190,Western Connecticut Planning Region,56060,Norwalk town,FEMALE,50--54,11,3146,1599,458,1,158,0,28,902
09,001,190,Western Connecticut Planning Region,56060,Norwalk town,FEMALE,55--59,12,3470,2119,459,5,157,0,52,678
09,001,190,Western Connecticut Planning Region,56060,Norwalk town,FEMALE,60--64,13,3235,2098,392,11,156,0,34,544
09,001,190,Western Connecticut Planning Region,56060,Norwalk town,FEMALE,65--69,14,2650,1785,338,6,96,1,26,398
09,001,190,Western Connecticut Planning Region,56060,Norwalk town,FEMALE,70--74,15,2082,1427,291,0,80,0,8,276
09,001,190,Western Connecticut Planning Region,56060,Norwalk town,FEMALE,75--79,16,1452,981,229,1,59,0,12,170
09,001,190,Western Connecticut Planning Region,56060,Norwalk town,FEMALE,80--84,17,982,702,128,0,17,0,8,127
09,001,190,Western Connecticut Planning Region,56060,Norwalk town,FEMALE,85+,18,1187,924,136,1,25,0,9,92
09,001,190,Western Connecticut Planning Region,63480,Redding town,MALE,00--04,1,182,142,2,0,4,0,9,25
09,001,190,Western Connecticut Planning Region,63480,Redding town,MALE,05--09,2,234,177,4,0,12,0,20,21
09,001,190,Western Connecticut Planning Region,63480,Redding town,MALE,10--14,3,284,233,8,0,9,0,7,27
09,001,190,Western Connecticut Planning Region,63480,Redding town,MALE,15--19,4,310,254,3,0,9,0,25,19
09,001,190,Western Connecticut Planning Region,63480,Redding town,MALE,20--24,5,231,198,0,3,2,0,11,17
09,001,190,Western Connecticut Planning Region,63480,Redding town,MALE,25--29,6,144,132,5,0,4,0,1,2
09,001,190,Western Connecticut Planning Region,63480,Redding town,MALE,30--34,7,160,149,3,0,2,0,1,5
09,001,190,Western Connecticut Planning Region,63480,Redding town,MALE,35--39,8,215,167,10,0,16,0,7,15
09,001,190,Western Connecticut Planning Region,63480,Redding town,MALE,40--44,9,209,179,4,0,3,0,1,22
09,001,190,Western Connecticut Planning Region,63480,Redding town,MALE,45--49,10,259,225,1,0,11,1,3,18
09,001,190,Western Connecticut Planning Region,63480,Redding town,MALE,50--54,11,338,298,6,0,8,0,5,21
09,001,190,Western Connecticut Planning Region,63480,Redding town,MALE,55--59,12,429,392,5,0,9,0,12,11
09,001,190,Western Connecticut Planning Region,63480,Redding town,MALE,60--64,13,358,335,3,3,8,0,2,7
09,001,190,Western Connecticut Planning Region,63480,Redding town,MALE,65--69,14,333,322,0,0,5,0,1,5
09,001,190,Western Connecticut Planning Region,63480,Redding town,MALE,70--74,15,276,261,6,1,2,0,0,6
09,001,190,Western Connecticut Planning Region,63480,Redding town,MALE,75--79,16,147,143,0,0,1,0,0,3
09,001,190,Western Connecticut Planning Region,63480,Redding town,MALE,80--84,17,97,94,0,0,0,0,1,2
09,001,190,Western Connecticut Planning Region,63480,Redding town,MALE,85+,18,128,120,3,0,0,0,0,5
09,001,190,Western Connecticut Planning Region,63480,Redding town,FEMALE,00--04,1,188,138,3,0,5,0,20,22
09,001,190,Western Connecticut Planning Region,63480,Redding town,FEMALE,05--09,2,238,189,3,0,12,0,6,28
09,001,190,Western Connecticut Planning Region,63480,Redding town,FEMALE,10--14,3,255,214,3,0,1,0,19,18
09,001,190,Western Connecticut Planning Region,63480,Redding town,FEMALE,15--19,4,311,256,3,0,6,0,24,22
09,001,190,Western Connecticut Planning Region,63480,Redding town,FEMALE,20--24,5,201,173,1,0,10,0,6,11
09,001,190,Western Connecticut Planning Region,63480,Redding town,FEMALE,25--29,6,133,113,0,3,8,0,0,9
09,001,190,Western Connecticut Planning Region,63480,Redding town,FEMALE,30--34,7,161,128,3,0,7,0,7,16
09,001,190,Western Connecticut Planning Region,63480,Redding town,FEMALE,35--39,8,201,172,2,0,10,1,7,9
09,001,190,Western Connecticut Planning Region,63480,Redding town,FEMALE,40--44,9,241,200,5,0,9,0,5,22
09,001,190,Western Connecticut Planning Region,63480,Redding town,FEMALE,45--49,10,272,229,1,1,20,0,5,16
09,001,190,Western Connecticut Planning Region,63480,Redding town,FEMALE,50--54,11,373,338,4,0,14,0,0,17
09,001,190,Western Connecticut Planning Region,63480,Redding town,FEMALE,55--59,12,379,352,0,0,12,0,2,13
09,001,190,Western Connecticut Planning Region,63480,Redding town,FEMALE,60--64,13,408,388,2,0,9,0,1,8
09,001,190,Western Connecticut Planning Region,63480,Redding town,FEMALE,65--69,14,318,305,0,0,6,0,1,6
09,001,190,Western Connecticut Planning Region,63480,Redding town,FEMALE,70--74,15,240,233,0,0,3,0,0,4
09,001,190,Western Connecticut Planning Region,63480,Redding town,FEMALE,75--79,16,156,150,2,0,3,0,1,0
09,001,190,Western Connecticut Planning Region,63480,Redding town,FEMALE,80--84,17,124,115,0,0,4,0,0,5
09,001,190,Western Connecticut Planning Region,63480,Redding town,FEMALE,85+,18,200,194,0,0,2,0,0,4
09,001,190,Western Connecticut Planning Region,63970,Ridgefield town,MALE,00--04,1,561,444,9,0,41,0,29,38
09,001,190,Western Connecticut Planning Region,63970,Ridgefield town,MALE,05--09,2,845,666,10,1,35,0,37,96
09,001,190,Western Connecticut Planning Region,63970,Ridgefield town,MALE,10--14,3,1051,817,4,1,56,0,60,113
09,001,190,Western Connecticut Planning Region,63970,Ridgefield town,MALE,15--19,4,1012,811,5,1,55,0,65,75
09,001,190,Western Connecticut Planning Region,63970,Ridgefield town,MALE,20--24,5,664,567,10,0,22,1,28,36
09,001,190,Western Connecticut Planning Region,63970,Ridgefield town,MALE,25--29,6,389,346,5,0,9,0,16,13
09,001,190,Western Connecticut Planning Region,63970,Ridgefield town,MALE,30--34,7,371,322,9,2,11,0,8,19
09,001,190,Western Connecticut Planning Region,63970,Ridgefield town,MALE,35--39,8,594,485,4,1,36,0,11,57
09,001,190,Western Connecticut Planning Region,63970,Ridgefield town,MALE,40--44,9,768,623,7,1,62,0,12,63
09,001,190,Western Connecticut Planning Region,63970,Ridgefield town,MALE,45--49,10,882,738,19,1,74,0,10,40
09,001,190,Western Connecticut Planning Region,63970,Ridgefield town,MALE,50--54,11,1101,965,10,3,61,0,17,45
09,001,190,Western Connecticut Planning Region,63970,Ridgefield town,MALE,55--59,12,1106,1024,8,1,29,0,8,36
09,001,190,Western Connecticut Planning Region,63970,Ridgefield town,MALE,60--64,13,950,897,15,0,12,0,5,21
09,001,190,Western Connecticut Planning Region,63970,Ridgefield town,MALE,65--69,14,665,640,2,1,8,0,0,14
09,001,190,Western Connecticut Planning Region,63970,Ridgefield town,MALE,70--74,15,509,462,4,0,24,0,2,17
09,001,190,Western Connecticut Planning Region,63970,Ridgefield town,MALE,75--79,16,352,334,4,0,4,0,0,10
09,001,190,Western Connecticut Planning Region,63970,Ridgefield town,MALE,80--84,17,237,224,4,0,3,0,2,4
09,001,190,Western Connecticut Planning Region,63970,Ridgefield town,MALE,85+,18,221,209,3,0,8,0,0,1
09,001,190,Western Connecticut Planning Region,63970,Ridgefield town,FEMALE,00--04,1,593,448,2,0,44,0,40,59
09,001,190,Western Connecticut Planning Region,63970,Ridgefield town,FEMALE,05--09,2,811,627,7,2,54,0,46,75
09,001,190,Western Connecticut Planning Region,63970,Ridgefield town,FEMALE,10--14,3,991,775,13,1,65,0,44,93
09,001,190,Western Connecticut Planning Region,63970,Ridgefield town,FEMALE,15--19,4,976,809,6,1,53,0,54,53
09,001,190,Western Connecticut Planning Region,63970,Ridgefield town,FEMALE,20--24,5,591,507,6,0,22,0,14,42
09,001,190,Western Connecticut Planning Region,63970,Ridgefield town,FEMALE,25--29,6,319,263,1,2,12,0,4,37
09,001,190,Western Connecticut Planning Region,63970,Ridgefield town,FEMALE,30--34,7,385,321,8,1,22,0,10,23
09,001,190,Western Connecticut Planning Region,63970,Ridgefield town,FEMALE,35--39,8,644,509,6,0,71,0,10,48
09,001,190,Western Connecticut Planning Region,63970,Ridgefield town,FEMALE,40--44,9,863,679,8,0,90,0,13,73
09,001,190,Western Connecticut Planning Region,63970,Ridgefield town,FEMALE,45--49,10,991,798,14,0,92,0,16,71
09,001,190,Western Connecticut Planning Region,63970,Ridgefield town,FEMALE,50--54,11,1113,950,17,1,76,0,11,58
09,001,190,Western Connecticut Planning Region,63970,Ridgefield town,FEMALE,55--59,12,1104,988,11,0,41,0,5,59
09,001,190,Western Connecticut Planning Region,63970,Ridgefield town,FEMALE,60--64,13,918,846,10,1,19,1,10,31
09,001,190,Western Connecticut Planning Region,63970,Ridgefield town,FEMALE,65--69,14,684,635,7,0,18,0,7,17
09,001,190,Western Connecticut Planning Region,63970,Ridgefield town,FEMALE,70--74,15,578,533,5,0,17,0,5,18
09,001,190,Western Connecticut Planning Region,63970,Ridgefield town,FEMALE,75--79,16,439,407,2,0,9,0,0,21
09,001,190,Western Connecticut Planning Region,63970,Ridgefield town,FEMALE,80--84,17,331,302,7,0,9,1,0,12
09,001,190,Western Connecticut Planning Region,63970,Ridgefield town,FEMALE,85+,18,403,388,2,0,3,0,1,9
09,001,140,Naugatuck Valley Planning Region,68170,Shelton town,MALE,00--04,1,894,577,62,1,62,0,32,160
09,001,140,Naugatuck Valley Planning Region,68170,Shelton town,MALE,05--09,2,919,587,68,2,46,0,45,171
09,001,140,Naugatuck Valley Planning Region,68170,Shelton town,MALE,10--14,3,1085,694,80,4,46,0,55,206
09,001,140,Naugatuck Valley Planning Region,68170,Shelton town,MALE,15--19,4,1162,843,75,1,50,0,29,164
09,001,140,Naugatuck Valley Planning Region,68170,Shelton town,MALE,20--24,5,1177,908,52,0,54,1,25,137
09,001,140,Naugatuck Valley Planning Region,68170,Shelton town,MALE,25--29,6,1238,934,65,0,57,2,25,155
09,001,140,Naugatuck Valley Planning Region,68170,Shelton town,MALE,30--34,7,1211,887,84,3,56,0,29,152
09,001,140,Naugatuck Valley Planning Region,68170,Shelton town,MALE,35--39,8,1243,899,89,1,78,0,18,158
09,001,140,Naugatuck Valley Planning Region,68170,Shelton town,MALE,40--44,9,1137,829,82,0,75,0,19,132
09,001,140,Naugatuck Valley Planning Region,68170,Shelton town,MALE,45--49,10,1208,930,77,0,78,1,14,108
09,001,140,Naugatuck Valley Planning Region,68170,Shelton town,MALE,50--54,11,1550,1275,62,0,73,0,20,120
09,001,140,Naugatuck Valley Planning Region,68170,Shelton town,MALE,55--59,12,1706,1466,68,0,59,0,8,105
09,001,140,Naugatuck Valley Planning Region,68170,Shelton town,MALE,60--64,13,1696,1518,36,2,43,0,11,86
09,001,140,Naugatuck Valley Planning Region,68170,Shelton town,MALE,65--69,14,1339,1185,32,1,40,1,7,73
09,001,140,Naugatuck Valley Planning Region,68170,Shelton town,MALE,70--74,15,1125,1030,23,0,22,0,8,42
09,001,140,Naugatuck Valley Planning Region,68170,Shelton town,MALE,75--79,16,774,725,20,0,11,0,0,18
09,001,140,Naugatuck Valley Planning Region,68170,Shelton town,MALE,80--84,17,485,453,4,2,5,0,7,14
09,001,140,Naugatuck Valley Planning Region,68170,Shelton town,MALE,85+,18,427,391,7,0,14,0,0,15
09,001,140,Naugatuck Valley Planning Region,68170,Shelton town,FEMALE,00--04,1,843,532,55,2,57,0,39,158
09,001,140,Naugatuck Valley Planning Region,68170,Shelton town,FEMALE,05--09,2,921,565,67,1,38,1,37,212
09,001,140,Naugatuck Valley Planning Region,68170,Shelton town,FEMALE,10--14,3,1030,698,75,4,53,0,35,165
09,001,140,Naugatuck Valley Planning Region,68170,Shelton town,FEMALE,15--19,4,1044,718,61,1,68,1,36,159
09,001,140,Naugatuck Valley Planning Region,68170,Shelton town,FEMALE,20--24,5,1136,846,52,0,52,1,39,146
09,001,140,Naugatuck Valley Planning Region,68170,Shelton town,FEMALE,25--29,6,1132,823,63,0,56,0,26,164
09,001,140,Naugatuck Valley Planning Region,68170,Shelton town,FEMALE,30--34,7,1145,825,74,0,72,0,25,149
09,001,140,Naugatuck Valley Planning Region,68170,Shelton town,FEMALE,35--39,8,1155,807,83,0,85,0,16,164
09,001,140,Naugatuck Valley Planning Region,68170,Shelton town,FEMALE,40--44,9,1150,815,77,0,80,2,24,152
09,001,140,Naugatuck Valley Planning Region,68170,Shelton town,FEMALE,45--49,10,1239,929,66,1,103,0,11,129
09,001,140,Naugatuck Valley Planning Region,68170,Shelton town,FEMALE,50--54,11,1528,1253,69,0,80,1,15,110
09,001,140,Naugatuck Valley Planning Region,68170,Shelton town,FEMALE,55--59,12,1786,1522,67,0,68,0,8,121
09,001,140,Naugatuck Valley Planning Region,68170,Shelton town,FEMALE,60--64,13,1782,1569,54,3,55,0,10,91
09,001,140,Naugatuck Valley Planning Region,68170,Shelton town,FEMALE,65--69,14,1451,1319,34,1,45,0,3,49
09,001,140,Naugatuck Valley Planning Region,68170,Shelton town,FEMALE,70--74,15,1246,1155,18,0,26,0,7,40
09,001,140,Naugatuck Valley Planning Region,68170,Shelton town,FEMALE,75--79,16,961,892,17,1,12,0,3,36
09,001,140,Naugatuck Valley Planning Region,68170,Shelton town,FEMALE,80--84,17,636,604,7,0,7,0,1,17
09,001,140,Naugatuck Valley Planning Region,68170,Shelton town,FEMALE,85+,18,914,856,7,0,14,0,6,31
09,001,190,Western Connecticut Planning Region,68310,Sherman town,MALE,00--04,1,59,40,0,0,2,0,9,8
09,001,190,Western Connecticut Planning Region,68310,Sherman town,MALE,05--09,2,52,41,0,0,2,0,2,7
09,001,190,Western Connecticut Planning Region,68310,Sherman town,MALE,10--14,3,106,90,0,0,1,0,6,9
09,001,190,Western Connecticut Planning Region,68310,Sherman town,MALE,15--19,4,101,87,1,1,1,0,2,9
09,001,190,Western Connecticut Planning Region,68310,Sherman town,MALE,20--24,5,100,85,0,0,0,0,7,8
09,001,190,Western Connecticut Planning Region,68310,Sherman town,MALE,25--29,6,67,63,0,0,2,0,1,1
09,001,190,Western Connecticut Planning Region,68310,Sherman town,MALE,30--34,7,65,55,2,0,0,0,2,6
09,001,190,Western Connecticut Planning Region,68310,Sherman town,MALE,35--39,8,75,65,1,0,2,0,1,6
09,001,190,Western Connecticut Planning Region,68310,Sherman town,MALE,40--44,9,87,77,4,0,2,0,0,4
09,001,190,Western Connecticut Planning Region,68310,Sherman town,MALE,45--49,10,103,94,1,0,0,0,4,4
09,001,190,Western Connecticut Planning Region,68310,Sherman town,MALE,50--54,11,132,126,2,0,1,0,0,3
09,001,190,Western Connecticut Planning Region,68310,Sherman town,MALE,55--59,12,187,176,1,0,0,0,4,6
09,001,190,Western Connecticut Planning Region,68310,Sherman town,MALE,60--64,13,195,189,0,0,0,0,1,5
09,001,190,Western Connecticut Planning Region,68310,Sherman town,MALE,65--69,14,159,156,0,0,1,0,1,1
09,001,190,Western Connecticut Planning Region,68310,Sherman town,MALE,70--74,15,120,115,1,0,0,0,3,1
09,001,190,Western Connecticut Planning Region,68310,Sherman town,MALE,75--79,16,89,85,0,0,1,0,2,1
09,001,190,Western Connecticut Planning Region,68310,Sherman town,MALE,80--84,17,50,48,0,0,1,0,0,1
09,001,190,Western Connecticut Planning Region,68310,Sherman town,MALE,85+,18,25,24,1,0,0,0,0,0
09,001,190,Western Connecticut Planning Region,68310,Sherman town,FEMALE,00--04,1,47,33,0,0,0,0,5,9
09,001,190,Western Connecticut Planning Region,68310,Sherman town,FEMALE,05--09,2,83,58,0,0,5,0,11,9
09,001,190,Western Connecticut Planning Region,68310,Sherman town,FEMALE,10--14,3,98,84,1,0,6,0,5,2
09,001,190,Western Connecticut Planning Region,68310,Sherman town,FEMALE,15--19,4,111,92,2,0,3,0,8,6
09,001,190,Western Connecticut Planning Region,68310,Sherman town,FEMALE,20--24,5,83,76,0,0,1,0,3,3
09,001,190,Western Connecticut Planning Region,68310,Sherman town,FEMALE,25--29,6,57,43,1,0,2,0,4,7
09,001,190,Western Connecticut Planning Region,68310,Sherman town,FEMALE,30--34,7,72,58,3,0,3,0,6,2
09,001,190,Western Connecticut Planning Region,68310,Sherman town,FEMALE,35--39,8,74,63,2,0,0,0,0,9
09,001,190,Western Connecticut Planning Region,68310,Sherman town,FEMALE,40--44,9,81,73,0,0,5,0,1,2
09,001,190,Western Connecticut Planning Region,68310,Sherman town,FEMALE,45--49,10,106,96,1,0,1,0,0,8
09,001,190,Western Connecticut Planning Region,68310,Sherman town,FEMALE,50--54,11,144,137,0,0,2,0,3,2
09,001,190,Western Connecticut Planning Region,68310,Sherman town,FEMALE,55--59,12,173,157,1,0,7,0,3,5
09,001,190,Western Connecticut Planning Region,68310,Sherman town,FEMALE,60--64,13,168,164,0,0,1,0,0,3
09,001,190,Western Connecticut Planning Region,68310,Sherman town,FEMALE,65--69,14,154,145,0,0,1,0,2,6
09,001,190,Western Connecticut Planning Region,68310,Sherman town,FEMALE,70--74,15,113,112,0,0,0,0,0,1
09,001,190,Western Connecticut Planning Region,68310,Sherman town,FEMALE,75--79,16,90,87,0,0,0,0,0,3
09,001,190,Western Connecticut Planning Region,68310,Sherman town,FEMALE,80--84,17,38,37,0,0,0,0,0,1
09,001,190,Western Connecticut Planning Region,68310,Sherman town,FEMALE,85+,18,57,55,0,0,0,0,1,1
09,001,190,Western Connecticut Planning Region,73070,Stamford town,MALE,00--04,1,4073,1535,444,10,418,0,222,1444
09,001,190,Western Connecticut Planning Region,73070,Stamford town,MALE,05--09,2,3574,1197,463,12,300,1,133,1468
09,001,190,Western Connecticut Planning Region,73070,Stamford town,MALE,10--14,3,3712,1255,510,3,243,0,150,1551
09,001,190,Western Connecticut Planning Region,73070,Stamford town,MALE,15--19,4,3852,1403,549,8,256,1,131,1504
09,001,190,Western Connecticut Planning Region,73070,Stamford town,MALE,20--24,5,4594,1988,555,7,379,1,93,1571
09,001,190,Western Connecticut Planning Region,73070,Stamford town,MALE,25--29,6,6227,3284,559,6,575,0,73,1730
09,001,190,Western Connecticut Planning Region,73070,Stamford town,MALE,30--34,7,5898,2908,543,7,679,1,97,1663
09,001,190,Western Connecticut Planning Region,73070,Stamford town,MALE,35--39,8,5419,2268,517,4,715,0,91,1824
09,001,190,Western Connecticut Planning Region,73070,Stamford town,MALE,40--44,9,4519,1893,433,3,487,0,45,1658
09,001,190,Western Connecticut Planning Region,73070,Stamford town,MALE,45--49,10,3979,1856,432,2,352,0,59,1278
09,001,190,Western Connecticut Planning Region,73070,Stamford town,MALE,50--54,11,4191,2182,492,5,300,0,53,1159
09,001,190,Western Connecticut Planning Region,73070,Stamford town,MALE,55--59,12,4303,2583,501,2,234,0,57,926
09,001,190,Western Connecticut Planning Region,73070,Stamford town,MALE,60--64,13,3928,2578,461,2,231,0,42,614
09,001,190,Western Connecticut Planning Region,73070,Stamford town,MALE,65--69,14,3189,2130,378,2,202,1,18,458
09,001,190,Western Connecticut Planning Region,73070,Stamford town,MALE,70--74,15,2323,1630,239,5,128,0,11,310
09,001,190,Western Connecticut Planning Region,73070,Stamford town,MALE,75--79,16,1560,1165,210,2,74,0,4,105
09,001,190,Western Connecticut Planning Region,73070,Stamford town,MALE,80--84,17,962,707,108,3,54,0,10,80
09,001,190,Western Connecticut Planning Region,73070,Stamford town,MALE,85+,18,1022,865,61,0,20,0,6,70
09,001,190,Western Connecticut Planning Region,73070,Stamford town,FEMALE,00--04,1,3788,1451,431,6,397,0,170,1333
09,001,190,Western Connecticut Planning Region,73070,Stamford town,FEMALE,05--09,2,3523,1135,489,7,362,4,132,1394
09,001,190,Western Connecticut Planning Region,73070,Stamford town,FEMALE,10--14,3,3481,1191,484,3,225,0,120,1458
09,001,190,Western Connecticut Planning Region,73070,Stamford town,FEMALE,15--19,4,3641,1377,583,5,251,0,125,1300
09,001,190,Western Connecticut Planning Region,73070,Stamford town,FEMALE,20--24,5,4266,1850,526,4,436,2,106,1342
09,001,190,Western Connecticut Planning Region,73070,Stamford town,FEMALE,25--29,6,5840,2968,642,5,621,1,91,1512
09,001,190,Western Connecticut Planning Region,73070,Stamford town,FEMALE,30--34,7,5822,2799,601,6,758,1,86,1571
09,001,190,Western Connecticut Planning Region,73070,Stamford town,FEMALE,35--39,8,5021,2097,640,7,593,0,94,1590
09,001,190,Western Connecticut Planning Region,73070,Stamford town,FEMALE,40--44,9,4446,1746,609,0,476,1,64,1550
09,001,190,Western Connecticut Planning Region,73070,Stamford town,FEMALE,45--49,10,3872,1670,612,0,366,0,60,1164
09,001,190,Western Connecticut Planning Region,73070,Stamford town,FEMALE,50--54,11,4325,2162,607,8,350,0,53,1145
09,001,190,Western Connecticut Planning Region,73070,Stamford town,FEMALE,55--59,12,4621,2558,691,0,294,3,40,1035
09,001,190,Western Connecticut Planning Region,73070,Stamford town,FEMALE,60--64,13,4492,2673,714,6,252,0,35,812
09,001,190,Western Connecticut Planning Region,73070,Stamford town,FEMALE,65--69,14,3504,2200,494,6,218,2,31,553
09,001,190,Western Connecticut Planning Region,73070,Stamford town,FEMALE,70--74,15,2915,1985,382,4,164,0,24,356
09,001,190,Western Connecticut Planning Region,73070,Stamford town,FEMALE,75--79,16,2000,1358,270,1,110,0,16,245
09,001,190,Western Connecticut Planning Region,73070,Stamford town,FEMALE,80--84,17,1423,1011,221,0,49,0,8,134
09,001,190,Western Connecticut Planning Region,73070,Stamford town,FEMALE,85+,18,2006,1582,198,0,45,3,9,169
09,001,120,Greater Bridgeport Planning Region,74190,Stratford town,MALE,00--04,1,1242,456,245,2,19,0,78,442
09,001,120,Greater Bridgeport Planning Region,74190,Stratford town,MALE,05--09,2,1344,472,282,3,34,0,63,490
09,001,120,Greater Bridgeport Planning Region,74190,Stratford town,MALE,10--14,3,1514,569,320,7,40,0,58,520
09,001,120,Greater Bridgeport Planning Region,74190,Stratford town,MALE,15--19,4,1590,646,329,0,41,0,85,489
09,001,120,Greater Bridgeport Planning Region,74190,Stratford town,MALE,20--24,5,1518,697,309,0,52,0,64,396
09,001,120,Greater Bridgeport Planning Region,74190,Stratford town,MALE,25--29,6,1528,751,291,4,44,0,51,387
09,001,120,Greater Bridgeport Planning Region,74190,Stratford town,MALE,30--34,7,1522,785,286,1,52,2,33,363
09,001,120,Greater Bridgeport Planning Region,74190,Stratford town,MALE,35--39,8,1591,762,317,3,48,0,22,439
09,001,120,Greater Bridgeport Planning Region,74190,Stratford town,MALE,40--44,9,1551,753,323,0,36,2,32,405
09,001,120,Greater Bridgeport Planning Region,74190,Stratford town,MALE,45--49,10,1437,723,316,2,48,2,24,322
09,001,120,Greater Bridgeport Planning Region,74190,Stratford town,MALE,50--54,11,1842,1115,304,6,48,0,38,331
09,001,120,Greater Bridgeport Planning Region,74190,Stratford town,MALE,55--59,12,1905,1275,287,4,39,1,33,266
09,001,120,Greater Bridgeport Planning Region,74190,Stratford town,MALE,60--64,13,1840,1359,232,1,36,0,14,198
09,001,120,Greater Bridgeport Planning Region,74190,Stratford town,MALE,65--69,14,1547,1223,170,0,35,0,12,107
09,001,120,Greater Bridgeport Planning Region,74190,Stratford town,MALE,70--74,15,1160,956,110,0,29,0,3,62
09,001,120,Greater Bridgeport Planning Region,74190,Stratford town,MALE,75--79,16,830,696,58,3,11,2,2,58
09,001,120,Greater Bridgeport Planning Region,74190,Stratford town,MALE,80--84,17,502,409,36,0,9,0,2,46
09,001,120,Greater Bridgeport Planning Region,74190,Stratford town,MALE,85+,18,489,436,31,0,3,0,2,17
09,001,120,Greater Bridgeport Planning Region,74190,Stratford town,FEMALE,00--04,1,1189,423,278,4,34,0,80,370
09,001,120,Greater Bridgeport Planning Region,74190,Stratford town,FEMALE,05--09,2,1293,432,305,4,28,0,61,463
09,001,120,Greater Bridgeport Planning Region,74190,Stratford town,FEMALE,10--14,3,1537,567,371,3,49,0,62,485
09,001,120,Greater Bridgeport Planning Region,74190,Stratford town,FEMALE,15--19,4,1502,591,334,1,47,0,79,450
09,001,120,Greater Bridgeport Planning Region,74190,Stratford town,FEMALE,20--24,5,1502,632,316,0,39,0,52,463
09,001,120,Greater Bridgeport Planning Region,74190,Stratford town,FEMALE,25--29,6,1522,692,333,1,45,1,48,402
09,001,120,Greater Bridgeport Planning Region,74190,Stratford town,FEMALE,30--34,7,1614,778,325,4,55,0,34,418
09,001,120,Greater Bridgeport Planning Region,74190,Stratford town,FEMALE,35--39,8,1641,746,354,1,62,1,37,440
09,001,120,Greater Bridgeport Planning Region,74190,Stratford town,FEMALE,40--44,9,1645,737,355,1,60,0,34,458
09,001,120,Greater Bridgeport Planning Region,74190,Stratford town,FEMALE,45--49,10,1654,847,363,2,65,0,25,352
09,001,120,Greater Bridgeport Planning Region,74190,Stratford town,FEMALE,50--54,11,1961,1091,411,2,49,0,35,373
09,001,120,Greater Bridgeport Planning Region,74190,Stratford town,FEMALE,55--59,12,2125,1339,375,3,48,0,38,322
09,001,120,Greater Bridgeport Planning Region,74190,Stratford town,FEMALE,60--64,13,2084,1469,312,2,36,0,28,237
09,001,120,Greater Bridgeport Planning Region,74190,Stratford town,FEMALE,65--69,14,1756,1323,222,2,38,0,13,158
09,001,120,Greater Bridgeport Planning Region,74190,Stratford town,FEMALE,70--74,15,1541,1179,193,0,24,0,13,132
09,001,120,Greater Bridgeport Planning Region,74190,Stratford town,FEMALE,75--79,16,1072,862,103,0,19,0,6,82
09,001,120,Greater Bridgeport Planning Region,74190,Stratford town,FEMALE,80--84,17,760,628,78,0,10,0,2,42
09,001,120,Greater Bridgeport Planning Region,74190,Stratford town,FEMALE,85+,18,919,803,63,0,8,0,6,39
09,001,120,Greater Bridgeport Planning Region,77200,Trumbull town,MALE,00--04,1,1045,733,61,0,71,0,39,141
09,001,120,Greater Bridgeport Planning Region,77200,Trumbull town,MALE,05--09,2,1226,807,72,2,107,0,50,188
09,001,120,Greater Bridgeport Planning Region,77200,Trumbull town,MALE,10--14,3,1404,958,80,0,140,0,51,175
09,001,120,Greater Bridgeport Planning Region,77200,Trumbull town,MALE,15--19,4,1373,991,74,0,90,0,35,183
09,001,120,Greater Bridgeport Planning Region,77200,Trumbull town,MALE,20--24,5,1006,763,47,0,66,0,16,114
09,001,120,Greater Bridgeport Planning Region,77200,Trumbull town,MALE,25--29,6,653,500,38,0,33,0,11,71
09,001,120,Greater Bridgeport Planning Region,77200,Trumbull town,MALE,30--34,7,718,528,34,3,44,0,20,89
09,001,120,Greater Bridgeport Planning Region,77200,Trumbull town,MALE,35--39,8,1098,783,59,0,99,0,19,138
09,001,120,Greater Bridgeport Planning Region,77200,Trumbull town,MALE,40--44,9,1189,812,62,0,151,0,23,141
09,001,120,Greater Bridgeport Planning Region,77200,Trumbull town,MALE,45--49,10,1245,932,60,6,121,0,15,111
09,001,120,Greater Bridgeport Planning Region,77200,Trumbull town,MALE,50--54,11,1373,1115,54,2,90,0,12,100
09,001,120,Greater Bridgeport Planning Region,77200,Trumbull town,MALE,55--59,12,1355,1148,58,0,79,0,7,63
09,001,120,Greater Bridgeport Planning Region,77200,Trumbull town,MALE,60--64,13,1338,1156,41,0,57,0,10,74
09,001,120,Greater Bridgeport Planning Region,77200,Trumbull town,MALE,65--69,14,1013,905,31,0,40,0,4,33
09,001,120,Greater Bridgeport Planning Region,77200,Trumbull town,MALE,70--74,15,730,667,16,0,19,0,1,27
09,001,120,Greater Bridgeport Planning Region,77200,Trumbull town,MALE,75--79,16,572,525,17,0,11,0,1,18
09,001,120,Greater Bridgeport Planning Region,77200,Trumbull town,MALE,80--84,17,399,373,5,0,10,0,0,11
09,001,120,Greater Bridgeport Planning Region,77200,Trumbull town,MALE,85+,18,450,421,9,0,6,0,5,9
09,001,120,Greater Bridgeport Planning Region,77200,Trumbull town,FEMALE,00--04,1,943,612,53,0,88,0,40,150
09,001,120,Greater Bridgeport Planning Region,77200,Trumbull town,FEMALE,05--09,2,1180,775,66,0,117,0,43,179
09,001,120,Greater Bridgeport Planning Region,77200,Trumbull town,FEMALE,10--14,3,1314,889,78,0,126,0,51,170
09,001,120,Greater Bridgeport Planning Region,77200,Trumbull town,FEMALE,15--19,4,1258,884,73,0,85,0,40,176
09,001,120,Greater Bridgeport Planning Region,77200,Trumbull town,FEMALE,20--24,5,913,702,43,2,59,0,10,97
09,001,120,Greater Bridgeport Planning Region,77200,Trumbull town,FEMALE,25--29,6,620,446,41,2,43,0,10,78
09,001,120,Greater Bridgeport Planning Region,77200,Trumbull town,FEMALE,30--34,7,834,593,43,1,63,0,16,118
09,001,120,Greater Bridgeport Planning Region,77200,Trumbull town,FEMALE,35--39,8,1190,796,79,3,133,0,19,160
09,001,120,Greater Bridgeport Planning Region,77200,Trumbull town,FEMALE,40--44,9,1259,848,85,1,165,0,14,146
09,001,120,Greater Bridgeport Planning Region,77200,Trumbull town,FEMALE,45--49,10,1260,914,74,0,133,0,11,128
09,001,120,Greater Bridgeport Planning Region,77200,Trumbull town,FEMALE,50--54,11,1351,1103,56,0,74,1,13,104
09,001,120,Greater Bridgeport Planning Region,77200,Trumbull town,FEMALE,55--59,12,1430,1229,51,0,50,0,17,83
09,001,120,Greater Bridgeport Planning Region,77200,Trumbull town,FEMALE,60--64,13,1334,1148,51,0,50,0,12,73
09,001,120,Greater Bridgeport Planning Region,77200,Trumbull town,FEMALE,65--69,14,1060,929,44,1,36,0,8,42
09,001,120,Greater Bridgeport Planning Region,77200,Trumbull town,FEMALE,70--74,15,832,741,22,0,30,0,1,38
09,001,120,Greater Bridgeport Planning Region,77200,Trumbull town,FEMALE,75--79,16,671,597,21,0,25,0,3,25
09,001,120,Greater Bridgeport Planning Region,77200,Trumbull town,FEMALE,80--84,17,564,515,24,0,8,0,0,17
09,001,120,Greater Bridgeport Planning Region,77200,Trumbull town,FEMALE,85+,18,753,682,29,1,15,0,0,26
09,001,190,Western Connecticut Planning Region,83430,Weston town,MALE,00--04,1,228,166,4,0,9,0,18,31
09,001,190,Western Connecticut Planning Region,83430,Weston town,MALE,05--09,2,365,265,6,0,28,0,19,47
09,001,190,Western Connecticut Planning Region,83430,Weston town,MALE,10--14,3,534,413,4,2,25,0,40,50
09,001,190,Western Connecticut Planning Region,83430,Weston town,MALE,15--19,4,509,408,7,0,21,1,35,37
09,001,190,Western Connecticut Planning Region,83430,Weston town,MALE,20--24,5,261,223,12,0,4,0,10,12
09,001,190,Western Connecticut Planning Region,83430,Weston town,MALE,25--29,6,127,104,2,1,11,0,3,6
09,001,190,Western Connecticut Planning Region,83430,Weston town,MALE,30--34,7,114,96,3,0,7,0,4,4
09,001,190,Western Connecticut Planning Region,83430,Weston town,MALE,35--39,8,182,151,1,0,17,0,1,12
09,001,190,Western Connecticut Planning Region,83430,Weston town,MALE,40--44,9,294,234,4,0,26,0,11,19
09,001,190,Western Connecticut Planning Region,83430,Weston town,MALE,45--49,10,395,331,8,1,35,0,4,16
09,001,190,Western Connecticut Planning Region,83430,Weston town,MALE,50--54,11,486,406,11,0,38,0,8,23
09,001,190,Western Connecticut Planning Region,83430,Weston town,MALE,55--59,12,458,406,4,0,20,0,5,23
09,001,190,Western Connecticut Planning Region,83430,Weston town,MALE,60--64,13,432,392,2,0,16,0,2,20
09,001,190,Western Connecticut Planning Region,83430,Weston town,MALE,65--69,14,307,290,2,0,6,0,3,6
09,001,190,Western Connecticut Planning Region,83430,Weston town,MALE,70--74,15,202,190,4,0,5,0,0,3
09,001,190,Western Connecticut Planning Region,83430,Weston town,MALE,75--79,16,169,160,4,0,2,0,0,3
09,001,190,Western Connecticut Planning Region,83430,Weston town,MALE,80--84,17,81,73,0,0,7,0,1,0
09,001,190,Western Connecticut Planning Region,83430,Weston town,MALE,85+,18,66,56,3,0,2,0,1,4
09,001,190,Western Connecticut Planning Region,83430,Weston town,FEMALE,00--04,1,223,173,2,1,9,0,19,19
09,001,190,Western Connecticut Planning Region,83430,Weston town,FEMALE,05--09,2,335,256,9,0,22,0,34,14
09,001,190,Western Connecticut Planning Region,83430,Weston town,FEMALE,10--14,3,483,364,8,0,36,0,32,43
09,001,190,Western Connecticut Planning Region,83430,Weston town,FEMALE,15--19,4,453,364,12,0,33,1,16,27
09,001,190,Western Connecticut Planning Region,83430,Weston town,FEMALE,20--24,5,261,212,10,0,0,0,9,30
09,001,190,Western Connecticut Planning Region,83430,Weston town,FEMALE,25--29,6,112,89,1,0,5,0,4,13
09,001,190,Western Connecticut Planning Region,83430,Weston town,FEMALE,30--34,7,117,93,7,0,8,0,2,7
09,001,190,Western Connecticut Planning Region,83430,Weston town,FEMALE,35--39,8,212,166,2,0,17,0,4,23
09,001,190,Western Connecticut Planning Region,83430,Weston town,FEMALE,40--44,9,320,240,2,0,35,0,10,33
09,001,190,Western Connecticut Planning Region,83430,Weston town,FEMALE,45--49,10,440,342,17,0,46,0,8,27
09,001,190,Western Connecticut Planning Region,83430,Weston town,FEMALE,50--54,11,515,438,8,0,34,1,7,27
09,001,190,Western Connecticut Planning Region,83430,Weston town,FEMALE,55--59,12,457,410,5,0,20,0,7,15
09,001,190,Western Connecticut Planning Region,83430,Weston town,FEMALE,60--64,13,390,364,5,0,9,0,5,7
09,001,190,Western Connecticut Planning Region,83430,Weston town,FEMALE,65--69,14,299,277,2,0,7,0,7,6
09,001,190,Western Connecticut Planning Region,83430,Weston town,FEMALE,70--74,15,199,188,0,0,7,0,1,3
09,001,190,Western Connecticut Planning Region,83430,Weston town,FEMALE,75--79,16,162,151,0,0,5,0,2,4
09,001,190,Western Connecticut Planning Region,83430,Weston town,FEMALE,80--84,17,67,60,0,0,0,0,0,7
09,001,190,Western Connecticut Planning Region,83430,Weston town,FEMALE,85+,18,81,71,5,0,1,0,1,3
09,001,190,Western Connecticut Planning Region,83500,Westport town,MALE,00--04,1,621,485,14,0,32,0,43,47
09,001,190,Western Connecticut Planning Region,83500,Westport town,MALE,05--09,2,976,726,16,1,59,0,77,97
09,001,190,Western Connecticut Planning Region,83500,Westport town,MALE,10--14,3,1198,902,24,1,92,0,91,88
09,001,190,Western Connecticut Planning Region,83500,Westport town,MALE,15--19,4,1193,968,25,2,55,0,46,97
09,001,190,Western Connecticut Planning Region,83500,Westport town,MALE,20--24,5,689,575,11,2,23,0,18,60
09,001,190,Western Connecticut Planning Region,83500,Westport town,MALE,25--29,6,329,264,2,1,20,0,16,26
09,001,190,Western Connecticut Planning Region,83500,Westport town,MALE,30--34,7,280,233,7,0,14,0,9,17
09,001,190,Western Connecticut Planning Region,83500,Westport town,MALE,35--39,8,548,461,9,1,38,0,5,34
09,001,190,Western Connecticut Planning Region,83500,Westport town,MALE,40--44,9,806,651,14,2,73,0,10,56
09,001,190,Western Connecticut Planning Region,83500,Westport town,MALE,45--49,10,994,805,10,0,115,0,15,49
09,001,190,Western Connecticut Planning Region,83500,Westport town,MALE,50--54,11,1192,1012,15,1,86,0,20,58
09,001,190,Western Connecticut Planning Region,83500,Westport town,MALE,55--59,12,1202,1083,21,0,45,0,12,41
09,001,190,Western Connecticut Planning Region,83500,Westport town,MALE,60--64,13,1041,970,4,0,26,0,2,39
09,001,190,Western Connecticut Planning Region,83500,Westport town,MALE,65--69,14,789,734,13,0,25,0,5,12
09,001,190,Western Connecticut Planning Region,83500,Westport town,MALE,70--74,15,576,541,1,0,25,0,6,3
09,001,190,Western Connecticut Planning Region,83500,Westport town,MALE,75--79,16,416,390,4,0,11,0,2,9
09,001,190,Western Connecticut Planning Region,83500,Westport town,MALE,80--84,17,264,248,1,0,6,0,0,9
09,001,190,Western Connecticut Planning Region,83500,Westport town,MALE,85+,18,235,223,1,0,10,0,0,1
09,001,190,Western Connecticut Planning Region,83500,Westport town,FEMALE,00--04,1,619,483,7,0,43,0,37,49
09,001,190,Western Connecticut Planning Region,83500,Westport town,FEMALE,05--09,2,901,677,20,1,67,0,66,70
09,001,190,Western Connecticut Planning Region,83500,Westport town,FEMALE,10--14,3,1170,898,15,0,78,0,88,91
09,001,190,Western Connecticut Planning Region,83500,Westport town,FEMALE,15--19,4,1107,878,25,1,63,0,46,94
09,001,190,Western Connecticut Planning Region,83500,Westport town,FEMALE,20--24,5,716,567,20,0,49,0,27,53
09,001,190,Western Connecticut Planning Region,83500,Westport town,FEMALE,25--29,6,303,225,9,0,13,0,9,47
09,001,190,Western Connecticut Planning Region,83500,Westport town,FEMALE,30--34,7,346,276,3,1,24,0,9,33
09,001,190,Western Connecticut Planning Region,83500,Westport town,FEMALE,35--39,8,654,527,7,0,63,0,9,48
09,001,190,Western Connecticut Planning Region,83500,Westport town,FEMALE,40--44,9,893,661,31,0,116,0,16,69
09,001,190,Western Connecticut Planning Region,83500,Westport town,FEMALE,45--49,10,1098,842,25,0,146,0,21,64
09,001,190,Western Connecticut Planning Region,83500,Westport town,FEMALE,50--54,11,1256,1064,13,0,107,0,12,60
09,001,190,Western Connecticut Planning Region,83500,Westport town,FEMALE,55--59,12,1248,1104,18,1,46,0,15,64
09,001,190,Western Connecticut Planning Region,83500,Westport town,FEMALE,60--64,13,994,912,6,0,45,0,6,25
09,001,190,Western Connecticut Planning Region,83500,Westport town,FEMALE,65--69,14,800,742,8,0,27,0,7,16
09,001,190,Western Connecticut Planning Region,83500,Westport town,FEMALE,70--74,15,625,567,9,0,25,0,6,18
09,001,190,Western Connecticut Planning Region,83500,Westport town,FEMALE,75--79,16,473,429,5,0,19,0,1,19
09,001,190,Western Connecticut Planning Region,83500,Westport town,FEMALE,80--84,17,331,303,1,0,10,0,3,14
09,001,190,Western Connecticut Planning Region,83500,Westport town,FEMALE,85+,18,395,357,9,1,15,0,1,12
09,001,190,Western Connecticut Planning Region,86370,Wilton town,MALE,00--04,1,485,359,5,0,38,0,42,41
09,001,190,Western Connecticut Planning Region,86370,Wilton town,MALE,05--09,2,569,428,8,1,59,0,36,37
09,001,190,Western Connecticut Planning Region,86370,Wilton town,MALE,10--14,3,854,653,3,0,106,0,53,39
09,001,190,Western Connecticut Planning Region,86370,Wilton town,MALE,15--19,4,840,667,11,0,80,1,34,47
09,001,190,Western Connecticut Planning Region,86370,Wilton town,MALE,20--24,5,494,413,8,0,28,0,23,22
09,001,190,Western Connecticut Planning Region,86370,Wilton town,MALE,25--29,6,249,208,7,0,13,0,9,12
09,001,190,Western Connecticut Planning Region,86370,Wilton town,MALE,30--34,7,232,185,2,0,17,1,8,19
09,001,190,Western Connecticut Planning Region,86370,Wilton town,MALE,35--39,8,432,331,5,0,59,0,11,26
09,001,190,Western Connecticut Planning Region,86370,Wilton town,MALE,40--44,9,620,483,6,0,79,2,13,37
09,001,190,Western Connecticut Planning Region,86370,Wilton town,MALE,45--49,10,713,540,12,1,117,1,8,34
09,001,190,Western Connecticut Planning Region,86370,Wilton town,MALE,50--54,11,772,652,7,0,70,0,8,35
09,001,190,Western Connecticut Planning Region,86370,Wilton town,MALE,55--59,12,745,673,4,0,31,0,9,28
09,001,190,Western Connecticut Planning Region,86370,Wilton town,MALE,60--64,13,664,611,1,0,33,0,7,12
09,001,190,Western Connecticut Planning Region,86370,Wilton town,MALE,65--69,14,466,422,5,0,16,0,5,18
09,001,190,Western Connecticut Planning Region,86370,Wilton town,MALE,70--74,15,345,318,6,0,7,0,0,14
09,001,190,Western Connecticut Planning Region,86370,Wilton town,MALE,75--79,16,239,221,7,0,10,0,0,1
09,001,190,Western Connecticut Planning Region,86370,Wilton town,MALE,80--84,17,156,145,2,0,2,0,1,6
09,001,190,Western Connecticut Planning Region,86370,Wilton town,MALE,85+,18,175,163,4,0,3,0,0,5
09,001,190,Western Connecticut Planning Region,86370,Wilton town,FEMALE,00--04,1,409,309,5,0,38,0,26,31
09,001,190,Western Connecticut Planning Region,86370,Wilton town,FEMALE,05--09,2,638,452,14,1,71,0,35,65
09,001,190,Western Connecticut Planning Region,86370,Wilton town,FEMALE,10--14,3,861,640,9,0,98,0,64,50
09,001,190,Western Connecticut Planning Region,86370,Wilton town,FEMALE,15--19,4,776,629,7,0,54,0,42,44
09,001,190,Western Connecticut Planning Region,86370,Wilton town,FEMALE,20--24,5,441,360,4,0,21,0,18,38
09,001,190,Western Connecticut Planning Region,86370,Wilton town,FEMALE,25--29,6,204,168,7,0,11,0,7,11
09,001,190,Western Connecticut Planning Region,86370,Wilton town,FEMALE,30--34,7,270,210,3,0,36,0,6,15
09,001,190,Western Connecticut Planning Region,86370,Wilton town,FEMALE,35--39,8,454,341,3,0,78,0,11,21
09,001,190,Western Connecticut Planning Region,86370,Wilton town,FEMALE,40--44,9,688,494,17,1,116,2,11,47
09,001,190,Western Connecticut Planning Region,86370,Wilton town,FEMALE,45--49,10,687,536,7,0,102,1,11,30
09,001,190,Western Connecticut Planning Region,86370,Wilton town,FEMALE,50--54,11,828,687,18,1,66,0,11,45
09,001,190,Western Connecticut Planning Region,86370,Wilton town,FEMALE,55--59,12,765,673,10,0,49,0,6,27
09,001,190,Western Connecticut Planning Region,86370,Wilton town,FEMALE,60--64,13,610,555,8,0,31,0,3,13
09,001,190,Western Connecticut Planning Region,86370,Wilton town,FEMALE,65--69,14,473,430,3,0,26,0,5,9
09,001,190,Western Connecticut Planning Region,86370,Wilton town,FEMALE,70--74,15,406,363,6,0,27,0,0,10
09,001,190,Western Connecticut Planning Region,86370,Wilton town,FEMALE,75--79,16,337,302,8,0,9,0,4,14
09,001,190,Western Connecticut Planning Region,86370,Wilton town,FEMALE,80--84,17,234,214,1,0,11,0,3,5
09,001,190,Western Connecticut Planning Region,86370,Wilton town,FEMALE,85+,18,329,318,4,0,2,0,0,5
09,003,110,Capitol Planning Region,02060,Avon town,MALE,00--04,1,446,314,14,0,55,0,32,31
09,003,110,Capitol Planning Region,02060,Avon town,MALE,05--09,2,582,383,14,3,109,0,38,35
09,003,110,Capitol Planning Region,02060,Avon town,MALE,10--14,3,663,422,28,0,127,0,32,54
09,003,110,Capitol Planning Region,02060,Avon town,MALE,15--19,4,734,538,18,0,97,0,33,48
09,003,110,Capitol Planning Region,02060,Avon town,MALE,20--24,5,460,355,4,4,49,0,14,34
09,003,110,Capitol Planning Region,02060,Avon town,MALE,25--29,6,306,236,8,0,19,1,14,28
09,003,110,Capitol Planning Region,02060,Avon town,MALE,30--34,7,369,288,10,1,40,0,10,20
09,003,110,Capitol Planning Region,02060,Avon town,MALE,35--39,8,510,364,17,0,94,0,13,22
09,003,110,Capitol Planning Region,02060,Avon town,MALE,40--44,9,632,425,37,1,160,1,4,4
09,003,110,Capitol Planning Region,02060,Avon town,MALE,45--49,10,627,430,21,0,130,0,12,34
09,003,110,Capitol Planning Region,02060,Avon town,MALE,50--54,11,714,562,19,1,93,0,8,31
09,003,110,Capitol Planning Region,02060,Avon town,MALE,55--59,12,710,611,8,0,65,1,4,21
09,003,110,Capitol Planning Region,02060,Avon town,MALE,60--64,13,670,613,8,0,18,0,7,24
09,003,110,Capitol Planning Region,02060,Avon town,MALE,65--69,14,511,459,6,0,26,0,1,19
09,003,110,Capitol Planning Region,02060,Avon town,MALE,70--74,15,491,474,1,0,12,0,1,3
09,003,110,Capitol Planning Region,02060,Avon town,MALE,75--79,16,283,266,5,0,7,0,0,5
09,003,110,Capitol Planning Region,02060,Avon town,MALE,80--84,17,229,214,3,0,5,0,3,4
09,003,110,Capitol Planning Region,02060,Avon town,MALE,85+,18,171,160,4,0,3,0,0,4
09,003,110,Capitol Planning Region,02060,Avon town,FEMALE,00--04,1,437,301,9,1,58,0,29,39
09,003,110,Capitol Planning Region,02060,Avon town,FEMALE,05--09,2,624,374,22,0,123,0,49,56
09,003,110,Capitol Planning Region,02060,Avon town,FEMALE,10--14,3,661,429,19,2,141,0,28,42
09,003,110,Capitol Planning Region,02060,Avon town,FEMALE,15--19,4,639,447,12,0,94,0,27,59
09,003,110,Capitol Planning Region,02060,Avon town,FEMALE,20--24,5,411,299,11,0,44,0,19,38
09,003,110,Capitol Planning Region,02060,Avon town,FEMALE,25--29,6,306,224,10,0,24,0,11,37
09,003,110,Capitol Planning Region,02060,Avon town,FEMALE,30--34,7,388,288,9,0,68,0,11,12
09,003,110,Capitol Planning Region,02060,Avon town,FEMALE,35--39,8,598,407,13,0,146,0,5,27
09,003,110,Capitol Planning Region,02060,Avon town,FEMALE,40--44,9,645,413,17,3,165,0,8,39
09,003,110,Capitol Planning Region,02060,Avon town,FEMALE,45--49,10,679,489,20,1,116,0,15,38
09,003,110,Capitol Planning Region,02060,Avon town,FEMALE,50--54,11,747,606,17,0,81,0,7,36
09,003,110,Capitol Planning Region,02060,Avon town,FEMALE,55--59,12,768,655,10,1,69,0,9,24
09,003,110,Capitol Planning Region,02060,Avon town,FEMALE,60--64,13,636,589,6,1,33,0,0,7
09,003,110,Capitol Planning Region,02060,Avon town,FEMALE,65--69,14,620,569,8,0,23,0,5,15
09,003,110,Capitol Planning Region,02060,Avon town,FEMALE,70--74,15,547,494,20,0,20,0,3,10
09,003,110,Capitol Planning Region,02060,Avon town,FEMALE,75--79,16,391,355,7,3,18,0,0,8
09,003,110,Capitol Planning Region,02060,Avon town,FEMALE,80--84,17,273,249,6,1,11,0,1,5
09,003,110,Capitol Planning Region,02060,Avon town,FEMALE,85+,18,369,360,1,1,3,0,0,4
09,003,110,Capitol Planning Region,04300,Berlin town,MALE,00--04,1,415,348,3,0,21,0,12,31
09,003,110,Capitol Planning Region,04300,Berlin town,MALE,05--09,2,486,374,9,0,14,0,19,70
09,003,110,Capitol Planning Region,04300,Berlin town,MALE,10--14,3,565,441,14,3,18,0,23,66
09,003,110,Capitol Planning Region,04300,Berlin town,MALE,15--19,4,668,546,8,2,20,0,30,62
09,003,110,Capitol Planning Region,04300,Berlin town,MALE,20--24,5,561,492,10,0,16,0,8,35
09,003,110,Capitol Planning Region,04300,Berlin town,MALE,25--29,6,480,400,12,0,18,0,13,37
09,003,110,Capitol Planning Region,04300,Berlin town,MALE,30--34,7,532,462,5,0,24,0,15,26
09,003,110,Capitol Planning Region,04300,Berlin town,MALE,35--39,8,606,527,9,1,35,1,11,22
09,003,110,Capitol Planning Region,04300,Berlin town,MALE,40--44,9,590,524,12,0,12,0,5,37
09,003,110,Capitol Planning Region,04300,Berlin town,MALE,45--49,10,614,531,16,0,19,0,10,38
09,003,110,Capitol Planning Region,04300,Berlin town,MALE,50--54,11,702,624,7,2,28,0,9,32
09,003,110,Capitol Planning Region,04300,Berlin town,MALE,55--59,12,831,765,11,0,20,0,12,23
09,003,110,Capitol Planning Region,04300,Berlin town,MALE,60--64,13,782,719,4,0,27,0,3,29
09,003,110,Capitol Planning Region,04300,Berlin town,MALE,65--69,14,706,664,13,0,10,0,3,16
09,003,110,Capitol Planning Region,04300,Berlin town,MALE,70--74,15,522,489,3,0,13,0,3,14
09,003,110,Capitol Planning Region,04300,Berlin town,MALE,75--79,16,365,347,0,0,13,0,2,3
09,003,110,Capitol Planning Region,04300,Berlin town,MALE,80--84,17,227,213,3,0,6,0,0,5
09,003,110,Capitol Planning Region,04300,Berlin town,MALE,85+,18,205,191,8,0,2,0,0,4
09,003,110,Capitol Planning Region,04300,Berlin town,FEMALE,00--04,1,423,347,11,2,13,0,15,35
09,003,110,Capitol Planning Region,04300,Berlin town,FEMALE,05--09,2,480,401,4,0,15,0,27,33
09,003,110,Capitol Planning Region,04300,Berlin town,FEMALE,10--14,3,577,461,10,0,21,0,28,57
09,003,110,Capitol Planning Region,04300,Berlin town,FEMALE,15--19,4,502,413,6,0,12,0,21,50
09,003,110,Capitol Planning Region,04300,Berlin town,FEMALE,20--24,5,525,432,6,0,28,0,16,43
09,003,110,Capitol Planning Region,04300,Berlin town,FEMALE,25--29,6,452,371,7,0,31,0,10,33
09,003,110,Capitol Planning Region,04300,Berlin town,FEMALE,30--34,7,496,424,8,0,15,0,10,39
09,003,110,Capitol Planning Region,04300,Berlin town,FEMALE,35--39,8,585,496,15,0,21,0,2,51
09,003,110,Capitol Planning Region,04300,Berlin town,FEMALE,40--44,9,584,490,15,0,38,0,4,37
09,003,110,Capitol Planning Region,04300,Berlin town,FEMALE,45--49,10,614,526,7,1,32,0,7,41
09,003,110,Capitol Planning Region,04300,Berlin town,FEMALE,50--54,11,751,669,9,0,36,0,5,32
09,003,110,Capitol Planning Region,04300,Berlin town,FEMALE,55--59,12,798,734,4,1,20,0,8,31
09,003,110,Capitol Planning Region,04300,Berlin town,FEMALE,60--64,13,891,823,8,0,32,0,9,19
09,003,110,Capitol Planning Region,04300,Berlin town,FEMALE,65--69,14,792,749,1,0,15,0,8,19
09,003,110,Capitol Planning Region,04300,Berlin town,FEMALE,70--74,15,654,602,10,0,20,0,9,13
09,003,110,Capitol Planning Region,04300,Berlin town,FEMALE,75--79,16,462,434,2,0,10,0,3,13
09,003,110,Capitol Planning Region,04300,Berlin town,FEMALE,80--84,17,292,268,0,0,4,0,5,15
09,003,110,Capitol Planning Region,04300,Berlin town,FEMALE,85+,18,378,356,8,1,2,0,2,9
09,003,110,Capitol Planning Region,05910,Bloomfield town,MALE,00--04,1,424,75,263,1,9,0,18,58
09,003,110,Capitol Planning Region,05910,Bloomfield town,MALE,05--09,2,430,52,279,1,9,0,25,64
09,003,110,Capitol Planning Region,05910,Bloomfield town,MALE,10--14,3,499,49,328,1,9,0,31,81
09,003,110,Capitol Planning Region,05910,Bloomfield town,MALE,15--19,4,491,50,341,1,12,0,35,52
09,003,110,Capitol Planning Region,05910,Bloomfield town,MALE,20--24,5,626,152,365,0,18,0,31,60
09,003,110,Capitol Planning Region,05910,Bloomfield town,MALE,25--29,6,767,286,361,0,29,0,32,59
09,003,110,Capitol Planning Region,05910,Bloomfield town,MALE,30--34,7,642,222,300,1,24,0,29,66
09,003,110,Capitol Planning Region,05910,Bloomfield town,MALE,35--39,8,581,171,300,0,33,0,13,64
09,003,110,Capitol Planning Region,05910,Bloomfield town,MALE,40--44,9,512,118,302,0,13,0,17,62
09,003,110,Capitol Planning Region,05910,Bloomfield town,MALE,45--49,10,496,120,294,0,18,0,12,52
09,003,110,Capitol Planning Region,05910,Bloomfield town,MALE,50--54,11,594,173,363,0,11,0,10,37
09,003,110,Capitol Planning Region,05910,Bloomfield town,MALE,55--59,12,761,250,427,5,19,0,16,44
09,003,110,Capitol Planning Region,05910,Bloomfield town,MALE,60--64,13,734,308,376,0,5,0,12,33
09,003,110,Capitol Planning Region,05910,Bloomfield town,MALE,65--69,14,636,321,272,0,14,1,5,23
09,003,110,Capitol Planning Region,05910,Bloomfield town,MALE,70--74,15,601,273,291,1,18,0,8,10
09,003,110,Capitol Planning Region,05910,Bloomfield town,MALE,75--79,16,438,241,172,1,3,0,4,17
09,003,110,Capitol Planning Region,05910,Bloomfield town,MALE,80--84,17,298,167,104,0,2,0,2,23
09,003,110,Capitol Planning Region,05910,Bloomfield town,MALE,85+,18,325,228,77,0,3,1,3,13
09,003,110,Capitol Planning Region,05910,Bloomfield town,FEMALE,00--04,1,407,90,214,3,10,0,31,59
09,003,110,Capitol Planning Region,05910,Bloomfield town,FEMALE,05--09,2,438,46,287,3,8,0,24,70
09,003,110,Capitol Planning Region,05910,Bloomfield town,FEMALE,10--14,3,491,69,331,0,5,0,18,68
09,003,110,Capitol Planning Region,05910,Bloomfield town,FEMALE,15--19,4,508,67,348,0,13,0,19,61
09,003,110,Capitol Planning Region,05910,Bloomfield town,FEMALE,20--24,5,658,192,370,0,17,0,22,57
09,003,110,Capitol Planning Region,05910,Bloomfield town,FEMALE,25--29,6,661,230,314,0,28,0,16,73
09,003,110,Capitol Planning Region,05910,Bloomfield town,FEMALE,30--34,7,615,173,323,0,26,0,33,60
09,003,110,Capitol Planning Region,05910,Bloomfield town,FEMALE,35--39,8,607,150,361,0,27,0,18,51
09,003,110,Capitol Planning Region,05910,Bloomfield town,FEMALE,40--44,9,559,99,356,7,23,0,30,44
09,003,110,Capitol Planning Region,05910,Bloomfield town,FEMALE,45--49,10,608,121,390,0,13,0,23,61
09,003,110,Capitol Planning Region,05910,Bloomfield town,FEMALE,50--54,11,765,175,484,0,25,0,24,57
09,003,110,Capitol Planning Region,05910,Bloomfield town,FEMALE,55--59,12,854,254,524,4,11,0,13,48
09,003,110,Capitol Planning Region,05910,Bloomfield town,FEMALE,60--64,13,972,395,519,0,1,1,16,40
09,003,110,Capitol Planning Region,05910,Bloomfield town,FEMALE,65--69,14,884,383,443,0,10,0,14,34
09,003,110,Capitol Planning Region,05910,Bloomfield town,FEMALE,70--74,15,903,383,437,5,12,0,15,51
09,003,110,Capitol Planning Region,05910,Bloomfield town,FEMALE,75--79,16,594,274,294,0,5,0,2,19
09,003,110,Capitol Planning Region,05910,Bloomfield town,FEMALE,80--84,17,499,258,210,0,7,0,8,16
09,003,110,Capitol Planning Region,05910,Bloomfield town,FEMALE,85+,18,604,393,180,6,4,0,3,18
09,003,140,Naugatuck Valley Planning Region,08490,Bristol town,MALE,00--04,1,1604,861,90,4,33,0,127,489
09,003,140,Naugatuck Valley Planning Region,08490,Bristol town,MALE,05--09,2,1657,881,133,2,60,1,106,474
09,003,140,Naugatuck Valley Planning Region,08490,Bristol town,MALE,10--14,3,1792,982,97,4,55,0,129,525
09,003,140,Naugatuck Valley Planning Region,08490,Bristol town,MALE,15--19,4,1796,1067,96,1,53,0,116,463
09,003,140,Naugatuck Valley Planning Region,08490,Bristol town,MALE,20--24,5,1778,1172,106,1,52,0,93,354
09,003,140,Naugatuck Valley Planning Region,08490,Bristol town,MALE,25--29,6,2041,1340,148,3,63,0,74,413
09,003,140,Naugatuck Valley Planning Region,08490,Bristol town,MALE,30--34,7,2129,1438,138,1,75,1,70,406
09,003,140,Naugatuck Valley Planning Region,08490,Bristol town,MALE,35--39,8,2161,1465,149,0,82,0,55,410
09,003,140,Naugatuck Valley Planning Region,08490,Bristol town,MALE,40--44,9,1877,1302,153,2,71,1,36,312
09,003,140,Naugatuck Valley Planning Region,08490,Bristol town,MALE,45--49,10,1791,1309,141,3,56,0,26,256
09,003,140,Naugatuck Valley Planning Region,08490,Bristol town,MALE,50--54,11,2038,1608,116,1,43,0,41,229
09,003,140,Naugatuck Valley Planning Region,08490,Bristol town,MALE,55--59,12,2105,1782,104,0,29,0,38,152
09,003,140,Naugatuck Valley Planning Region,08490,Bristol town,MALE,60--64,13,2103,1864,73,2,29,1,24,110
09,003,140,Naugatuck Valley Planning Region,08490,Bristol town,MALE,65--69,14,1647,1462,42,0,32,0,19,92
09,003,140,Naugatuck Valley Planning Region,08490,Bristol town,MALE,70--74,15,1189,1085,30,0,15,1,19,39
09,003,140,Naugatuck Valley Planning Region,08490,Bristol town,MALE,75--79,16,862,774,29,3,19,0,5,32
09,003,140,Naugatuck Valley Planning Region,08490,Bristol town,MALE,80--84,17,489,448,11,3,5,0,4,18
09,003,140,Naugatuck Valley Planning Region,08490,Bristol town,MALE,85+,18,429,403,3,1,6,0,2,14
09,003,140,Naugatuck Valley Planning Region,08490,Bristol town,FEMALE,00--04,1,1456,742,109,3,37,1,101,463
09,003,140,Naugatuck Valley Planning Region,08490,Bristol town,FEMALE,05--09,2,1617,813,126,4,41,1,110,522
09,003,140,Naugatuck Valley Planning Region,08490,Bristol town,FEMALE,10--14,3,1837,955,119,0,64,1,126,572
09,003,140,Naugatuck Valley Planning Region,08490,Bristol town,FEMALE,15--19,4,1617,960,93,0,27,0,101,436
09,003,140,Naugatuck Valley Planning Region,08490,Bristol town,FEMALE,20--24,5,1734,1108,93,3,60,0,83,387
09,003,140,Naugatuck Valley Planning Region,08490,Bristol town,FEMALE,25--29,6,2088,1340,151,1,82,2,70,442
09,003,140,Naugatuck Valley Planning Region,08490,Bristol town,FEMALE,30--34,7,2156,1422,157,5,72,0,73,427
09,003,140,Naugatuck Valley Planning Region,08490,Bristol town,FEMALE,35--39,8,2166,1440,146,0,81,0,72,427
09,003,140,Naugatuck Valley Planning Region,08490,Bristol town,FEMALE,40--44,9,1919,1290,113,1,83,0,45,387
09,003,140,Naugatuck Valley Planning Region,08490,Bristol town,FEMALE,45--49,10,1810,1351,111,0,57,0,53,238
09,003,140,Naugatuck Valley Planning Region,08490,Bristol town,FEMALE,50--54,11,2095,1654,102,3,36,1,50,249
09,003,140,Naugatuck Valley Planning Region,08490,Bristol town,FEMALE,55--59,12,2254,1877,82,1,47,0,49,198
09,003,140,Naugatuck Valley Planning Region,08490,Bristol town,FEMALE,60--64,13,2215,1937,64,4,35,0,35,140
09,003,140,Naugatuck Valley Planning Region,08490,Bristol town,FEMALE,65--69,14,1815,1606,41,3,38,0,18,109
09,003,140,Naugatuck Valley Planning Region,08490,Bristol town,FEMALE,70--74,15,1592,1428,49,0,13,0,16,86
09,003,140,Naugatuck Valley Planning Region,08490,Bristol town,FEMALE,75--79,16,1149,1027,27,5,16,0,7,67
09,003,140,Naugatuck Valley Planning Region,08490,Bristol town,FEMALE,80--84,17,737,681,12,0,4,2,9,29
09,003,140,Naugatuck Valley Planning Region,08490,Bristol town,FEMALE,85+,18,917,874,4,1,11,0,4,23
09,003,160,Northwest Hills Planning Region,10100,Burlington town,MALE,00--04,1,262,222,3,0,3,0,20,14
09,003,160,Northwest Hills Planning Region,10100,Burlington town,MALE,05--09,2,275,222,5,0,5,0,10,33
09,003,160,Northwest Hills Planning Region,10100,Burlington town,MALE,10--14,3,355,293,6,0,7,0,29,20
09,003,160,Northwest Hills Planning Region,10100,Burlington town,MALE,15--19,4,352,322,3,0,1,0,11,15
09,003,160,Northwest Hills Planning Region,10100,Burlington town,MALE,20--24,5,273,246,0,1,8,0,10,8
09,003,160,Northwest Hills Planning Region,10100,Burlington town,MALE,25--29,6,195,177,1,0,3,0,7,7
09,003,160,Northwest Hills Planning Region,10100,Burlington town,MALE,30--34,7,234,206,2,0,2,0,8,16
09,003,160,Northwest Hills Planning Region,10100,Burlington town,MALE,35--39,8,288,261,0,0,6,0,11,10
09,003,160,Northwest Hills Planning Region,10100,Burlington town,MALE,40--44,9,342,313,3,1,3,0,8,14
09,003,160,Northwest Hills Planning Region,10100,Burlington town,MALE,45--49,10,318,295,1,0,6,0,6,10
09,003,160,Northwest Hills Planning Region,10100,Burlington town,MALE,50--54,11,441,414,4,0,11,0,6,6
09,003,160,Northwest Hills Planning Region,10100,Burlington town,MALE,55--59,12,418,394,0,0,4,0,12,8
09,003,160,Northwest Hills Planning Region,10100,Burlington town,MALE,60--64,13,350,338,2,0,4,0,4,2
09,003,160,Northwest Hills Planning Region,10100,Burlington town,MALE,65--69,14,316,301,3,0,0,0,0,12
09,003,160,Northwest Hills Planning Region,10100,Burlington town,MALE,70--74,15,220,213,2,0,0,0,0,5
09,003,160,Northwest Hills Planning Region,10100,Burlington town,MALE,75--79,16,162,153,1,0,2,0,4,2
09,003,160,Northwest Hills Planning Region,10100,Burlington town,MALE,80--84,17,48,42,0,0,2,0,0,4
09,003,160,Northwest Hills Planning Region,10100,Burlington town,MALE,85+,18,38,34,0,0,0,0,0,4
09,003,160,Northwest Hills Planning Region,10100,Burlington town,FEMALE,00--04,1,208,173,2,0,7,0,13,13
09,003,160,Northwest Hills Planning Region,10100,Burlington town,FEMALE,05--09,2,275,234,3,0,6,0,21,11
09,003,160,Northwest Hills Planning Region,10100,Burlington town,FEMALE,10--14,3,286,257,5,0,4,0,11,9
09,003,160,Northwest Hills Planning Region,10100,Burlington town,FEMALE,15--19,4,334,286,2,0,10,0,6,30
09,003,160,Northwest Hills Planning Region,10100,Burlington town,FEMALE,20--24,5,224,201,0,0,7,0,4,12
09,003,160,Northwest Hills Planning Region,10100,Burlington town,FEMALE,25--29,6,165,141,2,0,3,0,8,11
09,003,160,Northwest Hills Planning Region,10100,Burlington town,FEMALE,30--34,7,222,196,5,0,3,0,9,9
09,003,160,Northwest Hills Planning Region,10100,Burlington town,FEMALE,35--39,8,307,265,1,0,14,0,15,12
09,003,160,Northwest Hills Planning Region,10100,Burlington town,FEMALE,40--44,9,319,288,7,1,5,0,7,11
09,003,160,Northwest Hills Planning Region,10100,Burlington town,FEMALE,45--49,10,343,317,0,0,5,0,7,14
09,003,160,Northwest Hills Planning Region,10100,Burlington town,FEMALE,50--54,11,437,394,9,1,13,0,0,20
09,003,160,Northwest Hills Planning Region,10100,Burlington town,FEMALE,55--59,12,384,358,0,0,11,0,6,9
09,003,160,Northwest Hills Planning Region,10100,Burlington town,FEMALE,60--64,13,374,350,0,0,6,0,6,12
09,003,160,Northwest Hills Planning Region,10100,Burlington town,FEMALE,65--69,14,282,266,2,0,4,0,0,10
09,003,160,Northwest Hills Planning Region,10100,Burlington town,FEMALE,70--74,15,258,252,0,0,4,0,2,0
09,003,160,Northwest Hills Planning Region,10100,Burlington town,FEMALE,75--79,16,149,146,0,0,0,0,0,3
09,003,160,Northwest Hills Planning Region,10100,Burlington town,FEMALE,80--84,17,64,62,0,0,0,0,0,2
09,003,160,Northwest Hills Planning Region,10100,Burlington town,FEMALE,85+,18,71,61,1,0,3,0,2,4
09,003,110,Capitol Planning Region,12270,Canton town,MALE,00--04,1,265,231,7,1,2,0,12,12
09,003,110,Capitol Planning Region,12270,Canton town,MALE,05--09,2,306,246,11,0,3,0,26,20
09,003,110,Capitol Planning Region,12270,Canton town,MALE,10--14,3,312,261,3,2,6,0,9,31
09,003,110,Capitol Planning Region,12270,Canton town,MALE,15--19,4,315,280,6,1,6,0,6,16
09,003,110,Capitol Planning Region,12270,Canton town,MALE,20--24,5,252,224,7,1,2,0,2,16
09,003,110,Capitol Planning Region,12270,Canton town,MALE,25--29,6,218,192,4,0,2,0,13,7
09,003,110,Capitol Planning Region,12270,Canton town,MALE,30--34,7,250,215,4,0,13,0,4,14
09,003,110,Capitol Planning Region,12270,Canton town,MALE,35--39,8,310,283,11,1,3,0,7,5
09,003,110,Capitol Planning Region,12270,Canton town,MALE,40--44,9,341,305,4,0,10,0,3,19
09,003,110,Capitol Planning Region,12270,Canton town,MALE,45--49,10,282,263,8,0,2,0,6,3
09,003,110,Capitol Planning Region,12270,Canton town,MALE,50--54,11,385,335,10,0,16,0,10,14
09,003,110,Capitol Planning Region,12270,Canton town,MALE,55--59,12,373,352,1,0,7,0,4,9
09,003,110,Capitol Planning Region,12270,Canton town,MALE,60--64,13,421,401,3,0,5,0,3,9
09,003,110,Capitol Planning Region,12270,Canton town,MALE,65--69,14,326,309,5,0,2,0,1,9
09,003,110,Capitol Planning Region,12270,Canton town,MALE,70--74,15,238,226,5,2,1,0,1,3
09,003,110,Capitol Planning Region,12270,Canton town,MALE,75--79,16,202,197,0,0,0,0,0,5
09,003,110,Capitol Planning Region,12270,Canton town,MALE,80--84,17,84,84,0,0,0,0,0,0
09,003,110,Capitol Planning Region,12270,Canton town,MALE,85+,18,93,90,2,1,0,0,0,0
09,003,110,Capitol Planning Region,12270,Canton town,FEMALE,00--04,1,244,197,6,2,8,0,13,18
09,003,110,Capitol Planning Region,12270,Canton town,FEMALE,05--09,2,281,232,11,0,9,0,10,19
09,003,110,Capitol Planning Region,12270,Canton town,FEMALE,10--14,3,303,255,1,0,11,0,14,22
09,003,110,Capitol Planning Region,12270,Canton town,FEMALE,15--19,4,312,260,4,0,16,0,7,25
09,003,110,Capitol Planning Region,12270,Canton town,FEMALE,20--24,5,211,191,3,0,1,0,4,12
09,003,110,Capitol Planning Region,12270,Canton town,FEMALE,25--29,6,193,171,2,0,3,0,3,14
09,003,110,Capitol Planning Region,12270,Canton town,FEMALE,30--34,7,246,220,4,0,9,0,3,10
09,003,110,Capitol Planning Region,12270,Canton town,FEMALE,35--39,8,305,266,3,0,7,0,11,18
09,003,110,Capitol Planning Region,12270,Canton town,FEMALE,40--44,9,302,273,8,0,11,0,3,7
09,003,110,Capitol Planning Region,12270,Canton town,FEMALE,45--49,10,340,312,4,2,10,0,2,10
09,003,110,Capitol Planning Region,12270,Canton town,FEMALE,50--54,11,394,355,4,0,11,0,5,19
09,003,110,Capitol Planning Region,12270,Canton town,FEMALE,55--59,12,428,393,5,1,8,0,8,13
09,003,110,Capitol Planning Region,12270,Canton town,FEMALE,60--64,13,424,396,5,0,2,0,9,12
09,003,110,Capitol Planning Region,12270,Canton town,FEMALE,65--69,14,341,320,2,0,5,0,4,10
09,003,110,Capitol Planning Region,12270,Canton town,FEMALE,70--74,15,317,308,2,0,1,0,2,4
09,003,110,Capitol Planning Region,12270,Canton town,FEMALE,75--79,16,211,202,2,0,4,0,2,1
09,003,110,Capitol Planning Region,12270,Canton town,FEMALE,80--84,17,121,114,0,0,2,0,5,0
09,003,110,Capitol Planning Region,12270,Canton town,FEMALE,85+,18,137,132,2,0,0,0,0,3
09,003,110,Capitol Planning Region,22070,East Granby town,MALE,00--04,1,169,125,4,0,15,0,11,14
09,003,110,Capitol Planning Region,22070,East Granby town,MALE,05--09,2,163,120,6,0,15,0,10,12
09,003,110,Capitol Planning Region,22070,East Granby town,MALE,10--14,3,174,139,8,0,4,0,6,17
09,003,110,Capitol Planning Region,22070,East Granby town,MALE,15--19,4,159,137,2,0,2,0,4,14
09,003,110,Capitol Planning Region,22070,East Granby town,MALE,20--24,5,114,91,3,0,11,0,1,8
09,003,110,Capitol Planning Region,22070,East Granby town,MALE,25--29,6,151,130,6,0,0,0,4,11
09,003,110,Capitol Planning Region,22070,East Granby town,MALE,30--34,7,151,129,2,0,5,0,1,14
09,003,110,Capitol Planning Region,22070,East Granby town,MALE,35--39,8,195,164,4,2,15,0,5,5
09,003,110,Capitol Planning Region,22070,East Granby town,MALE,40--44,9,166,132,6,0,20,0,3,5
09,003,110,Capitol Planning Region,22070,East Granby town,MALE,45--49,10,158,131,6,2,12,0,1,6
09,003,110,Capitol Planning Region,22070,East Granby town,MALE,50--54,11,173,149,4,0,10,0,1,9
09,003,110,Capitol Planning Region,22070,East Granby town,MALE,55--59,12,214,192,8,0,5,0,2,7
09,003,110,Capitol Planning Region,22070,East Granby town,MALE,60--64,13,215,198,3,0,7,0,1,6
09,003,110,Capitol Planning Region,22070,East Granby town,MALE,65--69,14,161,151,2,0,4,0,0,4
09,003,110,Capitol Planning Region,22070,East Granby town,MALE,70--74,15,100,90,2,0,1,0,0,7
09,003,110,Capitol Planning Region,22070,East Granby town,MALE,75--79,16,80,75,1,0,3,0,0,1
09,003,110,Capitol Planning Region,22070,East Granby town,MALE,80--84,17,44,40,0,0,2,0,0,2
09,003,110,Capitol Planning Region,22070,East Granby town,MALE,85+,18,31,30,1,0,0,0,0,0
09,003,110,Capitol Planning Region,22070,East Granby town,FEMALE,00--04,1,122,97,1,0,4,0,5,15
09,003,110,Capitol Planning Region,22070,East Granby town,FEMALE,05--09,2,146,103,5,0,10,0,12,16
09,003,110,Capitol Planning Region,22070,East Granby town,FEMALE,10--14,3,166,118,9,0,13,0,13,13
09,003,110,Capitol Planning Region,22070,East Granby town,FEMALE,15--19,4,161,125,6,1,12,0,7,10
09,003,110,Capitol Planning Region,22070,East Granby town,FEMALE,20--24,5,114,88,4,1,13,0,3,5
09,003,110,Capitol Planning Region,22070,East Granby town,FEMALE,25--29,6,108,87,5,0,1,0,6,9
09,003,110,Capitol Planning Region,22070,East Granby town,FEMALE,30--34,7,158,122,4,0,20,0,6,6
09,003,110,Capitol Planning Region,22070,East Granby town,FEMALE,35--39,8,178,137,9,0,20,0,4,8
09,003,110,Capitol Planning Region,22070,East Granby town,FEMALE,40--44,9,175,146,8,0,5,0,9,7
09,003,110,Capitol Planning Region,22070,East Granby town,FEMALE,45--49,10,159,126,6,0,14,0,3,10
09,003,110,Capitol Planning Region,22070,East Granby town,FEMALE,50--54,11,186,160,7,0,5,0,1,13
09,003,110,Capitol Planning Region,22070,East Granby town,FEMALE,55--59,12,218,197,3,1,6,0,2,9
09,003,110,Capitol Planning Region,22070,East Granby town,FEMALE,60--64,13,218,195,8,1,9,0,2,3
09,003,110,Capitol Planning Region,22070,East Granby town,FEMALE,65--69,14,131,116,2,1,4,0,2,6
09,003,110,Capitol Planning Region,22070,East Granby town,FEMALE,70--74,15,116,107,2,0,3,0,0,4
09,003,110,Capitol Planning Region,22070,East Granby town,FEMALE,75--79,16,85,83,0,0,1,0,0,1
09,003,110,Capitol Planning Region,22070,East Granby town,FEMALE,80--84,17,63,61,0,0,0,0,1,1
09,003,110,Capitol Planning Region,22070,East Granby town,FEMALE,85+,18,55,51,3,0,0,0,0,1
09,003,110,Capitol Planning Region,22630,East Hartford town,MALE,00--04,1,1491,189,449,2,45,0,69,737
09,003,110,Capitol Planning Region,22630,East Hartford town,MALE,05--09,2,1615,199,495,0,62,0,67,792
09,003,110,Capitol Planning Region,22630,East Hartford town,MALE,10--14,3,1703,219,574,3,42,1,94,770
09,003,110,Capitol Planning Region,22630,East Hartford town,MALE,15--19,4,1720,228,557,3,99,0,71,762
09,003,110,Capitol Planning Region,22630,East Hartford town,MALE,20--24,5,1622,306,537,5,70,0,50,654
09,003,110,Capitol Planning Region,22630,East Hartford town,MALE,25--29,6,1817,493,526,2,97,0,34,665
09,003,110,Capitol Planning Region,22630,East Hartford town,MALE,30--34,7,1667,488,469,2,93,1,38,576
09,003,110,Capitol Planning Region,22630,East Hartford town,MALE,35--39,8,1595,446,472,2,82,0,33,560
09,003,110,Capitol Planning Region,22630,East Hartford town,MALE,40--44,9,1647,429,493,1,79,0,23,622
09,003,110,Capitol Planning Region,22630,East Hartford town,MALE,45--49,10,1473,423,431,6,82,0,36,495
09,003,110,Capitol Planning Region,22630,East Hartford town,MALE,50--54,11,1619,535,478,2,94,0,25,485
09,003,110,Capitol Planning Region,22630,East Hartford town,MALE,55--59,12,1715,738,449,3,94,0,20,411
09,003,110,Capitol Planning Region,22630,East Hartford town,MALE,60--64,13,1632,841,383,5,76,0,22,305
09,003,110,Capitol Planning Region,22630,East Hartford town,MALE,65--69,14,1208,706,242,2,52,0,12,194
09,003,110,Capitol Planning Region,22630,East Hartford town,MALE,70--74,15,884,555,158,5,33,0,9,124
09,003,110,Capitol Planning Region,22630,East Hartford town,MALE,75--79,16,633,417,116,3,12,0,6,79
09,003,110,Capitol Planning Region,22630,East Hartford town,MALE,80--84,17,401,270,63,1,13,0,3,51
09,003,110,Capitol Planning Region,22630,East Hartford town,MALE,85+,18,267,215,11,1,10,0,1,29
09,003,110,Capitol Planning Region,22630,East Hartford town,FEMALE,00--04,1,1437,231,451,0,50,1,67,637
09,003,110,Capitol Planning Region,22630,East Hartford town,FEMALE,05--09,2,1508,197,477,4,59,0,69,702
09,003,110,Capitol Planning Region,22630,East Hartford town,FEMALE,10--14,3,1592,203,526,0,63,0,64,736
09,003,110,Capitol Planning Region,22630,East Hartford town,FEMALE,15--19,4,1580,234,497,6,73,0,67,703
09,003,110,Capitol Planning Region,22630,East Hartford town,FEMALE,20--24,5,1606,307,512,6,60,1,64,656
09,003,110,Capitol Planning Region,22630,East Hartford town,FEMALE,25--29,6,1747,404,528,1,94,0,42,678
09,003,110,Capitol Planning Region,22630,East Hartford town,FEMALE,30--34,7,1711,417,516,1,87,1,24,665
09,003,110,Capitol Planning Region,22630,East Hartford town,FEMALE,35--39,8,1812,450,559,1,90,2,49,661
09,003,110,Capitol Planning Region,22630,East Hartford town,FEMALE,40--44,9,1767,387,529,8,70,0,57,716
09,003,110,Capitol Planning Region,22630,East Hartford town,FEMALE,45--49,10,1621,386,531,10,99,0,13,582
09,003,110,Capitol Planning Region,22630,East Hartford town,FEMALE,50--54,11,1626,504,529,3,92,0,22,476
09,003,110,Capitol Planning Region,22630,East Hartford town,FEMALE,55--59,12,1958,778,560,5,114,2,30,469
09,003,110,Capitol Planning Region,22630,East Hartford town,FEMALE,60--64,13,1691,783,448,3,62,1,28,366
09,003,110,Capitol Planning Region,22630,East Hartford town,FEMALE,65--69,14,1362,731,285,1,53,0,16,276
09,003,110,Capitol Planning Region,22630,East Hartford town,FEMALE,70--74,15,1141,657,200,1,51,0,37,195
09,003,110,Capitol Planning Region,22630,East Hartford town,FEMALE,75--79,16,784,495,114,0,33,0,13,129
09,003,110,Capitol Planning Region,22630,East Hartford town,FEMALE,80--84,17,514,341,74,2,14,0,3,80
09,003,110,Capitol Planning Region,22630,East Hartford town,FEMALE,85+,18,568,434,58,3,15,0,3,55
09,003,110,Capitol Planning Region,24800,East Windsor town,MALE,00--04,1,268,118,28,1,53,0,31,37
09,003,110,Capitol Planning Region,24800,East Windsor town,MALE,05--09,2,277,141,36,3,16,0,21,60
09,003,110,Capitol Planning Region,24800,East Windsor town,MALE,10--14,3,207,122,17,0,7,0,16,45
09,003,110,Capitol Planning Region,24800,East Windsor town,MALE,15--19,4,278,175,34,0,6,0,14,49
09,003,110,Capitol Planning Region,24800,East Windsor town,MALE,20--24,5,323,252,25,0,8,0,6,32
09,003,110,Capitol Planning Region,24800,East Windsor town,MALE,25--29,6,424,303,32,2,46,0,14,27
09,003,110,Capitol Planning Region,24800,East Windsor town,MALE,30--34,7,458,278,27,0,102,0,7,44
09,003,110,Capitol Planning Region,24800,East Windsor town,MALE,35--39,8,358,218,32,0,60,0,6,42
09,003,110,Capitol Planning Region,24800,East Windsor town,MALE,40--44,9,304,186,28,0,30,0,10,50
09,003,110,Capitol Planning Region,24800,East Windsor town,MALE,45--49,10,280,215,19,0,13,0,7,26
09,003,110,Capitol Planning Region,24800,East Windsor town,MALE,50--54,11,377,294,25,0,6,0,19,33
09,003,110,Capitol Planning Region,24800,East Windsor town,MALE,55--59,12,472,408,29,1,6,0,6,22
09,003,110,Capitol Planning Region,24800,East Windsor town,MALE,60--64,13,502,440,32,0,6,0,9,15
09,003,110,Capitol Planning Region,24800,East Windsor town,MALE,65--69,14,381,354,13,0,5,0,2,7
09,003,110,Capitol Planning Region,24800,East Windsor town,MALE,70--74,15,278,249,9,0,0,0,4,16
09,003,110,Capitol Planning Region,24800,East Windsor town,MALE,75--79,16,192,176,3,0,3,0,1,9
09,003,110,Capitol Planning Region,24800,East Windsor town,MALE,80--84,17,117,113,1,0,0,0,2,1
09,003,110,Capitol Planning Region,24800,East Windsor town,MALE,85+,18,96,92,2,0,0,0,1,1
09,003,110,Capitol Planning Region,24800,East Windsor town,FEMALE,00--04,1,287,142,22,3,40,0,26,54
09,003,110,Capitol Planning Region,24800,East Windsor town,FEMALE,05--09,2,234,135,19,0,23,0,13,44
09,003,110,Capitol Planning Region,24800,East Windsor town,FEMALE,10--14,3,240,138,18,0,12,0,18,54
09,003,110,Capitol Planning Region,24800,East Windsor town,FEMALE,15--19,4,228,131,20,2,11,0,21,43
09,003,110,Capitol Planning Region,24800,East Windsor town,FEMALE,20--24,5,249,182,17,1,11,0,10,28
09,003,110,Capitol Planning Region,24800,East Windsor town,FEMALE,25--29,6,347,215,18,0,75,0,11,28
09,003,110,Capitol Planning Region,24800,East Windsor town,FEMALE,30--34,7,397,224,31,0,85,0,11,46
09,003,110,Capitol Planning Region,24800,East Windsor town,FEMALE,35--39,8,395,258,47,0,35,0,10,45
09,003,110,Capitol Planning Region,24800,East Windsor town,FEMALE,40--44,9,271,173,34,0,16,0,4,44
09,003,110,Capitol Planning Region,24800,East Windsor town,FEMALE,45--49,10,281,213,19,0,14,0,15,20
09,003,110,Capitol Planning Region,24800,East Windsor town,FEMALE,50--54,11,399,327,18,0,15,0,15,24
09,003,110,Capitol Planning Region,24800,East Windsor town,FEMALE,55--59,12,501,416,24,2,20,0,9,30
09,003,110,Capitol Planning Region,24800,East Windsor town,FEMALE,60--64,13,501,437,15,0,17,0,10,22
09,003,110,Capitol Planning Region,24800,East Windsor town,FEMALE,65--69,14,390,359,13,0,4,0,7,7
09,003,110,Capitol Planning Region,24800,East Windsor town,FEMALE,70--74,15,312,295,7,1,4,0,1,4
09,003,110,Capitol Planning Region,24800,East Windsor town,FEMALE,75--79,16,211,197,3,0,3,0,3,5
09,003,110,Capitol Planning Region,24800,East Windsor town,FEMALE,80--84,17,159,145,3,0,4,0,3,4
09,003,110,Capitol Planning Region,24800,East Windsor town,FEMALE,85+,18,168,151,5,0,4,0,6,2
09,003,110,Capitol Planning Region,25990,Enfield town,MALE,00--04,1,1028,678,64,4,38,0,68,176
09,003,110,Capitol Planning Region,25990,Enfield town,MALE,05--09,2,1065,697,90,6,26,0,76,170
09,003,110,Capitol Planning Region,25990,Enfield town,MALE,10--14,3,1141,767,68,1,34,0,66,205
09,003,110,Capitol Planning Region,25990,Enfield town,MALE,15--19,4,1117,775,81,3,27,0,60,171
09,003,110,Capitol Planning Region,25990,Enfield town,MALE,20--24,5,1299,897,151,4,23,0,61,163
09,003,110,Capitol Planning Region,25990,Enfield town,MALE,25--29,6,1878,1224,264,0,67,0,40,283
09,003,110,Capitol Planning Region,25990,Enfield town,MALE,30--34,7,1891,1196,299,0,57,2,38,299
09,003,110,Capitol Planning Region,25990,Enfield town,MALE,35--39,8,1824,1218,246,4,68,0,36,252
09,003,110,Capitol Planning Region,25990,Enfield town,MALE,40--44,9,1495,1030,170,6,38,0,34,217
09,003,110,Capitol Planning Region,25990,Enfield town,MALE,45--49,10,1272,950,127,0,23,1,29,142
09,003,110,Capitol Planning Region,25990,Enfield town,MALE,50--54,11,1430,1128,129,0,25,0,24,124
09,003,110,Capitol Planning Region,25990,Enfield town,MALE,55--59,12,1648,1424,80,9,23,0,33,79
09,003,110,Capitol Planning Region,25990,Enfield town,MALE,60--64,13,1557,1390,76,0,21,0,20,50
09,003,110,Capitol Planning Region,25990,Enfield town,MALE,65--69,14,1160,1071,18,0,26,0,18,27
09,003,110,Capitol Planning Region,25990,Enfield town,MALE,70--74,15,772,712,19,0,5,0,10,26
09,003,110,Capitol Planning Region,25990,Enfield town,MALE,75--79,16,569,533,12,0,3,0,4,17
09,003,110,Capitol Planning Region,25990,Enfield town,MALE,80--84,17,388,355,13,0,6,0,2,12
09,003,110,Capitol Planning Region,25990,Enfield town,MALE,85+,18,293,282,3,0,2,0,3,3
09,003,110,Capitol Planning Region,25990,Enfield town,FEMALE,00--04,1,928,603,62,0,36,0,65,162
09,003,110,Capitol Planning Region,25990,Enfield town,FEMALE,05--09,2,968,657,59,2,23,0,46,181
09,003,110,Capitol Planning Region,25990,Enfield town,FEMALE,10--14,3,1080,703,61,7,45,0,73,191
09,003,110,Capitol Planning Region,25990,Enfield town,FEMALE,15--19,4,1072,744,66,3,25,1,55,178
09,003,110,Capitol Planning Region,25990,Enfield town,FEMALE,20--24,5,1092,797,57,3,44,0,58,133
09,003,110,Capitol Planning Region,25990,Enfield town,FEMALE,25--29,6,1374,1047,74,6,53,2,57,135
09,003,110,Capitol Planning Region,25990,Enfield town,FEMALE,30--34,7,1408,1079,83,1,54,0,42,149
09,003,110,Capitol Planning Region,25990,Enfield town,FEMALE,35--39,8,1351,984,71,5,59,0,52,180
09,003,110,Capitol Planning Region,25990,Enfield town,FEMALE,40--44,9,1189,931,65,4,28,1,32,128
09,003,110,Capitol Planning Region,25990,Enfield town,FEMALE,45--49,10,1080,881,50,0,41,0,30,78
09,003,110,Capitol Planning Region,25990,Enfield town,FEMALE,50--54,11,1295,1091,50,1,18,1,34,100
09,003,110,Capitol Planning Region,25990,Enfield town,FEMALE,55--59,12,1628,1419,71,1,25,0,35,77
09,003,110,Capitol Planning Region,25990,Enfield town,FEMALE,60--64,13,1533,1391,39,1,30,0,30,42
09,003,110,Capitol Planning Region,25990,Enfield town,FEMALE,65--69,14,1143,1033,30,3,23,0,27,27
09,003,110,Capitol Planning Region,25990,Enfield town,FEMALE,70--74,15,977,912,27,0,15,0,10,13
09,003,110,Capitol Planning Region,25990,Enfield town,FEMALE,75--79,16,871,817,20,0,16,0,6,12
09,003,110,Capitol Planning Region,25990,Enfield town,FEMALE,80--84,17,553,527,13,0,4,0,5,4
09,003,110,Capitol Planning Region,25990,Enfield town,FEMALE,85+,18,663,630,7,0,3,1,5,17
09,003,110,Capitol Planning Region,27600,Farmington town,MALE,00--04,1,607,369,19,0,117,0,39,63
09,003,110,Capitol Planning Region,27600,Farmington town,MALE,05--09,2,810,492,25,0,180,0,47,66
09,003,110,Capitol Planning Region,27600,Farmington town,MALE,10--14,3,859,512,44,0,183,0,46,74
09,003,110,Capitol Planning Region,27600,Farmington town,MALE,15--19,4,804,526,38,0,131,0,33,76
09,003,110,Capitol Planning Region,27600,Farmington town,MALE,20--24,5,709,515,26,0,82,0,26,60
09,003,110,Capitol Planning Region,27600,Farmington town,MALE,25--29,6,719,539,59,0,64,0,9,48
09,003,110,Capitol Planning Region,27600,Farmington town,MALE,30--34,7,700,545,11,0,81,1,17,45
09,003,110,Capitol Planning Region,27600,Farmington town,MALE,35--39,8,832,545,33,2,192,0,20,40
09,003,110,Capitol Planning Region,27600,Farmington town,MALE,40--44,9,841,516,33,0,240,0,21,31
09,003,110,Capitol Planning Region,27600,Farmington town,MALE,45--49,10,846,552,28,0,215,0,13,38
09,003,110,Capitol Planning Region,27600,Farmington town,MALE,50--54,11,866,661,25,1,131,0,11,37
09,003,110,Capitol Planning Region,27600,Farmington town,MALE,55--59,12,930,763,20,3,105,0,13,26
09,003,110,Capitol Planning Region,27600,Farmington town,MALE,60--64,13,929,825,17,0,44,0,6,37
09,003,110,Capitol Planning Region,27600,Farmington town,MALE,65--69,14,774,697,16,0,46,0,2,13
09,003,110,Capitol Planning Region,27600,Farmington town,MALE,70--74,15,600,546,6,2,35,0,4,7
09,003,110,Capitol Planning Region,27600,Farmington town,MALE,75--79,16,401,362,9,0,20,0,4,6
09,003,110,Capitol Planning Region,27600,Farmington town,MALE,80--84,17,255,232,10,0,8,0,0,5
09,003,110,Capitol Planning Region,27600,Farmington town,MALE,85+,18,290,270,3,0,9,0,2,6
09,003,110,Capitol Planning Region,27600,Farmington town,FEMALE,00--04,1,564,327,19,0,111,1,42,64
09,003,110,Capitol Planning Region,27600,Farmington town,FEMALE,05--09,2,724,398,48,0,175,0,42,61
09,003,110,Capitol Planning Region,27600,Farmington town,FEMALE,10--14,3,884,495,15,4,221,0,43,106
09,003,110,Capitol Planning Region,27600,Farmington town,FEMALE,15--19,4,782,513,25,2,136,0,30,76
09,003,110,Capitol Planning Region,27600,Farmington town,FEMALE,20--24,5,653,469,28,1,76,0,24,55
09,003,110,Capitol Planning Region,27600,Farmington town,FEMALE,25--29,6,713,518,44,1,80,0,8,62
09,003,110,Capitol Planning Region,27600,Farmington town,FEMALE,30--34,7,704,472,29,1,116,0,26,60
09,003,110,Capitol Planning Region,27600,Farmington town,FEMALE,35--39,8,904,554,31,0,238,0,17,64
09,003,110,Capitol Planning Region,27600,Farmington town,FEMALE,40--44,9,904,521,26,1,276,0,26,54
09,003,110,Capitol Planning Region,27600,Farmington town,FEMALE,45--49,10,918,625,35,0,177,0,17,64
09,003,110,Capitol Planning Region,27600,Farmington town,FEMALE,50--54,11,940,713,37,0,123,2,18,47
09,003,110,Capitol Planning Region,27600,Farmington town,FEMALE,55--59,12,1011,833,29,0,93,0,13,43
09,003,110,Capitol Planning Region,27600,Farmington town,FEMALE,60--64,13,1004,864,25,0,67,0,12,36
09,003,110,Capitol Planning Region,27600,Farmington town,FEMALE,65--69,14,847,750,20,0,54,0,8,15
09,003,110,Capitol Planning Region,27600,Farmington town,FEMALE,70--74,15,785,722,10,0,42,0,0,11
09,003,110,Capitol Planning Region,27600,Farmington town,FEMALE,75--79,16,565,520,6,0,23,0,1,15
09,003,110,Capitol Planning Region,27600,Farmington town,FEMALE,80--84,17,377,336,7,0,16,0,3,15
09,003,110,Capitol Planning Region,27600,Farmington town,FEMALE,85+,18,596,575,7,0,7,0,2,5
09,003,110,Capitol Planning Region,31240,Glastonbury town,MALE,00--04,1,847,586,26,3,82,0,60,90
09,003,110,Capitol Planning Region,31240,Glastonbury town,MALE,05--09,2,1116,733,28,0,160,0,61,134
09,003,110,Capitol Planning Region,31240,Glastonbury town,MALE,10--14,3,1181,826,37,2,137,0,65,114
09,003,110,Capitol Planning Region,31240,Glastonbury town,MALE,15--19,4,1214,917,35,0,116,0,44,102
09,003,110,Capitol Planning Region,31240,Glastonbury town,MALE,20--24,5,934,727,27,0,62,0,42,76
09,003,110,Capitol Planning Region,31240,Glastonbury town,MALE,25--29,6,837,665,31,1,64,0,15,61
09,003,110,Capitol Planning Region,31240,Glastonbury town,MALE,30--34,7,859,672,17,0,72,0,27,71
09,003,110,Capitol Planning Region,31240,Glastonbury town,MALE,35--39,8,1050,798,34,0,147,0,15,56
09,003,110,Capitol Planning Region,31240,Glastonbury town,MALE,40--44,9,1086,796,42,1,166,0,15,66
09,003,110,Capitol Planning Region,31240,Glastonbury town,MALE,45--49,10,1153,854,30,3,182,0,19,65
09,003,110,Capitol Planning Region,31240,Glastonbury town,MALE,50--54,11,1283,1041,40,0,128,0,20,54
09,003,110,Capitol Planning Region,31240,Glastonbury town,MALE,55--59,12,1446,1237,28,2,113,1,19,46
09,003,110,Capitol Planning Region,31240,Glastonbury town,MALE,60--64,13,1171,1033,29,1,67,0,7,34
09,003,110,Capitol Planning Region,31240,Glastonbury town,MALE,65--69,14,910,800,4,0,56,0,13,37
09,003,110,Capitol Planning Region,31240,Glastonbury town,MALE,70--74,15,792,732,6,0,31,0,3,20
09,003,110,Capitol Planning Region,31240,Glastonbury town,MALE,75--79,16,545,497,6,0,23,0,4,15
09,003,110,Capitol Planning Region,31240,Glastonbury town,MALE,80--84,17,355,320,4,1,22,0,2,6
09,003,110,Capitol Planning Region,31240,Glastonbury town,MALE,85+,18,281,264,4,0,8,0,2,3
09,003,110,Capitol Planning Region,31240,Glastonbury town,FEMALE,00--04,1,753,522,13,0,86,0,52,80
09,003,110,Capitol Planning Region,31240,Glastonbury town,FEMALE,05--09,2,971,635,29,2,129,0,54,122
09,003,110,Capitol Planning Region,31240,Glastonbury town,FEMALE,10--14,3,1215,808,47,3,163,0,64,130
09,003,110,Capitol Planning Region,31240,Glastonbury town,FEMALE,15--19,4,1217,916,43,3,119,0,52,84
09,003,110,Capitol Planning Region,31240,Glastonbury town,FEMALE,20--24,5,854,641,17,0,84,0,35,77
09,003,110,Capitol Planning Region,31240,Glastonbury town,FEMALE,25--29,6,802,639,10,1,51,0,29,72
09,003,110,Capitol Planning Region,31240,Glastonbury town,FEMALE,30--34,7,890,678,27,0,100,0,28,57
09,003,110,Capitol Planning Region,31240,Glastonbury town,FEMALE,35--39,8,1173,814,48,0,192,0,29,90
09,003,110,Capitol Planning Region,31240,Glastonbury town,FEMALE,40--44,9,1184,830,36,2,212,0,12,92
09,003,110,Capitol Planning Region,31240,Glastonbury town,FEMALE,45--49,10,1187,880,43,0,173,0,18,73
09,003,110,Capitol Planning Region,31240,Glastonbury town,FEMALE,50--54,11,1406,1166,30,0,137,0,15,58
09,003,110,Capitol Planning Region,31240,Glastonbury town,FEMALE,55--59,12,1466,1253,28,2,93,0,17,73
09,003,110,Capitol Planning Region,31240,Glastonbury town,FEMALE,60--64,13,1251,1090,30,0,63,0,9,59
09,003,110,Capitol Planning Region,31240,Glastonbury town,FEMALE,65--69,14,1048,941,19,1,50,0,12,25
09,003,110,Capitol Planning Region,31240,Glastonbury town,FEMALE,70--74,15,938,837,26,0,38,0,16,21
09,003,110,Capitol Planning Region,31240,Glastonbury town,FEMALE,75--79,16,660,598,11,0,35,0,3,13
09,003,110,Capitol Planning Region,31240,Glastonbury town,FEMALE,80--84,17,430,394,8,0,12,3,3,10
09,003,110,Capitol Planning Region,31240,Glastonbury town,FEMALE,85+,18,551,512,12,0,10,0,2,15
09,003,110,Capitol Planning Region,32640,Granby town,MALE,00--04,1,290,247,1,1,9,0,4,28
09,003,110,Capitol Planning Region,32640,Granby town,MALE,05--09,2,311,250,1,0,8,1,27,24
09,003,110,Capitol Planning Region,32640,Granby town,MALE,10--14,3,354,296,3,1,8,0,15,31
09,003,110,Capitol Planning Region,32640,Granby town,MALE,15--19,4,356,299,6,3,10,2,16,20
09,003,110,Capitol Planning Region,32640,Granby town,MALE,20--24,5,257,233,2,0,5,0,11,6
09,003,110,Capitol Planning Region,32640,Granby town,MALE,25--29,6,232,203,8,1,4,0,8,8
09,003,110,Capitol Planning Region,32640,Granby town,MALE,30--34,7,258,228,3,1,3,0,6,17
09,003,110,Capitol Planning Region,32640,Granby town,MALE,35--39,8,300,266,3,0,8,1,2,20
09,003,110,Capitol Planning Region,32640,Granby town,MALE,40--44,9,302,271,2,0,9,0,5,15
09,003,110,Capitol Planning Region,32640,Granby town,MALE,45--49,10,352,318,9,0,3,0,11,11
09,003,110,Capitol Planning Region,32640,Granby town,MALE,50--54,11,410,383,4,2,3,0,7,11
09,003,110,Capitol Planning Region,32640,Granby town,MALE,55--59,12,484,464,7,3,3,0,6,1
09,003,110,Capitol Planning Region,32640,Granby town,MALE,60--64,13,461,438,7,0,4,0,6,6
09,003,110,Capitol Planning Region,32640,Granby town,MALE,65--69,14,401,385,2,0,0,0,2,12
09,003,110,Capitol Planning Region,32640,Granby town,MALE,70--74,15,286,280,0,0,2,0,0,4
09,003,110,Capitol Planning Region,32640,Granby town,MALE,75--79,16,176,168,1,3,3,1,0,0
09,003,110,Capitol Planning Region,32640,Granby town,MALE,80--84,17,125,118,4,0,1,0,0,2
09,003,110,Capitol Planning Region,32640,Granby town,MALE,85+,18,86,86,0,0,0,0,0,0
09,003,110,Capitol Planning Region,32640,Granby town,FEMALE,00--04,1,213,179,1,0,3,0,10,20
09,003,110,Capitol Planning Region,32640,Granby town,FEMALE,05--09,2,323,266,6,0,6,1,14,30
09,003,110,Capitol Planning Region,32640,Granby town,FEMALE,10--14,3,398,329,6,1,10,0,23,29
09,003,110,Capitol Planning Region,32640,Granby town,FEMALE,15--19,4,367,322,2,3,6,0,9,25
09,003,110,Capitol Planning Region,32640,Granby town,FEMALE,20--24,5,255,229,1,1,4,0,8,12
09,003,110,Capitol Planning Region,32640,Granby town,FEMALE,25--29,6,198,172,2,0,3,0,11,10
09,003,110,Capitol Planning Region,32640,Granby town,FEMALE,30--34,7,249,222,3,0,6,0,8,10
09,003,110,Capitol Planning Region,32640,Granby town,FEMALE,35--39,8,286,268,2,0,3,0,3,10
09,003,110,Capitol Planning Region,32640,Granby town,FEMALE,40--44,9,336,289,4,1,7,3,10,22
09,003,110,Capitol Planning Region,32640,Granby town,FEMALE,45--49,10,342,318,8,0,5,0,4,7
09,003,110,Capitol Planning Region,32640,Granby town,FEMALE,50--54,11,423,403,2,0,1,0,4,13
09,003,110,Capitol Planning Region,32640,Granby town,FEMALE,55--59,12,499,474,1,4,9,1,8,2
09,003,110,Capitol Planning Region,32640,Granby town,FEMALE,60--64,13,480,466,4,1,2,0,3,4
09,003,110,Capitol Planning Region,32640,Granby town,FEMALE,65--69,14,366,352,0,0,5,0,4,5
09,003,110,Capitol Planning Region,32640,Granby town,FEMALE,70--74,15,303,284,6,0,3,0,2,8
09,003,110,Capitol Planning Region,32640,Granby town,FEMALE,75--79,16,208,202,3,0,0,0,1,2
09,003,110,Capitol Planning Region,32640,Granby town,FEMALE,80--84,17,130,125,0,0,3,0,1,1
09,003,110,Capitol Planning Region,32640,Granby town,FEMALE,85+,18,137,127,2,0,2,0,2,4
09,003,110,Capitol Planning Region,37070,Hartford town,MALE,00--04,1,3790,257,1273,10,157,2,89,2002
09,003,110,Capitol Planning Region,37070,Hartford town,MALE,05--09,2,3769,198,1273,9,114,3,87,2085
09,003,110,Capitol Planning Region,37070,Hartford town,MALE,10--14,3,4082,209,1531,2,98,1,98,2143
09,003,110,Capitol Planning Region,37070,Hartford town,MALE,15--19,4,4870,753,1689,11,145,0,122,2150
09,003,110,Capitol Planning Region,37070,Hartford town,MALE,20--24,5,5594,1153,1828,2,262,6,122,2221
09,003,110,Capitol Planning Region,37070,Hartford town,MALE,25--29,6,5168,788,1684,19,383,2,102,2190
09,003,110,Capitol Planning Region,37070,Hartford town,MALE,30--34,7,4685,674,1584,11,401,3,73,1939
09,003,110,Capitol Planning Region,37070,Hartford town,MALE,35--39,8,4074,541,1409,10,249,1,57,1807
09,003,110,Capitol Planning Region,37070,Hartford town,MALE,40--44,9,3667,455,1338,6,117,4,58,1689
09,003,110,Capitol Planning Region,37070,Hartford town,MALE,45--49,10,2977,383,1121,2,73,2,57,1339
09,003,110,Capitol Planning Region,37070,Hartford town,MALE,50--54,11,3320,429,1289,15,76,1,61,1449
09,003,110,Capitol Planning Region,37070,Hartford town,MALE,55--59,12,3294,527,1300,10,83,2,54,1318
09,003,110,Capitol Planning Region,37070,Hartford town,MALE,60--64,13,3019,611,1216,6,60,0,56,1070
09,003,110,Capitol Planning Region,37070,Hartford town,MALE,65--69,14,2304,512,872,1,56,0,31,832
09,003,110,Capitol Planning Region,37070,Hartford town,MALE,70--74,15,1743,435,616,2,34,1,28,627
09,003,110,Capitol Planning Region,37070,Hartford town,MALE,75--79,16,1127,294,371,3,24,0,12,423
09,003,110,Capitol Planning Region,37070,Hartford town,MALE,80--84,17,607,140,225,1,21,0,6,214
09,003,110,Capitol Planning Region,37070,Hartford town,MALE,85+,18,510,213,145,5,7,0,3,137
09,003,110,Capitol Planning Region,37070,Hartford town,FEMALE,00--04,1,3744,238,1364,8,153,1,95,1885
09,003,110,Capitol Planning Region,37070,Hartford town,FEMALE,05--09,2,3719,182,1281,2,121,1,99,2033
09,003,110,Capitol Planning Region,37070,Hartford town,FEMALE,10--14,3,4028,190,1494,14,78,3,96,2153
09,003,110,Capitol Planning Region,37070,Hartford town,FEMALE,15--19,4,5058,935,1655,6,131,1,87,2243
09,003,110,Capitol Planning Region,37070,Hartford town,FEMALE,20--24,5,5643,1181,1753,14,302,0,134,2259
09,003,110,Capitol Planning Region,37070,Hartford town,FEMALE,25--29,6,5075,613,1790,16,371,1,91,2193
09,003,110,Capitol Planning Region,37070,Hartford town,FEMALE,30--34,7,4579,492,1659,11,324,2,91,2000
09,003,110,Capitol Planning Region,37070,Hartford town,FEMALE,35--39,8,4211,433,1577,14,152,1,73,1961
09,003,110,Capitol Planning Region,37070,Hartford town,FEMALE,40--44,9,4000,393,1609,10,86,2,70,1830
09,003,110,Capitol Planning Region,37070,Hartford town,FEMALE,45--49,10,3313,286,1366,4,68,2,52,1535
09,003,110,Capitol Planning Region,37070,Hartford town,FEMALE,50--54,11,3661,338,1501,5,88,2,71,1656
09,003,110,Capitol Planning Region,37070,Hartford town,FEMALE,55--59,12,3490,417,1461,13,52,4,79,1464
09,003,110,Capitol Planning Region,37070,Hartford town,FEMALE,60--64,13,3251,475,1348,17,46,3,51,1311
09,003,110,Capitol Planning Region,37070,Hartford town,FEMALE,65--69,14,2750,452,1141,10,40,3,50,1054
09,003,110,Capitol Planning Region,37070,Hartford town,FEMALE,70--74,15,2157,434,811,5,32,0,33,842
09,003,110,Capitol Planning Region,37070,Hartford town,FEMALE,75--79,16,1445,281,568,5,23,0,26,542
09,003,110,Capitol Planning Region,37070,Hartford town,FEMALE,80--84,17,995,219,379,0,24,0,13,360
09,003,110,Capitol Planning Region,37070,Hartford town,FEMALE,85+,18,856,329,297,4,14,0,6,206
09,003,160,Northwest Hills Planning Region,37140,Hartland town,MALE,00--04,1,28,27,0,0,0,0,0,1
09,003,160,Northwest Hills Planning Region,37140,Hartland town,MALE,05--09,2,54,49,1,0,0,0,2,2
09,003,160,Northwest Hills Planning Region,37140,Hartland town,MALE,10--14,3,72,69,0,0,1,0,0,2
09,003,160,Northwest Hills Planning Region,37140,Hartland town,MALE,15--19,4,58,53,1,0,0,0,2,2
09,003,160,Northwest Hills Planning Region,37140,Hartland town,MALE,20--24,5,53,51,1,0,0,0,0,1
09,003,160,Northwest Hills Planning Region,37140,Hartland town,MALE,25--29,6,54,43,1,2,3,0,2,3
09,003,160,Northwest Hills Planning Region,37140,Hartland town,MALE,30--34,7,42,42,0,0,0,0,0,0
09,003,160,Northwest Hills Planning Region,37140,Hartland town,MALE,35--39,8,62,54,3,1,1,0,2,1
09,003,160,Northwest Hills Planning Region,37140,Hartland town,MALE,40--44,9,45,43,1,0,0,0,0,1
09,003,160,Northwest Hills Planning Region,37140,Hartland town,MALE,45--49,10,61,52,0,0,0,0,4,5
09,003,160,Northwest Hills Planning Region,37140,Hartland town,MALE,50--54,11,70,66,1,0,3,0,0,0
09,003,160,Northwest Hills Planning Region,37140,Hartland town,MALE,55--59,12,78,74,0,0,0,0,4,0
09,003,160,Northwest Hills Planning Region,37140,Hartland town,MALE,60--64,13,103,102,0,0,0,0,1,0
09,003,160,Northwest Hills Planning Region,37140,Hartland town,MALE,65--69,14,86,84,0,0,0,0,1,1
09,003,160,Northwest Hills Planning Region,37140,Hartland town,MALE,70--74,15,54,54,0,0,0,0,0,0
09,003,160,Northwest Hills Planning Region,37140,Hartland town,MALE,75--79,16,45,45,0,0,0,0,0,0
09,003,160,Northwest Hills Planning Region,37140,Hartland town,MALE,80--84,17,12,12,0,0,0,0,0,0
09,003,160,Northwest Hills Planning Region,37140,Hartland town,MALE,85+,18,12,9,0,0,1,0,1,1
09,003,160,Northwest Hills Planning Region,37140,Hartland town,FEMALE,00--04,1,27,26,0,1,0,0,0,0
09,003,160,Northwest Hills Planning Region,37140,Hartland town,FEMALE,05--09,2,41,39,0,0,0,0,0,2
09,003,160,Northwest Hills Planning Region,37140,Hartland town,FEMALE,10--14,3,46,43,0,0,0,0,1,2
09,003,160,Northwest Hills Planning Region,37140,Hartland town,FEMALE,15--19,4,66,61,0,0,1,0,2,2
09,003,160,Northwest Hills Planning Region,37140,Hartland town,FEMALE,20--24,5,28,22,2,0,0,0,1,3
09,003,160,Northwest Hills Planning Region,37140,Hartland town,FEMALE,25--29,6,36,32,1,0,0,0,3,0
09,003,160,Northwest Hills Planning Region,37140,Hartland town,FEMALE,30--34,7,39,35,1,0,0,0,1,2
09,003,160,Northwest Hills Planning Region,37140,Hartland town,FEMALE,35--39,8,40,37,0,1,0,0,2,0
09,003,160,Northwest Hills Planning Region,37140,Hartland town,FEMALE,40--44,9,45,43,0,0,0,0,2,0
09,003,160,Northwest Hills Planning Region,37140,Hartland town,FEMALE,45--49,10,51,48,1,0,0,0,2,0
09,003,160,Northwest Hills Planning Region,37140,Hartland town,FEMALE,50--54,11,70,69,0,0,0,0,1,0
09,003,160,Northwest Hills Planning Region,37140,Hartland town,FEMALE,55--59,12,90,83,0,0,0,0,3,4
09,003,160,Northwest Hills Planning Region,37140,Hartland town,FEMALE,60--64,13,106,104,1,0,0,0,1,0
09,003,160,Northwest Hills Planning Region,37140,Hartland town,FEMALE,65--69,14,86,79,0,2,3,0,2,0
09,003,160,Northwest Hills Planning Region,37140,Hartland town,FEMALE,70--74,15,59,59,0,0,0,0,0,0
09,003,160,Northwest Hills Planning Region,37140,Hartland town,FEMALE,75--79,16,43,43,0,0,0,0,0,0
09,003,160,Northwest Hills Planning Region,37140,Hartland town,FEMALE,80--84,17,11,11,0,0,0,0,0,0
09,003,160,Northwest Hills Planning Region,37140,Hartland town,FEMALE,85+,18,19,18,1,0,0,0,0,0
09,003,110,Capitol Planning Region,44700,Manchester town,MALE,00--04,1,1852,554,394,10,320,0,97,477
09,003,110,Capitol Planning Region,44700,Manchester town,MALE,05--09,2,1773,565,336,2,217,0,113,540
09,003,110,Capitol Planning Region,44700,Manchester town,MALE,10--14,3,1668,579,375,5,123,0,116,470
09,003,110,Capitol Planning Region,44700,Manchester town,MALE,15--19,4,1585,600,297,10,115,1,92,470
09,003,110,Capitol Planning Region,44700,Manchester town,MALE,20--24,5,1747,848,291,7,128,1,84,388
09,003,110,Capitol Planning Region,44700,Manchester town,MALE,25--29,6,2517,1313,322,1,322,3,72,484
09,003,110,Capitol Planning Region,44700,Manchester town,MALE,30--34,7,2806,1314,346,4,656,2,50,434
09,003,110,Capitol Planning Region,44700,Manchester town,MALE,35--39,8,2443,1108,379,8,567,0,59,322
09,003,110,Capitol Planning Region,44700,Manchester town,MALE,40--44,9,1830,919,302,11,202,0,58,338
09,003,110,Capitol Planning Region,44700,Manchester town,MALE,45--49,10,1553,860,273,1,121,1,38,259
09,003,110,Capitol Planning Region,44700,Manchester town,MALE,50--54,11,1678,1013,271,2,143,0,34,215
09,003,110,Capitol Planning Region,44700,Manchester town,MALE,55--59,12,1800,1270,209,1,107,0,20,193
09,003,110,Capitol Planning Region,44700,Manchester town,MALE,60--64,13,1690,1312,150,1,89,1,12,125
09,003,110,Capitol Planning Region,44700,Manchester town,MALE,65--69,14,1466,1185,117,1,56,0,20,87
09,003,110,Capitol Planning Region,44700,Manchester town,MALE,70--74,15,1070,895,61,3,36,0,15,60
09,003,110,Capitol Planning Region,44700,Manchester town,MALE,75--79,16,725,622,31,0,25,1,10,36
09,003,110,Capitol Planning Region,44700,Manchester town,MALE,80--84,17,420,352,18,1,17,0,3,29
09,003,110,Capitol Planning Region,44700,Manchester town,MALE,85+,18,387,350,8,3,8,0,3,15
09,003,110,Capitol Planning Region,44700,Manchester town,FEMALE,00--04,1,1717,464,344,6,333,2,117,451
09,003,110,Capitol Planning Region,44700,Manchester town,FEMALE,05--09,2,1619,492,363,1,194,2,107,460
09,003,110,Capitol Planning Region,44700,Manchester town,FEMALE,10--14,3,1560,453,386,8,122,0,102,489
09,003,110,Capitol Planning Region,44700,Manchester town,FEMALE,15--19,4,1517,511,328,5,133,0,68,472
09,003,110,Capitol Planning Region,44700,Manchester town,FEMALE,20--24,5,1848,882,297,3,166,2,90,408
09,003,110,Capitol Planning Region,44700,Manchester town,FEMALE,25--29,6,2701,1256,395,2,413,0,113,522
09,003,110,Capitol Planning Region,44700,Manchester town,FEMALE,30--34,7,2615,1115,413,8,567,0,75,437
09,003,110,Capitol Planning Region,44700,Manchester town,FEMALE,35--39,8,2189,972,413,8,317,0,45,434
09,003,110,Capitol Planning Region,44700,Manchester town,FEMALE,40--44,9,1917,902,359,5,165,1,50,435
09,003,110,Capitol Planning Region,44700,Manchester town,FEMALE,45--49,10,1644,860,286,1,135,0,45,317
09,003,110,Capitol Planning Region,44700,Manchester town,FEMALE,50--54,11,1793,1008,350,4,151,1,30,249
09,003,110,Capitol Planning Region,44700,Manchester town,FEMALE,55--59,12,2006,1290,307,5,113,0,47,244
09,003,110,Capitol Planning Region,44700,Manchester town,FEMALE,60--64,13,1964,1440,235,3,75,0,32,179
09,003,110,Capitol Planning Region,44700,Manchester town,FEMALE,65--69,14,1709,1334,149,4,95,0,18,109
09,003,110,Capitol Planning Region,44700,Manchester town,FEMALE,70--74,15,1331,1082,110,6,25,0,16,92
09,003,110,Capitol Planning Region,44700,Manchester town,FEMALE,75--79,16,934,779,67,0,40,0,10,38
09,003,110,Capitol Planning Region,44700,Manchester town,FEMALE,80--84,17,590,514,32,1,19,0,1,23
09,003,110,Capitol Planning Region,44700,Manchester town,FEMALE,85+,18,766,695,25,2,11,0,2,31
09,003,110,Capitol Planning Region,45820,Marlborough town,MALE,00--04,1,143,126,0,0,1,0,7,9
09,003,110,Capitol Planning Region,45820,Marlborough town,MALE,05--09,2,160,132,0,0,2,0,11,15
09,003,110,Capitol Planning Region,45820,Marlborough town,MALE,10--14,3,217,189,3,0,2,0,12,11
09,003,110,Capitol Planning Region,45820,Marlborough town,MALE,15--19,4,203,177,0,0,6,0,4,16
09,003,110,Capitol Planning Region,45820,Marlborough town,MALE,20--24,5,147,117,1,0,1,0,6,22
09,003,110,Capitol Planning Region,45820,Marlborough town,MALE,25--29,6,127,111,2,0,3,0,1,10
09,003,110,Capitol Planning Region,45820,Marlborough town,MALE,30--34,7,156,133,0,1,1,0,2,19
09,003,110,Capitol Planning Region,45820,Marlborough town,MALE,35--39,8,220,206,0,0,3,0,2,9
09,003,110,Capitol Planning Region,45820,Marlborough town,MALE,40--44,9,179,155,4,0,2,0,5,13
09,003,110,Capitol Planning Region,45820,Marlborough town,MALE,45--49,10,189,174,2,0,4,0,6,3
09,003,110,Capitol Planning Region,45820,Marlborough town,MALE,50--54,11,244,235,0,0,3,0,0,6
09,003,110,Capitol Planning Region,45820,Marlborough town,MALE,55--59,12,263,246,2,0,6,0,4,5
09,003,110,Capitol Planning Region,45820,Marlborough town,MALE,60--64,13,204,186,5,1,2,0,0,10
09,003,110,Capitol Planning Region,45820,Marlborough town,MALE,65--69,14,205,194,3,1,1,0,2,4
09,003,110,Capitol Planning Region,45820,Marlborough town,MALE,70--74,15,169,163,2,0,1,0,0,3
09,003,110,Capitol Planning Region,45820,Marlborough town,MALE,75--79,16,121,117,2,0,0,0,0,2
09,003,110,Capitol Planning Region,45820,Marlborough town,MALE,80--84,17,37,35,1,0,1,0,0,0
09,003,110,Capitol Planning Region,45820,Marlborough town,MALE,85+,18,34,27,2,0,1,0,1,3
09,003,110,Capitol Planning Region,45820,Marlborough town,FEMALE,00--04,1,137,115,5,0,2,0,9,6
09,003,110,Capitol Planning Region,45820,Marlborough town,FEMALE,05--09,2,149,129,1,0,1,0,1,17
09,003,110,Capitol Planning Region,45820,Marlborough town,FEMALE,10--14,3,201,157,1,0,5,0,13,25
09,003,110,Capitol Planning Region,45820,Marlborough town,FEMALE,15--19,4,196,184,1,0,0,0,8,3
09,003,110,Capitol Planning Region,45820,Marlborough town,FEMALE,20--24,5,138,116,1,0,4,0,4,13
09,003,110,Capitol Planning Region,45820,Marlborough town,FEMALE,25--29,6,122,106,1,0,2,0,6,7
09,003,110,Capitol Planning Region,45820,Marlborough town,FEMALE,30--34,7,157,136,3,0,8,0,7,3
09,003,110,Capitol Planning Region,45820,Marlborough town,FEMALE,35--39,8,202,170,8,1,0,0,12,11
09,003,110,Capitol Planning Region,45820,Marlborough town,FEMALE,40--44,9,181,169,1,0,2,0,3,6
09,003,110,Capitol Planning Region,45820,Marlborough town,FEMALE,45--49,10,203,180,3,0,3,0,5,12
09,003,110,Capitol Planning Region,45820,Marlborough town,FEMALE,50--54,11,231,217,2,0,3,0,4,5
09,003,110,Capitol Planning Region,45820,Marlborough town,FEMALE,55--59,12,249,227,2,1,5,0,5,9
09,003,110,Capitol Planning Region,45820,Marlborough town,FEMALE,60--64,13,245,231,1,0,0,0,1,12
09,003,110,Capitol Planning Region,45820,Marlborough town,FEMALE,65--69,14,219,206,2,0,4,0,3,4
09,003,110,Capitol Planning Region,45820,Marlborough town,FEMALE,70--74,15,195,187,0,1,0,0,6,1
09,003,110,Capitol Planning Region,45820,Marlborough town,FEMALE,75--79,16,126,117,2,0,3,0,1,3
09,003,110,Capitol Planning Region,45820,Marlborough town,FEMALE,80--84,17,50,50,0,0,0,0,0,0
09,003,110,Capitol Planning Region,45820,Marlborough town,FEMALE,85+,18,76,67,2,0,3,0,2,2
09,003,110,Capitol Planning Region,50440,New Britain town,MALE,00--04,1,2328,476,279,5,54,4,129,1381
09,003,110,Capitol Planning Region,50440,New Britain town,MALE,05--09,2,2312,447,298,5,46,0,97,1419
09,003,110,Capitol Planning Region,50440,New Britain town,MALE,10--14,3,2370,421,254,5,30,1,90,1569
09,003,110,Capitol Planning Region,50440,New Britain town,MALE,15--19,4,2821,809,410,3,54,1,96,1448
09,003,110,Capitol Planning Region,50440,New Britain town,MALE,20--24,5,3258,1150,514,1,72,0,107,1414
09,003,110,Capitol Planning Region,50440,New Britain town,MALE,25--29,6,3089,1104,426,0,126,1,77,1355
09,003,110,Capitol Planning Region,50440,New Britain town,MALE,30--34,7,2907,1055,407,2,147,4,63,1229
09,003,110,Capitol Planning Region,50440,New Britain town,MALE,35--39,8,2544,975,338,2,98,0,41,1090
09,003,110,Capitol Planning Region,50440,New Britain town,MALE,40--44,9,2168,752,305,4,54,2,50,1001
09,003,110,Capitol Planning Region,50440,New Britain town,MALE,45--49,10,1857,713,285,1,48,2,48,760
09,003,110,Capitol Planning Region,50440,New Britain town,MALE,50--54,11,1958,829,311,0,56,0,21,741
09,003,110,Capitol Planning Region,50440,New Britain town,MALE,55--59,12,2099,1075,283,1,59,0,31,650
09,003,110,Capitol Planning Region,50440,New Britain town,MALE,60--64,13,2101,1231,266,2,49,0,21,532
09,003,110,Capitol Planning Region,50440,New Britain town,MALE,65--69,14,1743,1120,168,0,28,0,20,407
09,003,110,Capitol Planning Region,50440,New Britain town,MALE,70--74,15,1191,759,122,1,19,0,12,278
09,003,110,Capitol Planning Region,50440,New Britain town,MALE,75--79,16,665,441,54,0,26,2,5,137
09,003,110,Capitol Planning Region,50440,New Britain town,MALE,80--84,17,386,278,26,0,8,0,0,74
09,003,110,Capitol Planning Region,50440,New Britain town,MALE,85+,18,381,286,27,0,7,0,0,61
09,003,110,Capitol Planning Region,50440,New Britain town,FEMALE,00--04,1,2258,428,286,2,90,1,87,1364
09,003,110,Capitol Planning Region,50440,New Britain town,FEMALE,05--09,2,2215,411,255,4,30,0,98,1417
09,003,110,Capitol Planning Region,50440,New Britain town,FEMALE,10--14,3,2316,403,250,7,37,0,116,1503
09,003,110,Capitol Planning Region,50440,New Britain town,FEMALE,15--19,4,2744,757,387,7,58,0,84,1451
09,003,110,Capitol Planning Region,50440,New Britain town,FEMALE,20--24,5,3074,1027,476,0,92,0,72,1407
09,003,110,Capitol Planning Region,50440,New Britain town,FEMALE,25--29,6,3112,1013,415,3,144,1,96,1440
09,003,110,Capitol Planning Region,50440,New Britain town,FEMALE,30--34,7,2797,946,349,2,93,0,65,1342
09,003,110,Capitol Planning Region,50440,New Britain town,FEMALE,35--39,8,2624,809,345,2,100,4,60,1304
09,003,110,Capitol Planning Region,50440,New Britain town,FEMALE,40--44,9,2301,670,287,5,63,2,63,1211
09,003,110,Capitol Planning Region,50440,New Britain town,FEMALE,45--49,10,1955,668,272,8,35,0,38,934
09,003,110,Capitol Planning Region,50440,New Britain town,FEMALE,50--54,11,2181,816,345,3,40,2,45,930
09,003,110,Capitol Planning Region,50440,New Britain town,FEMALE,55--59,12,2189,1009,298,4,42,0,23,813
09,003,110,Capitol Planning Region,50440,New Britain town,FEMALE,60--64,13,2201,1219,260,1,43,0,34,644
09,003,110,Capitol Planning Region,50440,New Britain town,FEMALE,65--69,14,1836,1103,182,0,36,0,16,499
09,003,110,Capitol Planning Region,50440,New Britain town,FEMALE,70--74,15,1423,904,133,0,23,0,17,346
09,003,110,Capitol Planning Region,50440,New Britain town,FEMALE,75--79,16,929,566,89,1,26,0,8,239
09,003,110,Capitol Planning Region,50440,New Britain town,FEMALE,80--84,17,621,438,57,0,1,1,4,120
09,003,110,Capitol Planning Region,50440,New Britain town,FEMALE,85+,18,886,716,58,0,10,0,7,95
09,003,110,Capitol Planning Region,52140,Newington town,MALE,00--04,1,677,381,65,0,59,0,45,127
09,003,110,Capitol Planning Region,52140,Newington town,MALE,05--09,2,742,422,54,0,68,0,45,153
09,003,110,Capitol Planning Region,52140,Newington town,MALE,10--14,3,859,486,48,0,83,0,49,193
09,003,110,Capitol Planning Region,52140,Newington town,MALE,15--19,4,870,559,47,0,57,3,41,163
09,003,110,Capitol Planning Region,52140,Newington town,MALE,20--24,5,833,543,34,0,65,0,28,163
09,003,110,Capitol Planning Region,52140,Newington town,MALE,25--29,6,985,703,44,0,83,0,15,140
09,003,110,Capitol Planning Region,52140,Newington town,MALE,30--34,7,1014,742,52,0,85,0,16,119
09,003,110,Capitol Planning Region,52140,Newington town,MALE,35--39,8,994,687,66,0,82,0,17,142
09,003,110,Capitol Planning Region,52140,Newington town,MALE,40--44,9,844,594,56,0,69,0,11,114
09,003,110,Capitol Planning Region,52140,Newington town,MALE,45--49,10,920,647,49,0,90,0,15,119
09,003,110,Capitol Planning Region,52140,Newington town,MALE,50--54,11,1057,805,65,1,96,0,7,83
09,003,110,Capitol Planning Region,52140,Newington town,MALE,55--59,12,1145,924,49,1,71,0,19,81
09,003,110,Capitol Planning Region,52140,Newington town,MALE,60--64,13,998,820,46,0,68,0,19,45
09,003,110,Capitol Planning Region,52140,Newington town,MALE,65--69,14,849,716,26,1,56,0,4,46
09,003,110,Capitol Planning Region,52140,Newington town,MALE,70--74,15,757,680,14,0,31,0,5,27
09,003,110,Capitol Planning Region,52140,Newington town,MALE,75--79,16,473,426,3,1,18,0,3,22
09,003,110,Capitol Planning Region,52140,Newington town,MALE,80--84,17,323,291,2,0,12,0,5,13
09,003,110,Capitol Planning Region,52140,Newington town,MALE,85+,18,292,284,2,0,2,0,1,3
09,003,110,Capitol Planning Region,52140,Newington town,FEMALE,00--04,1,678,393,30,2,62,0,46,145
09,003,110,Capitol Planning Region,52140,Newington town,FEMALE,05--09,2,722,424,62,0,71,0,29,136
09,003,110,Capitol Planning Region,52140,Newington town,FEMALE,10--14,3,823,505,34,0,77,0,31,176
09,003,110,Capitol Planning Region,52140,Newington town,FEMALE,15--19,4,738,464,30,1,68,0,35,140
09,003,110,Capitol Planning Region,52140,Newington town,FEMALE,20--24,5,755,502,36,0,83,0,30,104
09,003,110,Capitol Planning Region,52140,Newington town,FEMALE,25--29,6,871,593,50,2,66,0,25,135
09,003,110,Capitol Planning Region,52140,Newington town,FEMALE,30--34,7,970,660,58,1,86,0,23,142
09,003,110,Capitol Planning Region,52140,Newington town,FEMALE,35--39,8,1008,674,64,1,103,0,26,140
09,003,110,Capitol Planning Region,52140,Newington town,FEMALE,40--44,9,1008,687,55,1,103,0,17,145
09,003,110,Capitol Planning Region,52140,Newington town,FEMALE,45--49,10,992,673,60,2,99,0,24,134
09,003,110,Capitol Planning Region,52140,Newington town,FEMALE,50--54,11,1114,845,48,0,87,0,12,122
09,003,110,Capitol Planning Region,52140,Newington town,FEMALE,55--59,12,1241,1013,46,0,68,2,10,102
09,003,110,Capitol Planning Region,52140,Newington town,FEMALE,60--64,13,1166,966,52,2,70,0,11,65
09,003,110,Capitol Planning Region,52140,Newington town,FEMALE,65--69,14,959,806,35,0,54,0,10,54
09,003,110,Capitol Planning Region,52140,Newington town,FEMALE,70--74,15,879,782,25,0,29,0,4,39
09,003,110,Capitol Planning Region,52140,Newington town,FEMALE,75--79,16,688,622,22,0,15,0,1,28
09,003,110,Capitol Planning Region,52140,Newington town,FEMALE,80--84,17,453,419,3,0,11,0,3,17
09,003,110,Capitol Planning Region,52140,Newington town,FEMALE,85+,18,667,619,12,2,15,0,2,17
09,003,110,Capitol Planning Region,60120,Plainville town,MALE,00--04,1,355,265,5,1,22,0,19,43
09,003,110,Capitol Planning Region,60120,Plainville town,MALE,05--09,2,444,321,9,0,10,0,21,83
09,003,110,Capitol Planning Region,60120,Plainville town,MALE,10--14,3,476,307,20,3,10,0,32,104
09,003,110,Capitol Planning Region,60120,Plainville town,MALE,15--19,4,462,336,21,0,3,0,13,89
09,003,110,Capitol Planning Region,60120,Plainville town,MALE,20--24,5,489,365,27,3,21,0,13,60
09,003,110,Capitol Planning Region,60120,Plainville town,MALE,25--29,6,605,467,19,0,22,0,14,83
09,003,110,Capitol Planning Region,60120,Plainville town,MALE,30--34,7,607,451,23,0,25,0,9,99
09,003,110,Capitol Planning Region,60120,Plainville town,MALE,35--39,8,661,538,34,2,17,0,2,68
09,003,110,Capitol Planning Region,60120,Plainville town,MALE,40--44,9,621,492,17,1,31,0,8,72
09,003,110,Capitol Planning Region,60120,Plainville town,MALE,45--49,10,556,430,25,0,14,0,20,67
09,003,110,Capitol Planning Region,60120,Plainville town,MALE,50--54,11,572,475,19,0,20,0,10,48
09,003,110,Capitol Planning Region,60120,Plainville town,MALE,55--59,12,663,575,13,4,17,0,7,47
09,003,110,Capitol Planning Region,60120,Plainville town,MALE,60--64,13,626,547,27,2,21,0,6,23
09,003,110,Capitol Planning Region,60120,Plainville town,MALE,65--69,14,539,492,8,0,10,1,2,26
09,003,110,Capitol Planning Region,60120,Plainville town,MALE,70--74,15,414,375,17,0,4,0,3,15
09,003,110,Capitol Planning Region,60120,Plainville town,MALE,75--79,16,270,260,3,0,1,0,0,6
09,003,110,Capitol Planning Region,60120,Plainville town,MALE,80--84,17,142,136,0,0,0,0,0,6
09,003,110,Capitol Planning Region,60120,Plainville town,MALE,85+,18,124,120,3,0,0,0,0,1
09,003,110,Capitol Planning Region,60120,Plainville town,FEMALE,00--04,1,374,255,13,0,12,1,14,79
09,003,110,Capitol Planning Region,60120,Plainville town,FEMALE,05--09,2,414,280,14,0,18,0,20,82
09,003,110,Capitol Planning Region,60120,Plainville town,FEMALE,10--14,3,443,300,6,1,14,1,34,87
09,003,110,Capitol Planning Region,60120,Plainville town,FEMALE,15--19,4,429,309,7,0,20,1,16,76
09,003,110,Capitol Planning Region,60120,Plainville town,FEMALE,20--24,5,458,330,16,1,22,0,12,77
09,003,110,Capitol Planning Region,60120,Plainville town,FEMALE,25--29,6,572,447,11,2,16,0,22,74
09,003,110,Capitol Planning Region,60120,Plainville town,FEMALE,30--34,7,579,453,19,0,15,0,10,82
09,003,110,Capitol Planning Region,60120,Plainville town,FEMALE,35--39,8,593,455,22,0,26,0,13,77
09,003,110,Capitol Planning Region,60120,Plainville town,FEMALE,40--44,9,576,444,14,0,18,0,24,76
09,003,110,Capitol Planning Region,60120,Plainville town,FEMALE,45--49,10,576,453,10,1,26,0,23,63
09,003,110,Capitol Planning Region,60120,Plainville town,FEMALE,50--54,11,608,501,18,0,20,0,11,58
09,003,110,Capitol Planning Region,60120,Plainville town,FEMALE,55--59,12,617,532,22,0,19,1,9,34
09,003,110,Capitol Planning Region,60120,Plainville town,FEMALE,60--64,13,681,609,20,2,13,0,4,33
09,003,110,Capitol Planning Region,60120,Plainville town,FEMALE,65--69,14,576,546,6,0,3,0,7,14
09,003,110,Capitol Planning Region,60120,Plainville town,FEMALE,70--74,15,513,464,18,1,6,0,8,16
09,003,110,Capitol Planning Region,60120,Plainville town,FEMALE,75--79,16,347,320,8,0,1,1,3,14
09,003,110,Capitol Planning Region,60120,Plainville town,FEMALE,80--84,17,207,188,7,1,0,0,4,7
09,003,110,Capitol Planning Region,60120,Plainville town,FEMALE,85+,18,257,238,3,0,2,0,1,13
09,003,110,Capitol Planning Region,65370,Rocky Hill town,MALE,00--04,1,567,278,19,9,211,0,13,37
09,003,110,Capitol Planning Region,65370,Rocky Hill town,MALE,05--09,2,572,255,24,1,238,0,14,40
09,003,110,Capitol Planning Region,65370,Rocky Hill town,MALE,10--14,3,535,291,23,0,147,0,23,51
09,003,110,Capitol Planning Region,65370,Rocky Hill town,MALE,15--19,4,485,312,16,1,75,0,18,63
09,003,110,Capitol Planning Region,65370,Rocky Hill town,MALE,20--24,5,541,406,24,0,55,0,9,47
09,003,110,Capitol Planning Region,65370,Rocky Hill town,MALE,25--29,6,706,450,38,1,138,0,29,50
09,003,110,Capitol Planning Region,65370,Rocky Hill town,MALE,30--34,7,719,400,16,4,219,0,19,61
09,003,110,Capitol Planning Region,65370,Rocky Hill town,MALE,35--39,8,885,413,31,0,386,0,9,46
09,003,110,Capitol Planning Region,65370,Rocky Hill town,MALE,40--44,9,680,328,28,0,268,0,16,40
09,003,110,Capitol Planning Region,65370,Rocky Hill town,MALE,45--49,10,539,352,35,0,109,0,7,36
09,003,110,Capitol Planning Region,65370,Rocky Hill town,MALE,50--54,11,646,502,17,0,73,0,8,46
09,003,110,Capitol Planning Region,65370,Rocky Hill town,MALE,55--59,12,669,548,31,0,50,0,15,25
09,003,110,Capitol Planning Region,65370,Rocky Hill town,MALE,60--64,13,651,554,28,0,37,0,11,21
09,003,110,Capitol Planning Region,65370,Rocky Hill town,MALE,65--69,14,611,531,29,0,25,0,1,25
09,003,110,Capitol Planning Region,65370,Rocky Hill town,MALE,70--74,15,530,473,16,0,22,0,1,18
09,003,110,Capitol Planning Region,65370,Rocky Hill town,MALE,75--79,16,351,302,19,0,15,0,1,14
09,003,110,Capitol Planning Region,65370,Rocky Hill town,MALE,80--84,17,211,195,6,0,7,0,1,2
09,003,110,Capitol Planning Region,65370,Rocky Hill town,MALE,85+,18,239,222,3,0,5,0,0,9
09,003,110,Capitol Planning Region,65370,Rocky Hill town,FEMALE,00--04,1,511,229,13,3,192,0,19,55
09,003,110,Capitol Planning Region,65370,Rocky Hill town,FEMALE,05--09,2,580,277,20,0,227,0,17,39
09,003,110,Capitol Planning Region,65370,Rocky Hill town,FEMALE,10--14,3,561,289,17,1,175,0,15,64
09,003,110,Capitol Planning Region,65370,Rocky Hill town,FEMALE,15--19,4,477,299,26,2,76,0,20,54
09,003,110,Capitol Planning Region,65370,Rocky Hill town,FEMALE,20--24,5,526,371,10,0,55,0,14,76
09,003,110,Capitol Planning Region,65370,Rocky Hill town,FEMALE,25--29,6,685,420,43,1,141,0,10,70
09,003,110,Capitol Planning Region,65370,Rocky Hill town,FEMALE,30--34,7,751,376,25,0,278,0,14,58
09,003,110,Capitol Planning Region,65370,Rocky Hill town,FEMALE,35--39,8,789,375,21,1,333,0,12,47
09,003,110,Capitol Planning Region,65370,Rocky Hill town,FEMALE,40--44,9,647,390,27,0,182,0,17,31
09,003,110,Capitol Planning Region,65370,Rocky Hill town,FEMALE,45--49,10,567,415,20,0,85,0,9,38
09,003,110,Capitol Planning Region,65370,Rocky Hill town,FEMALE,50--54,11,630,483,25,3,60,0,14,45
09,003,110,Capitol Planning Region,65370,Rocky Hill town,FEMALE,55--59,12,714,579,41,1,52,1,13,27
09,003,110,Capitol Planning Region,65370,Rocky Hill town,FEMALE,60--64,13,717,624,23,1,33,0,10,26
09,003,110,Capitol Planning Region,65370,Rocky Hill town,FEMALE,65--69,14,693,608,11,0,42,0,8,24
09,003,110,Capitol Planning Region,65370,Rocky Hill town,FEMALE,70--74,15,607,542,22,0,21,0,3,19
09,003,110,Capitol Planning Region,65370,Rocky Hill town,FEMALE,75--79,16,400,367,11,1,11,0,2,8
09,003,110,Capitol Planning Region,65370,Rocky Hill town,FEMALE,80--84,17,318,292,9,1,4,0,0,12
09,003,110,Capitol Planning Region,65370,Rocky Hill town,FEMALE,85+,18,438,409,7,1,5,0,2,14
09,003,110,Capitol Planning Region,68940,Simsbury town,MALE,00--04,1,677,526,9,2,35,0,45,60
09,003,110,Capitol Planning Region,68940,Simsbury town,MALE,05--09,2,767,540,26,2,61,0,57,81
09,003,110,Capitol Planning Region,68940,Simsbury town,MALE,10--14,3,848,641,28,1,63,0,49,66
09,003,110,Capitol Planning Region,68940,Simsbury town,MALE,15--19,4,940,745,28,0,68,0,47,52
09,003,110,Capitol Planning Region,68940,Simsbury town,MALE,20--24,5,659,549,15,0,27,0,27,41
09,003,110,Capitol Planning Region,68940,Simsbury town,MALE,25--29,6,526,449,16,0,23,0,20,18
09,003,110,Capitol Planning Region,68940,Simsbury town,MALE,30--34,7,619,519,13,1,33,0,16,37
09,003,110,Capitol Planning Region,68940,Simsbury town,MALE,35--39,8,762,607,12,0,70,1,12,60
09,003,110,Capitol Planning Region,68940,Simsbury town,MALE,40--44,9,780,607,35,1,63,0,20,54
09,003,110,Capitol Planning Region,68940,Simsbury town,MALE,45--49,10,794,663,27,0,56,0,7,41
09,003,110,Capitol Planning Region,68940,Simsbury town,MALE,50--54,11,890,780,17,0,44,0,17,32
09,003,110,Capitol Planning Region,68940,Simsbury town,MALE,55--59,12,977,861,14,1,49,0,12,40
09,003,110,Capitol Planning Region,68940,Simsbury town,MALE,60--64,13,939,881,5,0,21,0,10,22
09,003,110,Capitol Planning Region,68940,Simsbury town,MALE,65--69,14,663,609,4,0,30,0,4,16
09,003,110,Capitol Planning Region,68940,Simsbury town,MALE,70--74,15,520,502,2,0,8,0,1,7
09,003,110,Capitol Planning Region,68940,Simsbury town,MALE,75--79,16,353,327,4,0,10,0,2,10
09,003,110,Capitol Planning Region,68940,Simsbury town,MALE,80--84,17,224,213,0,0,9,0,0,2
09,003,110,Capitol Planning Region,68940,Simsbury town,MALE,85+,18,200,185,3,0,3,0,2,7
09,003,110,Capitol Planning Region,68940,Simsbury town,FEMALE,00--04,1,646,513,15,1,23,0,27,67
09,003,110,Capitol Planning Region,68940,Simsbury town,FEMALE,05--09,2,759,567,23,0,50,0,38,81
09,003,110,Capitol Planning Region,68940,Simsbury town,FEMALE,10--14,3,869,644,27,0,53,0,65,80
09,003,110,Capitol Planning Region,68940,Simsbury town,FEMALE,15--19,4,842,666,20,1,50,0,30,75
09,003,110,Capitol Planning Region,68940,Simsbury town,FEMALE,20--24,5,588,499,22,0,20,0,14,33
09,003,110,Capitol Planning Region,68940,Simsbury town,FEMALE,25--29,6,491,412,15,0,22,0,8,34
09,003,110,Capitol Planning Region,68940,Simsbury town,FEMALE,30--34,7,626,503,19,0,49,0,17,38
09,003,110,Capitol Planning Region,68940,Simsbury town,FEMALE,35--39,8,774,580,30,0,81,0,24,59
09,003,110,Capitol Planning Region,68940,Simsbury town,FEMALE,40--44,9,840,668,29,3,66,0,15,59
09,003,110,Capitol Planning Region,68940,Simsbury town,FEMALE,45--49,10,841,677,23,0,69,0,14,58
09,003,110,Capitol Planning Region,68940,Simsbury town,FEMALE,50--54,11,947,812,28,0,56,2,11,38
09,003,110,Capitol Planning Region,68940,Simsbury town,FEMALE,55--59,12,1097,1002,21,0,38,0,11,25
09,003,110,Capitol Planning Region,68940,Simsbury town,FEMALE,60--64,13,914,854,15,0,19,1,9,16
09,003,110,Capitol Planning Region,68940,Simsbury town,FEMALE,65--69,14,776,736,5,0,16,0,4,15
09,003,110,Capitol Planning Region,68940,Simsbury town,FEMALE,70--74,15,569,519,3,0,16,0,14,17
09,003,110,Capitol Planning Region,68940,Simsbury town,FEMALE,75--79,16,429,399,4,0,11,0,4,11
09,003,110,Capitol Planning Region,68940,Simsbury town,FEMALE,80--84,17,304,286,3,0,6,0,4,5
09,003,110,Capitol Planning Region,68940,Simsbury town,FEMALE,85+,18,358,344,4,0,3,0,3,4
09,003,110,Capitol Planning Region,70550,Southington town,MALE,00--04,1,1057,813,22,0,36,0,62,124
09,003,110,Capitol Planning Region,70550,Southington town,MALE,05--09,2,1138,875,25,1,59,0,60,118
09,003,110,Capitol Planning Region,70550,Southington town,MALE,10--14,3,1324,1047,24,1,54,0,61,137
09,003,110,Capitol Planning Region,70550,Southington town,MALE,15--19,4,1368,1121,24,1,54,0,53,115
09,003,110,Capitol Planning Region,70550,Southington town,MALE,20--24,5,1101,931,16,1,43,0,34,76
09,003,110,Capitol Planning Region,70550,Southington town,MALE,25--29,6,1061,895,18,1,37,0,33,77
09,003,110,Capitol Planning Region,70550,Southington town,MALE,30--34,7,1321,1145,16,1,48,0,30,81
09,003,110,Capitol Planning Region,70550,Southington town,MALE,35--39,8,1322,1121,33,0,61,0,39,68
09,003,110,Capitol Planning Region,70550,Southington town,MALE,40--44,9,1420,1217,27,2,54,0,11,109
09,003,110,Capitol Planning Region,70550,Southington town,MALE,45--49,10,1357,1176,32,0,62,0,34,53
09,003,110,Capitol Planning Region,70550,Southington town,MALE,50--54,11,1571,1415,25,0,49,0,19,63
09,003,110,Capitol Planning Region,70550,Southington town,MALE,55--59,12,1556,1445,15,0,30,0,16,50
09,003,110,Capitol Planning Region,70550,Southington town,MALE,60--64,13,1448,1344,12,5,32,0,12,43
09,003,110,Capitol Planning Region,70550,Southington town,MALE,65--69,14,1242,1179,15,0,18,0,5,25
09,003,110,Capitol Planning Region,70550,Southington town,MALE,70--74,15,1103,1043,18,0,15,0,11,16
09,003,110,Capitol Planning Region,70550,Southington town,MALE,75--79,16,828,794,8,0,7,0,7,12
09,003,110,Capitol Planning Region,70550,Southington town,MALE,80--84,17,477,440,10,0,15,0,3,9
09,003,110,Capitol Planning Region,70550,Southington town,MALE,85+,18,409,390,3,1,1,0,1,13
09,003,110,Capitol Planning Region,70550,Southington town,FEMALE,00--04,1,1030,797,14,3,48,1,62,105
09,003,110,Capitol Planning Region,70550,Southington town,FEMALE,05--09,2,1111,873,16,0,41,1,77,103
09,003,110,Capitol Planning Region,70550,Southington town,FEMALE,10--14,3,1310,1042,29,0,43,0,53,143
09,003,110,Capitol Planning Region,70550,Southington town,FEMALE,15--19,4,1350,1120,22,0,45,0,52,111
09,003,110,Capitol Planning Region,70550,Southington town,FEMALE,20--24,5,1090,898,7,1,47,0,53,84
09,003,110,Capitol Planning Region,70550,Southington town,FEMALE,25--29,6,984,832,17,0,34,0,14,87
09,003,110,Capitol Planning Region,70550,Southington town,FEMALE,30--34,7,1269,1082,25,0,59,0,17,86
09,003,110,Capitol Planning Region,70550,Southington town,FEMALE,35--39,8,1392,1119,28,6,93,2,33,111
09,003,110,Capitol Planning Region,70550,Southington town,FEMALE,40--44,9,1401,1181,32,0,67,0,29,92
09,003,110,Capitol Planning Region,70550,Southington town,FEMALE,45--49,10,1348,1182,19,0,59,0,19,69
09,003,110,Capitol Planning Region,70550,Southington town,FEMALE,50--54,11,1589,1440,21,1,61,0,11,55
09,003,110,Capitol Planning Region,70550,Southington town,FEMALE,55--59,12,1621,1488,20,0,36,0,22,55
09,003,110,Capitol Planning Region,70550,Southington town,FEMALE,60--64,13,1525,1398,20,0,36,2,14,55
09,003,110,Capitol Planning Region,70550,Southington town,FEMALE,65--69,14,1474,1388,16,0,25,0,11,34
09,003,110,Capitol Planning Region,70550,Southington town,FEMALE,70--74,15,1416,1346,12,0,21,1,11,25
09,003,110,Capitol Planning Region,70550,Southington town,FEMALE,75--79,16,1059,1017,13,1,14,0,2,12
09,003,110,Capitol Planning Region,70550,Southington town,FEMALE,80--84,17,622,597,8,0,4,0,3,10
09,003,110,Capitol Planning Region,70550,Southington town,FEMALE,85+,18,809,788,3,0,6,0,2,10
09,003,110,Capitol Planning Region,71390,South Windsor town,MALE,00--04,1,742,412,34,0,190,2,60,44
09,003,110,Capitol Planning Region,71390,South Windsor town,MALE,05--09,2,946,456,42,0,334,0,35,79
09,003,110,Capitol Planning Region,71390,South Windsor town,MALE,10--14,3,917,498,38,1,254,0,36,90
09,003,110,Capitol Planning Region,71390,South Windsor town,MALE,15--19,4,834,508,34,3,166,0,43,80
09,003,110,Capitol Planning Region,71390,South Windsor town,MALE,20--24,5,649,446,41,0,75,0,25,62
09,003,110,Capitol Planning Region,71390,South Windsor town,MALE,25--29,6,618,456,24,0,67,0,23,48
09,003,110,Capitol Planning Region,71390,South Windsor town,MALE,30--34,7,680,452,40,0,126,0,10,52
09,003,110,Capitol Planning Region,71390,South Windsor town,MALE,35--39,8,994,520,44,0,349,0,11,70
09,003,110,Capitol Planning Region,71390,South Windsor town,MALE,40--44,9,984,504,46,1,372,3,11,47
09,003,110,Capitol Planning Region,71390,South Windsor town,MALE,45--49,10,824,513,39,0,211,0,13,48
09,003,110,Capitol Planning Region,71390,South Windsor town,MALE,50--54,11,856,622,42,2,125,0,20,45
09,003,110,Capitol Planning Region,71390,South Windsor town,MALE,55--59,12,953,784,42,6,73,0,16,32
09,003,110,Capitol Planning Region,71390,South Windsor town,MALE,60--64,13,902,762,38,0,64,0,11,27
09,003,110,Capitol Planning Region,71390,South Windsor town,MALE,65--69,14,766,674,21,0,55,0,7,9
09,003,110,Capitol Planning Region,71390,South Windsor town,MALE,70--74,15,522,451,18,1,28,1,8,15
09,003,110,Capitol Planning Region,71390,South Windsor town,MALE,75--79,16,374,339,2,2,18,0,3,10
09,003,110,Capitol Planning Region,71390,South Windsor town,MALE,80--84,17,249,223,9,0,12,0,0,5
09,003,110,Capitol Planning Region,71390,South Windsor town,MALE,85+,18,234,222,5,0,5,0,0,2
09,003,110,Capitol Planning Region,71390,South Windsor town,FEMALE,00--04,1,696,357,36,1,186,0,52,64
09,003,110,Capitol Planning Region,71390,South Windsor town,FEMALE,05--09,2,919,477,46,2,265,2,50,77
09,003,110,Capitol Planning Region,71390,South Windsor town,FEMALE,10--14,3,916,479,58,0,247,2,40,90
09,003,110,Capitol Planning Region,71390,South Windsor town,FEMALE,15--19,4,754,454,35,2,126,1,49,87
09,003,110,Capitol Planning Region,71390,South Windsor town,FEMALE,20--24,5,623,441,39,0,68,0,14,61
09,003,110,Capitol Planning Region,71390,South Windsor town,FEMALE,25--29,6,529,369,31,0,76,0,14,39
09,003,110,Capitol Planning Region,71390,South Windsor town,FEMALE,30--34,7,793,456,27,1,225,1,20,63
09,003,110,Capitol Planning Region,71390,South Windsor town,FEMALE,35--39,8,1105,575,40,1,420,0,19,50
09,003,110,Capitol Planning Region,71390,South Windsor town,FEMALE,40--44,9,995,574,48,1,298,1,19,54
09,003,110,Capitol Planning Region,71390,South Windsor town,FEMALE,45--49,10,786,536,50,0,155,0,10,35
09,003,110,Capitol Planning Region,71390,South Windsor town,FEMALE,50--54,11,870,660,40,1,113,0,9,47
09,003,110,Capitol Planning Region,71390,South Windsor town,FEMALE,55--59,12,1002,814,50,0,72,1,16,49
09,003,110,Capitol Planning Region,71390,South Windsor town,FEMALE,60--64,13,948,818,27,1,58,2,12,30
09,003,110,Capitol Planning Region,71390,South Windsor town,FEMALE,65--69,14,818,704,28,0,46,0,9,31
09,003,110,Capitol Planning Region,71390,South Windsor town,FEMALE,70--74,15,663,572,20,1,46,0,8,16
09,003,110,Capitol Planning Region,71390,South Windsor town,FEMALE,75--79,16,521,456,31,0,29,0,0,5
09,003,110,Capitol Planning Region,71390,South Windsor town,FEMALE,80--84,17,331,282,15,0,21,0,3,10
09,003,110,Capitol Planning Region,71390,South Windsor town,FEMALE,85+,18,455,428,9,0,10,0,3,5
09,003,110,Capitol Planning Region,74540,Suffield town,MALE,00--04,1,348,290,10,1,11,0,17,19
09,003,110,Capitol Planning Region,74540,Suffield town,MALE,05--09,2,403,337,4,0,12,0,24,26
09,003,110,Capitol Planning Region,74540,Suffield town,MALE,10--14,3,431,347,20,0,13,0,13,38
09,003,110,Capitol Planning Region,74540,Suffield town,MALE,15--19,4,466,380,26,0,21,0,14,25
09,003,110,Capitol Planning Region,74540,Suffield town,MALE,20--24,5,527,317,110,1,16,0,19,64
09,003,110,Capitol Planning Region,74540,Suffield town,MALE,25--29,6,654,342,173,0,6,0,7,126
09,003,110,Capitol Planning Region,74540,Suffield town,MALE,30--34,7,674,389,153,0,10,0,16,106
09,003,110,Capitol Planning Region,74540,Suffield town,MALE,35--39,8,641,373,122,3,16,1,3,123
09,003,110,Capitol Planning Region,74540,Suffield town,MALE,40--44,9,723,464,116,0,24,0,13,106
09,003,110,Capitol Planning Region,74540,Suffield town,MALE,45--49,10,604,404,97,3,14,0,2,84
09,003,110,Capitol Planning Region,74540,Suffield town,MALE,50--54,11,678,523,75,0,14,0,11,55
09,003,110,Capitol Planning Region,74540,Suffield town,MALE,55--59,12,696,579,63,0,16,0,5,33
09,003,110,Capitol Planning Region,74540,Suffield town,MALE,60--64,13,611,532,36,0,11,0,11,21
09,003,110,Capitol Planning Region,74540,Suffield town,MALE,65--69,14,469,417,23,0,12,0,0,17
09,003,110,Capitol Planning Region,74540,Suffield town,MALE,70--74,15,337,321,2,0,3,0,6,5
09,003,110,Capitol Planning Region,74540,Suffield town,MALE,75--79,16,242,231,4,0,3,0,0,4
09,003,110,Capitol Planning Region,74540,Suffield town,MALE,80--84,17,131,123,2,0,2,0,3,1
09,003,110,Capitol Planning Region,74540,Suffield town,MALE,85+,18,134,133,0,0,1,0,0,0
09,003,110,Capitol Planning Region,74540,Suffield town,FEMALE,00--04,1,295,248,15,0,8,0,13,11
09,003,110,Capitol Planning Region,74540,Suffield town,FEMALE,05--09,2,379,306,15,0,11,0,12,35
09,003,110,Capitol Planning Region,74540,Suffield town,FEMALE,10--14,3,433,363,5,0,5,0,18,42
09,003,110,Capitol Planning Region,74540,Suffield town,FEMALE,15--19,4,475,385,13,2,15,0,24,36
09,003,110,Capitol Planning Region,74540,Suffield town,FEMALE,20--24,5,363,308,12,0,5,0,20,18
09,003,110,Capitol Planning Region,74540,Suffield town,FEMALE,25--29,6,304,271,2,0,11,0,7,13
09,003,110,Capitol Planning Region,74540,Suffield town,FEMALE,30--34,7,336,287,14,1,6,0,8,20
09,003,110,Capitol Planning Region,74540,Suffield town,FEMALE,35--39,8,435,368,6,0,16,0,16,29
09,003,110,Capitol Planning Region,74540,Suffield town,FEMALE,40--44,9,434,383,11,0,20,0,8,12
09,003,110,Capitol Planning Region,74540,Suffield town,FEMALE,45--49,10,426,379,8,1,15,0,1,22
09,003,110,Capitol Planning Region,74540,Suffield town,FEMALE,50--54,11,563,516,7,0,17,0,9,14
09,003,110,Capitol Planning Region,74540,Suffield town,FEMALE,55--59,12,607,561,9,0,17,0,10,10
09,003,110,Capitol Planning Region,74540,Suffield town,FEMALE,60--64,13,537,510,2,0,14,0,7,4
09,003,110,Capitol Planning Region,74540,Suffield town,FEMALE,65--69,14,410,383,3,0,8,0,7,9
09,003,110,Capitol Planning Region,74540,Suffield town,FEMALE,70--74,15,371,349,11,1,5,0,0,5
09,003,110,Capitol Planning Region,74540,Suffield town,FEMALE,75--79,16,275,258,2,0,2,0,9,4
09,003,110,Capitol Planning Region,74540,Suffield town,FEMALE,80--84,17,178,171,1,0,1,0,1,4
09,003,110,Capitol Planning Region,74540,Suffield town,FEMALE,85+,18,270,261,4,0,0,0,2,3
09,003,110,Capitol Planning Region,82590,West Hartford town,MALE,00--04,1,1589,1037,70,2,148,1,122,209
09,003,110,Capitol Planning Region,82590,West Hartford town,MALE,05--09,2,1783,1044,134,5,165,0,123,312
09,003,110,Capitol Planning Region,82590,West Hartford town,MALE,10--14,3,1963,1173,148,3,157,0,162,320
09,003,110,Capitol Planning Region,82590,West Hartford town,MALE,15--19,4,2249,1334,202,1,245,0,113,354
09,003,110,Capitol Planning Region,82590,West Hartford town,MALE,20--24,5,2110,1365,189,1,207,0,55,293
09,003,110,Capitol Planning Region,82590,West Hartford town,MALE,25--29,6,2204,1525,145,0,197,0,63,274
09,003,110,Capitol Planning Region,82590,West Hartford town,MALE,30--34,7,2052,1455,116,6,196,0,37,242
09,003,110,Capitol Planning Region,82590,West Hartford town,MALE,35--39,8,2049,1417,134,1,256,1,43,197
09,003,110,Capitol Planning Region,82590,West Hartford town,MALE,40--44,9,1903,1267,145,3,236,1,30,221
09,003,110,Capitol Planning Region,82590,West Hartford town,MALE,45--49,10,1812,1264,100,0,214,0,33,201
09,003,110,Capitol Planning Region,82590,West Hartford town,MALE,50--54,11,1901,1366,131,0,186,0,24,194
09,003,110,Capitol Planning Region,82590,West Hartford town,MALE,55--59,12,2043,1548,134,2,163,1,32,163
09,003,110,Capitol Planning Region,82590,West Hartford town,MALE,60--64,13,1958,1520,114,1,147,0,21,155
09,003,110,Capitol Planning Region,82590,West Hartford town,MALE,65--69,14,1638,1325,95,0,109,0,11,98
09,003,110,Capitol Planning Region,82590,West Hartford town,MALE,70--74,15,1360,1124,57,1,95,0,10,73
09,003,110,Capitol Planning Region,82590,West Hartford town,MALE,75--79,16,844,711,54,2,38,0,4,35
09,003,110,Capitol Planning Region,82590,West Hartford town,MALE,80--84,17,542,462,35,0,24,0,6,15
09,003,110,Capitol Planning Region,82590,West Hartford town,MALE,85+,18,607,561,21,0,13,0,1,11
09,003,110,Capitol Planning Region,82590,West Hartford town,FEMALE,00--04,1,1599,970,96,0,142,0,132,259
09,003,110,Capitol Planning Region,82590,West Hartford town,FEMALE,05--09,2,1732,1024,144,2,174,1,109,278
09,003,110,Capitol Planning Region,82590,West Hartford town,FEMALE,10--14,3,1979,1176,180,0,196,1,122,304
09,003,110,Capitol Planning Region,82590,West Hartford town,FEMALE,15--19,4,2147,1342,166,3,235,0,95,306
09,003,110,Capitol Planning Region,82590,West Hartford town,FEMALE,20--24,5,2124,1338,163,1,222,0,66,334
09,003,110,Capitol Planning Region,82590,West Hartford town,FEMALE,25--29,6,2081,1438,135,0,177,1,39,291
09,003,110,Capitol Planning Region,82590,West Hartford town,FEMALE,30--34,7,1979,1348,122,1,226,0,38,244
09,003,110,Capitol Planning Region,82590,West Hartford town,FEMALE,35--39,8,2104,1332,164,0,272,1,33,302
09,003,110,Capitol Planning Region,82590,West Hartford town,FEMALE,40--44,9,2155,1346,161,0,301,0,65,282
09,003,110,Capitol Planning Region,82590,West Hartford town,FEMALE,45--49,10,1960,1293,143,0,244,0,37,243
09,003,110,Capitol Planning Region,82590,West Hartford town,FEMALE,50--54,11,2173,1518,172,1,202,1,39,240
09,003,110,Capitol Planning Region,82590,West Hartford town,FEMALE,55--59,12,2249,1638,159,1,181,1,41,228
09,003,110,Capitol Planning Region,82590,West Hartford town,FEMALE,60--64,13,2102,1640,134,2,145,0,22,159
09,003,110,Capitol Planning Region,82590,West Hartford town,FEMALE,65--69,14,1934,1564,102,1,111,0,15,141
09,003,110,Capitol Planning Region,82590,West Hartford town,FEMALE,70--74,15,1686,1377,92,4,90,0,11,112
09,003,110,Capitol Planning Region,82590,West Hartford town,FEMALE,75--79,16,1135,957,58,1,51,0,9,59
09,003,110,Capitol Planning Region,82590,West Hartford town,FEMALE,80--84,17,917,766,56,0,33,0,6,56
09,003,110,Capitol Planning Region,82590,West Hartford town,FEMALE,85+,18,1310,1170,55,1,21,0,9,54
09,003,110,Capitol Planning Region,84900,Wethersfield town,MALE,00--04,1,695,470,24,2,39,0,20,140
09,003,110,Capitol Planning Region,84900,Wethersfield town,MALE,05--09,2,779,521,37,5,34,0,33,149
09,003,110,Capitol Planning Region,84900,Wethersfield town,MALE,10--14,3,779,548,21,0,35,0,31,144
09,003,110,Capitol Planning Region,84900,Wethersfield town,MALE,15--19,4,767,545,26,2,30,0,18,146
09,003,110,Capitol Planning Region,84900,Wethersfield town,MALE,20--24,5,751,536,38,0,40,0,16,121
09,003,110,Capitol Planning Region,84900,Wethersfield town,MALE,25--29,6,828,606,34,0,41,1,19,127
09,003,110,Capitol Planning Region,84900,Wethersfield town,MALE,30--34,7,816,619,24,2,44,0,9,118
09,003,110,Capitol Planning Region,84900,Wethersfield town,MALE,35--39,8,825,601,30,0,47,0,15,132
09,003,110,Capitol Planning Region,84900,Wethersfield town,MALE,40--44,9,866,666,28,0,42,3,16,111
09,003,110,Capitol Planning Region,84900,Wethersfield town,MALE,45--49,10,783,622,34,0,32,0,10,85
09,003,110,Capitol Planning Region,84900,Wethersfield town,MALE,50--54,11,877,702,32,0,39,0,13,91
09,003,110,Capitol Planning Region,84900,Wethersfield town,MALE,55--59,12,996,822,39,2,23,0,9,101
09,003,110,Capitol Planning Region,84900,Wethersfield town,MALE,60--64,13,943,826,30,0,25,0,10,52
09,003,110,Capitol Planning Region,84900,Wethersfield town,MALE,65--69,14,769,688,21,0,16,0,8,36
09,003,110,Capitol Planning Region,84900,Wethersfield town,MALE,70--74,15,647,554,20,0,23,0,1,49
09,003,110,Capitol Planning Region,84900,Wethersfield town,MALE,75--79,16,403,370,7,0,8,1,3,14
09,003,110,Capitol Planning Region,84900,Wethersfield town,MALE,80--84,17,298,283,2,1,7,0,0,5
09,003,110,Capitol Planning Region,84900,Wethersfield town,MALE,85+,18,260,240,4,0,1,0,2,13
09,003,110,Capitol Planning Region,84900,Wethersfield town,FEMALE,00--04,1,665,444,19,0,55,0,25,122
09,003,110,Capitol Planning Region,84900,Wethersfield town,FEMALE,05--09,2,686,462,23,0,39,1,40,121
09,003,110,Capitol Planning Region,84900,Wethersfield town,FEMALE,10--14,3,769,513,35,1,25,1,24,170
09,003,110,Capitol Planning Region,84900,Wethersfield town,FEMALE,15--19,4,748,527,42,1,23,0,17,138
09,003,110,Capitol Planning Region,84900,Wethersfield town,FEMALE,20--24,5,698,491,26,0,37,0,18,126
09,003,110,Capitol Planning Region,84900,Wethersfield town,FEMALE,25--29,6,808,608,32,2,39,0,13,114
09,003,110,Capitol Planning Region,84900,Wethersfield town,FEMALE,30--34,7,853,599,45,0,68,0,14,127
09,003,110,Capitol Planning Region,84900,Wethersfield town,FEMALE,35--39,8,844,620,30,2,49,1,11,131
09,003,110,Capitol Planning Region,84900,Wethersfield town,FEMALE,40--44,9,922,680,52,0,42,0,14,134
09,003,110,Capitol Planning Region,84900,Wethersfield town,FEMALE,45--49,10,843,610,45,0,41,0,13,134
09,003,110,Capitol Planning Region,84900,Wethersfield town,FEMALE,50--54,11,936,725,42,3,40,0,7,119
09,003,110,Capitol Planning Region,84900,Wethersfield town,FEMALE,55--59,12,1060,886,51,0,37,0,9,77
09,003,110,Capitol Planning Region,84900,Wethersfield town,FEMALE,60--64,13,1007,860,41,0,26,0,9,71
09,003,110,Capitol Planning Region,84900,Wethersfield town,FEMALE,65--69,14,949,817,28,0,25,0,11,68
09,003,110,Capitol Planning Region,84900,Wethersfield town,FEMALE,70--74,15,785,688,16,0,29,0,5,47
09,003,110,Capitol Planning Region,84900,Wethersfield town,FEMALE,75--79,16,582,529,13,0,8,0,2,30
09,003,110,Capitol Planning Region,84900,Wethersfield town,FEMALE,80--84,17,392,348,4,0,9,0,3,28
09,003,110,Capitol Planning Region,84900,Wethersfield town,FEMALE,85+,18,492,465,8,1,5,0,1,12
09,003,110,Capitol Planning Region,87000,Windsor town,MALE,00--04,1,722,210,264,0,49,0,54,145
09,003,110,Capitol Planning Region,87000,Windsor town,MALE,05--09,2,733,186,282,0,46,0,66,153
09,003,110,Capitol Planning Region,87000,Windsor town,MALE,10--14,3,888,249,361,0,54,0,53,171
09,003,110,Capitol Planning Region,87000,Windsor town,MALE,15--19,4,907,216,399,3,55,0,55,179
09,003,110,Capitol Planning Region,87000,Windsor town,MALE,20--24,5,881,298,388,0,35,0,43,117
09,003,110,Capitol Planning Region,87000,Windsor town,MALE,25--29,6,909,359,327,0,87,0,32,104
09,003,110,Capitol Planning Region,87000,Windsor town,MALE,30--34,7,910,379,313,0,76,0,15,127
09,003,110,Capitol Planning Region,87000,Windsor town,MALE,35--39,8,932,399,304,1,74,0,28,126
09,003,110,Capitol Planning Region,87000,Windsor town,MALE,40--44,9,808,349,309,0,45,0,13,92
09,003,110,Capitol Planning Region,87000,Windsor town,MALE,45--49,10,834,340,317,3,60,0,22,92
09,003,110,Capitol Planning Region,87000,Windsor town,MALE,50--54,11,965,426,392,3,50,0,12,82
09,003,110,Capitol Planning Region,87000,Windsor town,MALE,55--59,12,1002,498,355,1,47,0,15,86
09,003,110,Capitol Planning Region,87000,Windsor town,MALE,60--64,13,1064,631,308,0,48,0,11,66
09,003,110,Capitol Planning Region,87000,Windsor town,MALE,65--69,14,899,557,248,0,31,0,18,45
09,003,110,Capitol Planning Region,87000,Windsor town,MALE,70--74,15,722,442,220,0,16,0,6,38
09,003,110,Capitol Planning Region,87000,Windsor town,MALE,75--79,16,454,298,104,2,10,0,8,32
09,003,110,Capitol Planning Region,87000,Windsor town,MALE,80--84,17,275,191,61,0,3,0,3,17
09,003,110,Capitol Planning Region,87000,Windsor town,MALE,85+,18,212,159,36,0,6,0,1,10
09,003,110,Capitol Planning Region,87000,Windsor town,FEMALE,00--04,1,624,204,198,0,20,2,74,126
09,003,110,Capitol Planning Region,87000,Windsor town,FEMALE,05--09,2,779,241,286,0,51,0,49,152
09,003,110,Capitol Planning Region,87000,Windsor town,FEMALE,10--14,3,832,232,350,2,40,0,52,156
09,003,110,Capitol Planning Region,87000,Windsor town,FEMALE,15--19,4,885,236,408,1,52,0,51,137
09,003,110,Capitol Planning Region,87000,Windsor town,FEMALE,20--24,5,796,244,344,0,43,0,44,121
09,003,110,Capitol Planning Region,87000,Windsor town,FEMALE,25--29,6,825,302,298,0,66,1,33,125
09,003,110,Capitol Planning Region,87000,Windsor town,FEMALE,30--34,7,906,375,296,1,81,0,30,123
09,003,110,Capitol Planning Region,87000,Windsor town,FEMALE,35--39,8,920,351,337,0,66,2,28,136
09,003,110,Capitol Planning Region,87000,Windsor town,FEMALE,40--44,9,914,317,373,1,52,0,46,125
09,003,110,Capitol Planning Region,87000,Windsor town,FEMALE,45--49,10,940,347,370,2,56,0,29,136
09,003,110,Capitol Planning Region,87000,Windsor town,FEMALE,50--54,11,1096,423,459,0,58,0,35,121
09,003,110,Capitol Planning Region,87000,Windsor town,FEMALE,55--59,12,1232,565,469,0,58,0,31,109
09,003,110,Capitol Planning Region,87000,Windsor town,FEMALE,60--64,13,1208,629,413,1,54,0,32,79
09,003,110,Capitol Planning Region,87000,Windsor town,FEMALE,65--69,14,1088,649,329,0,35,0,16,59
09,003,110,Capitol Planning Region,87000,Windsor town,FEMALE,70--74,15,851,507,283,0,19,0,10,32
09,003,110,Capitol Planning Region,87000,Windsor town,FEMALE,75--79,16,595,390,173,0,3,0,7,22
09,003,110,Capitol Planning Region,87000,Windsor town,FEMALE,80--84,17,402,257,116,0,7,0,7,15
09,003,110,Capitol Planning Region,87000,Windsor town,FEMALE,85+,18,366,272,69,0,6,0,3,16
09,003,110,Capitol Planning Region,87070,Windsor Locks town,MALE,00--04,1,270,166,22,0,28,0,13,41
09,003,110,Capitol Planning Region,87070,Windsor Locks town,MALE,05--09,2,317,176,37,0,21,0,25,58
09,003,110,Capitol Planning Region,87070,Windsor Locks town,MALE,10--14,3,310,194,24,0,21,0,16,55
09,003,110,Capitol Planning Region,87070,Windsor Locks town,MALE,15--19,4,341,189,40,1,35,0,19,57
09,003,110,Capitol Planning Region,87070,Windsor Locks town,MALE,20--24,5,384,273,19,0,27,0,19,46
09,003,110,Capitol Planning Region,87070,Windsor Locks town,MALE,25--29,6,439,324,19,0,39,0,10,47
09,003,110,Capitol Planning Region,87070,Windsor Locks town,MALE,30--34,7,481,337,32,1,45,0,11,55
09,003,110,Capitol Planning Region,87070,Windsor Locks town,MALE,35--39,8,392,269,51,0,22,1,11,38
09,003,110,Capitol Planning Region,87070,Windsor Locks town,MALE,40--44,9,373,258,30,0,30,0,9,46
09,003,110,Capitol Planning Region,87070,Windsor Locks town,MALE,45--49,10,344,242,32,0,34,0,5,31
09,003,110,Capitol Planning Region,87070,Windsor Locks town,MALE,50--54,11,454,365,22,3,28,0,8,28
09,003,110,Capitol Planning Region,87070,Windsor Locks town,MALE,55--59,12,513,416,20,0,29,1,14,33
09,003,110,Capitol Planning Region,87070,Windsor Locks town,MALE,60--64,13,514,451,19,0,25,0,6,13
09,003,110,Capitol Planning Region,87070,Windsor Locks town,MALE,65--69,14,376,323,21,0,15,0,4,13
09,003,110,Capitol Planning Region,87070,Windsor Locks town,MALE,70--74,15,252,221,5,0,17,0,1,8
09,003,110,Capitol Planning Region,87070,Windsor Locks town,MALE,75--79,16,176,160,11,0,5,0,0,0
09,003,110,Capitol Planning Region,87070,Windsor Locks town,MALE,80--84,17,122,111,1,0,4,0,2,4
09,003,110,Capitol Planning Region,87070,Windsor Locks town,MALE,85+,18,132,122,3,0,3,0,0,4
09,003,110,Capitol Planning Region,87070,Windsor Locks town,FEMALE,00--04,1,276,164,28,0,8,0,32,44
09,003,110,Capitol Planning Region,87070,Windsor Locks town,FEMALE,05--09,2,320,188,30,0,19,0,22,61
09,003,110,Capitol Planning Region,87070,Windsor Locks town,FEMALE,10--14,3,322,174,27,0,29,0,22,70
09,003,110,Capitol Planning Region,87070,Windsor Locks town,FEMALE,15--19,4,311,197,22,0,31,0,17,44
09,003,110,Capitol Planning Region,87070,Windsor Locks town,FEMALE,20--24,5,299,209,29,0,18,0,17,26
09,003,110,Capitol Planning Region,87070,Windsor Locks town,FEMALE,25--29,6,407,281,33,0,29,0,14,50
09,003,110,Capitol Planning Region,87070,Windsor Locks town,FEMALE,30--34,7,435,311,38,0,35,0,8,43
09,003,110,Capitol Planning Region,87070,Windsor Locks town,FEMALE,35--39,8,406,297,40,0,16,0,11,42
09,003,110,Capitol Planning Region,87070,Windsor Locks town,FEMALE,40--44,9,321,211,33,0,25,0,17,35
09,003,110,Capitol Planning Region,87070,Windsor Locks town,FEMALE,45--49,10,355,254,22,0,47,0,6,26
09,003,110,Capitol Planning Region,87070,Windsor Locks town,FEMALE,50--54,11,425,324,31,3,40,0,14,13
09,003,110,Capitol Planning Region,87070,Windsor Locks town,FEMALE,55--59,12,560,464,31,0,29,0,13,23
09,003,110,Capitol Planning Region,87070,Windsor Locks town,FEMALE,60--64,13,489,417,25,0,18,0,11,18
09,003,110,Capitol Planning Region,87070,Windsor Locks town,FEMALE,65--69,14,417,362,10,0,17,0,7,21
09,003,110,Capitol Planning Region,87070,Windsor Locks town,FEMALE,70--74,15,328,290,15,0,11,0,2,10
09,003,110,Capitol Planning Region,87070,Windsor Locks town,FEMALE,75--79,16,255,220,17,0,6,0,3,9
09,003,110,Capitol Planning Region,87070,Windsor Locks town,FEMALE,80--84,17,184,167,8,0,3,0,0,6
09,003,110,Capitol Planning Region,87070,Windsor Locks town,FEMALE,85+,18,229,218,2,0,5,0,1,3
09,005,160,Northwest Hills Planning Region,02760,Barkhamsted town,MALE,00--04,1,78,68,2,0,0,0,5,3
09,005,160,Northwest Hills Planning Region,02760,Barkhamsted town,MALE,05--09,2,72,62,1,0,1,0,6,2
09,005,160,Northwest Hills Planning Region,02760,Barkhamsted town,MALE,10--14,3,102,92,0,0,1,0,5,4
09,005,160,Northwest Hills Planning Region,02760,Barkhamsted town,MALE,15--19,4,131,119,0,0,0,0,6,6
09,005,160,Northwest Hills Planning Region,02760,Barkhamsted town,MALE,20--24,5,83,74,2,1,2,0,3,1
09,005,160,Northwest Hills Planning Region,02760,Barkhamsted town,MALE,25--29,6,70,67,0,0,0,0,2,1
09,005,160,Northwest Hills Planning Region,02760,Barkhamsted town,MALE,30--34,7,85,83,0,0,0,0,1,1
09,005,160,Northwest Hills Planning Region,02760,Barkhamsted town,MALE,35--39,8,92,84,0,0,3,0,2,3
09,005,160,Northwest Hills Planning Region,02760,Barkhamsted town,MALE,40--44,9,95,90,0,0,0,0,1,4
09,005,160,Northwest Hills Planning Region,02760,Barkhamsted town,MALE,45--49,10,103,98,0,0,0,0,2,3
09,005,160,Northwest Hills Planning Region,02760,Barkhamsted town,MALE,50--54,11,177,169,0,0,2,0,3,3
09,005,160,Northwest Hills Planning Region,02760,Barkhamsted town,MALE,55--59,12,165,163,0,0,0,0,0,2
09,005,160,Northwest Hills Planning Region,02760,Barkhamsted town,MALE,60--64,13,163,157,0,0,0,0,3,3
09,005,160,Northwest Hills Planning Region,02760,Barkhamsted town,MALE,65--69,14,138,137,0,0,0,0,1,0
09,005,160,Northwest Hills Planning Region,02760,Barkhamsted town,MALE,70--74,15,128,124,0,0,0,0,1,3
09,005,160,Northwest Hills Planning Region,02760,Barkhamsted town,MALE,75--79,16,68,66,0,0,0,0,2,0
09,005,160,Northwest Hills Planning Region,02760,Barkhamsted town,MALE,80--84,17,40,40,0,0,0,0,0,0
09,005,160,Northwest Hills Planning Region,02760,Barkhamsted town,MALE,85+,18,28,26,0,0,2,0,0,0
09,005,160,Northwest Hills Planning Region,02760,Barkhamsted town,FEMALE,00--04,1,72,66,0,0,0,0,3,3
09,005,160,Northwest Hills Planning Region,02760,Barkhamsted town,FEMALE,05--09,2,73,68,0,0,2,0,2,1
09,005,160,Northwest Hills Planning Region,02760,Barkhamsted town,FEMALE,10--14,3,104,96,1,0,0,0,2,5
09,005,160,Northwest Hills Planning Region,02760,Barkhamsted town,FEMALE,15--19,4,118,102,0,0,0,0,5,11
09,005,160,Northwest Hills Planning Region,02760,Barkhamsted town,FEMALE,20--24,5,79,76,0,0,1,0,1,1
09,005,160,Northwest Hills Planning Region,02760,Barkhamsted town,FEMALE,25--29,6,72,67,0,0,1,0,2,2
09,005,160,Northwest Hills Planning Region,02760,Barkhamsted town,FEMALE,30--34,7,88,82,0,0,0,0,3,3
09,005,160,Northwest Hills Planning Region,02760,Barkhamsted town,FEMALE,35--39,8,89,88,0,0,0,0,0,1
09,005,160,Northwest Hills Planning Region,02760,Barkhamsted town,FEMALE,40--44,9,97,90,0,0,1,0,3,3
09,005,160,Northwest Hills Planning Region,02760,Barkhamsted town,FEMALE,45--49,10,120,106,2,0,5,0,4,3
09,005,160,Northwest Hills Planning Region,02760,Barkhamsted town,FEMALE,50--54,11,151,147,0,0,0,0,2,2
09,005,160,Northwest Hills Planning Region,02760,Barkhamsted town,FEMALE,55--59,12,142,139,0,0,0,0,3,0
09,005,160,Northwest Hills Planning Region,02760,Barkhamsted town,FEMALE,60--64,13,165,153,1,0,3,0,2,6
09,005,160,Northwest Hills Planning Region,02760,Barkhamsted town,FEMALE,65--69,14,145,143,0,0,0,0,0,2
09,005,160,Northwest Hills Planning Region,02760,Barkhamsted town,FEMALE,70--74,15,137,131,1,0,1,0,3,1
09,005,160,Northwest Hills Planning Region,02760,Barkhamsted town,FEMALE,75--79,16,88,88,0,0,0,0,0,0
09,005,160,Northwest Hills Planning Region,02760,Barkhamsted town,FEMALE,80--84,17,53,53,0,0,0,0,0,0
09,005,160,Northwest Hills Planning Region,02760,Barkhamsted town,FEMALE,85+,18,34,32,1,0,0,0,0,1
09,005,140,Naugatuck Valley Planning Region,04930,Bethlehem town,MALE,00--04,1,60,52,2,0,0,0,2,4
09,005,140,Naugatuck Valley Planning Region,04930,Bethlehem town,MALE,05--09,2,67,56,1,0,1,0,2,7
09,005,140,Naugatuck Valley Planning Region,04930,Bethlehem town,MALE,10--14,3,73,60,2,0,0,0,2,9
09,005,140,Naugatuck Valley Planning Region,04930,Bethlehem town,MALE,15--19,4,94,84,1,1,1,0,2,5
09,005,140,Naugatuck Valley Planning Region,04930,Bethlehem town,MALE,20--24,5,82,79,1,0,0,0,1,1
09,005,140,Naugatuck Valley Planning Region,04930,Bethlehem town,MALE,25--29,6,86,80,0,0,0,0,2,4
09,005,140,Naugatuck Valley Planning Region,04930,Bethlehem town,MALE,30--34,7,83,74,2,0,0,0,4,3
09,005,140,Naugatuck Valley Planning Region,04930,Bethlehem town,MALE,35--39,8,85,78,3,0,0,0,2,2
09,005,140,Naugatuck Valley Planning Region,04930,Bethlehem town,MALE,40--44,9,85,77,1,1,1,0,3,2
09,005,140,Naugatuck Valley Planning Region,04930,Bethlehem town,MALE,45--49,10,86,82,0,0,0,0,3,1
09,005,140,Naugatuck Valley Planning Region,04930,Bethlehem town,MALE,50--54,11,118,110,2,0,2,0,0,4
09,005,140,Naugatuck Valley Planning Region,04930,Bethlehem town,MALE,55--59,12,159,147,0,0,3,0,2,7
09,005,140,Naugatuck Valley Planning Region,04930,Bethlehem town,MALE,60--64,13,179,174,0,0,2,0,1,2
09,005,140,Naugatuck Valley Planning Region,04930,Bethlehem town,MALE,65--69,14,171,165,0,0,3,0,2,1
09,005,140,Naugatuck Valley Planning Region,04930,Bethlehem town,MALE,70--74,15,124,122,1,0,0,0,1,0
09,005,140,Naugatuck Valley Planning Region,04930,Bethlehem town,MALE,75--79,16,81,80,0,0,0,0,0,1
09,005,140,Naugatuck Valley Planning Region,04930,Bethlehem town,MALE,80--84,17,29,29,0,0,0,0,0,0
09,005,140,Naugatuck Valley Planning Region,04930,Bethlehem town,MALE,85+,18,30,30,0,0,0,0,0,0
09,005,140,Naugatuck Valley Planning Region,04930,Bethlehem town,FEMALE,00--04,1,75,65,0,0,0,0,2,8
09,005,140,Naugatuck Valley Planning Region,04930,Bethlehem town,FEMALE,05--09,2,61,51,0,0,0,0,5,5
09,005,140,Naugatuck Valley Planning Region,04930,Bethlehem town,FEMALE,10--14,3,88,76,1,0,0,0,6,5
09,005,140,Naugatuck Valley Planning Region,04930,Bethlehem town,FEMALE,15--19,4,63,63,0,0,0,0,0,0
09,005,140,Naugatuck Valley Planning Region,04930,Bethlehem town,FEMALE,20--24,5,84,79,0,1,1,0,2,1
09,005,140,Naugatuck Valley Planning Region,04930,Bethlehem town,FEMALE,25--29,6,80,69,1,0,3,0,3,4
09,005,140,Naugatuck Valley Planning Region,04930,Bethlehem town,FEMALE,30--34,7,80,74,0,0,0,0,1,5
09,005,140,Naugatuck Valley Planning Region,04930,Bethlehem town,FEMALE,35--39,8,85,74,2,1,0,0,1,7
09,005,140,Naugatuck Valley Planning Region,04930,Bethlehem town,FEMALE,40--44,9,81,73,0,0,1,0,2,5
09,005,140,Naugatuck Valley Planning Region,04930,Bethlehem town,FEMALE,45--49,10,77,71,1,0,3,0,0,2
09,005,140,Naugatuck Valley Planning Region,04930,Bethlehem town,FEMALE,50--54,11,124,115,0,0,1,0,4,4
09,005,140,Naugatuck Valley Planning Region,04930,Bethlehem town,FEMALE,55--59,12,157,148,3,0,0,0,1,5
09,005,140,Naugatuck Valley Planning Region,04930,Bethlehem town,FEMALE,60--64,13,168,166,0,0,1,0,1,0
09,005,140,Naugatuck Valley Planning Region,04930,Bethlehem town,FEMALE,65--69,14,172,165,4,0,0,0,3,0
09,005,140,Naugatuck Valley Planning Region,04930,Bethlehem town,FEMALE,70--74,15,139,134,3,0,2,0,0,0
09,005,140,Naugatuck Valley Planning Region,04930,Bethlehem town,FEMALE,75--79,16,70,70,0,0,0,0,0,0
09,005,140,Naugatuck Valley Planning Region,04930,Bethlehem town,FEMALE,80--84,17,41,41,0,0,0,0,0,0
09,005,140,Naugatuck Valley Planning Region,04930,Bethlehem town,FEMALE,85+,18,48,48,0,0,0,0,0,0
09,005,190,Western Connecticut Planning Region,08210,Bridgewater town,MALE,00--04,1,26,23,0,0,0,0,3,0
09,005,190,Western Connecticut Planning Region,08210,Bridgewater town,MALE,05--09,2,31,30,0,0,0,0,0,1
09,005,190,Western Connecticut Planning Region,08210,Bridgewater town,MALE,10--14,3,28,25,0,0,0,0,2,1
09,005,190,Western Connecticut Planning Region,08210,Bridgewater town,MALE,15--19,4,41,39,1,0,0,0,0,1
09,005,190,Western Connecticut Planning Region,08210,Bridgewater town,MALE,20--24,5,46,38,1,0,0,0,4,3
09,005,190,Western Connecticut Planning Region,08210,Bridgewater town,MALE,25--29,6,39,34,0,0,0,0,2,3
09,005,190,Western Connecticut Planning Region,08210,Bridgewater town,MALE,30--34,7,42,40,0,0,0,0,1,1
09,005,190,Western Connecticut Planning Region,08210,Bridgewater town,MALE,35--39,8,23,22,1,0,0,0,0,0
09,005,190,Western Connecticut Planning Region,08210,Bridgewater town,MALE,40--44,9,30,29,0,0,0,0,1,0
09,005,190,Western Connecticut Planning Region,08210,Bridgewater town,MALE,45--49,10,29,27,0,0,1,0,0,1
09,005,190,Western Connecticut Planning Region,08210,Bridgewater town,MALE,50--54,11,63,55,1,1,0,0,4,2
09,005,190,Western Connecticut Planning Region,08210,Bridgewater town,MALE,55--59,12,84,83,1,0,0,0,0,0
09,005,190,Western Connecticut Planning Region,08210,Bridgewater town,MALE,60--64,13,91,85,1,0,1,0,4,0
09,005,190,Western Connecticut Planning Region,08210,Bridgewater town,MALE,65--69,14,69,68,0,0,0,0,0,1
09,005,190,Western Connecticut Planning Region,08210,Bridgewater town,MALE,70--74,15,76,75,0,0,0,0,1,0
09,005,190,Western Connecticut Planning Region,08210,Bridgewater town,MALE,75--79,16,55,54,0,0,0,0,0,1
09,005,190,Western Connecticut Planning Region,08210,Bridgewater town,MALE,80--84,17,33,33,0,0,0,0,0,0
09,005,190,Western Connecticut Planning Region,08210,Bridgewater town,MALE,85+,18,27,25,1,0,0,0,0,1
09,005,190,Western Connecticut Planning Region,08210,Bridgewater town,FEMALE,00--04,1,26,23,0,0,2,0,0,1
09,005,190,Western Connecticut Planning Region,08210,Bridgewater town,FEMALE,05--09,2,17,16,0,0,1,0,0,0
09,005,190,Western Connecticut Planning Region,08210,Bridgewater town,FEMALE,10--14,3,34,32,0,0,0,0,2,0
09,005,190,Western Connecticut Planning Region,08210,Bridgewater town,FEMALE,15--19,4,35,28,0,0,2,0,1,4
09,005,190,Western Connecticut Planning Region,08210,Bridgewater town,FEMALE,20--24,5,32,31,0,0,0,0,1,0
09,005,190,Western Connecticut Planning Region,08210,Bridgewater town,FEMALE,25--29,6,31,28,0,0,1,0,0,2
09,005,190,Western Connecticut Planning Region,08210,Bridgewater town,FEMALE,30--34,7,30,25,0,0,0,0,1,4
09,005,190,Western Connecticut Planning Region,08210,Bridgewater town,FEMALE,35--39,8,35,32,2,0,0,0,0,1
09,005,190,Western Connecticut Planning Region,08210,Bridgewater town,FEMALE,40--44,9,25,22,0,0,0,0,1,2
09,005,190,Western Connecticut Planning Region,08210,Bridgewater town,FEMALE,45--49,10,47,44,1,0,0,0,1,1
09,005,190,Western Connecticut Planning Region,08210,Bridgewater town,FEMALE,50--54,11,68,65,0,0,1,0,1,1
09,005,190,Western Connecticut Planning Region,08210,Bridgewater town,FEMALE,55--59,12,83,75,0,0,1,0,2,5
09,005,190,Western Connecticut Planning Region,08210,Bridgewater town,FEMALE,60--64,13,86,79,2,0,1,0,3,1
09,005,190,Western Connecticut Planning Region,08210,Bridgewater town,FEMALE,65--69,14,76,73,1,0,0,0,0,2
09,005,190,Western Connecticut Planning Region,08210,Bridgewater town,FEMALE,70--74,15,76,76,0,0,0,0,0,0
09,005,190,Western Connecticut Planning Region,08210,Bridgewater town,FEMALE,75--79,16,61,60,0,0,0,0,1,0
09,005,190,Western Connecticut Planning Region,08210,Bridgewater town,FEMALE,80--84,17,37,36,0,0,0,0,0,1
09,005,190,Western Connecticut Planning Region,08210,Bridgewater town,FEMALE,85+,18,27,26,1,0,0,0,0,0
09,005,160,Northwest Hills Planning Region,10940,Canaan town,MALE,00--04,1,18,13,0,0,0,0,1,4
09,005,160,Northwest Hills Planning Region,10940,Canaan town,MALE,05--09,2,29,24,0,0,0,0,2,3
09,005,160,Northwest Hills Planning Region,10940,Canaan town,MALE,10--14,3,33,21,0,1,0,0,1,10
09,005,160,Northwest Hills Planning Region,10940,Canaan town,MALE,15--19,4,26,21,0,0,0,0,2,3
09,005,160,Northwest Hills Planning Region,10940,Canaan town,MALE,20--24,5,24,21,1,0,0,0,1,1
09,005,160,Northwest Hills Planning Region,10940,Canaan town,MALE,25--29,6,14,14,0,0,0,0,0,0
09,005,160,Northwest Hills Planning Region,10940,Canaan town,MALE,30--34,7,31,28,0,0,0,0,0,3
09,005,160,Northwest Hills Planning Region,10940,Canaan town,MALE,35--39,8,32,29,1,0,0,0,0,2
09,005,160,Northwest Hills Planning Region,10940,Canaan town,MALE,40--44,9,26,21,1,0,0,0,0,4
09,005,160,Northwest Hills Planning Region,10940,Canaan town,MALE,45--49,10,24,22,0,0,0,0,1,1
09,005,160,Northwest Hills Planning Region,10940,Canaan town,MALE,50--54,11,36,32,2,0,0,0,0,2
09,005,160,Northwest Hills Planning Region,10940,Canaan town,MALE,55--59,12,44,43,0,0,0,0,1,0
09,005,160,Northwest Hills Planning Region,10940,Canaan town,MALE,60--64,13,54,47,3,0,0,0,2,2
09,005,160,Northwest Hills Planning Region,10940,Canaan town,MALE,65--69,14,61,61,0,0,0,0,0,0
09,005,160,Northwest Hills Planning Region,10940,Canaan town,MALE,70--74,15,45,45,0,0,0,0,0,0
09,005,160,Northwest Hills Planning Region,10940,Canaan town,MALE,75--79,16,28,27,1,0,0,0,0,0
09,005,160,Northwest Hills Planning Region,10940,Canaan town,MALE,80--84,17,19,19,0,0,0,0,0,0
09,005,160,Northwest Hills Planning Region,10940,Canaan town,MALE,85+,18,10,9,0,0,0,0,0,1
09,005,160,Northwest Hills Planning Region,10940,Canaan town,FEMALE,00--04,1,21,17,0,0,0,0,1,3
09,005,160,Northwest Hills Planning Region,10940,Canaan town,FEMALE,05--09,2,19,16,0,1,0,0,1,1
09,005,160,Northwest Hills Planning Region,10940,Canaan town,FEMALE,10--14,3,20,19,0,0,0,0,0,1
09,005,160,Northwest Hills Planning Region,10940,Canaan town,FEMALE,15--19,4,27,22,0,1,0,0,2,2
09,005,160,Northwest Hills Planning Region,10940,Canaan town,FEMALE,20--24,5,24,20,0,0,0,0,1,3
09,005,160,Northwest Hills Planning Region,10940,Canaan town,FEMALE,25--29,6,18,15,0,0,0,0,0,3
09,005,160,Northwest Hills Planning Region,10940,Canaan town,FEMALE,30--34,7,24,23,0,0,0,0,0,1
09,005,160,Northwest Hills Planning Region,10940,Canaan town,FEMALE,35--39,8,39,39,0,0,0,0,0,0
09,005,160,Northwest Hills Planning Region,10940,Canaan town,FEMALE,40--44,9,27,23,1,0,1,0,0,2
09,005,160,Northwest Hills Planning Region,10940,Canaan town,FEMALE,45--49,10,23,21,0,0,0,0,1,1
09,005,160,Northwest Hills Planning Region,10940,Canaan town,FEMALE,50--54,11,37,34,0,0,0,0,0,3
09,005,160,Northwest Hills Planning Region,10940,Canaan town,FEMALE,55--59,12,44,40,3,0,0,0,1,0
09,005,160,Northwest Hills Planning Region,10940,Canaan town,FEMALE,60--64,13,66,64,1,0,0,0,1,0
09,005,160,Northwest Hills Planning Region,10940,Canaan town,FEMALE,65--69,14,48,45,0,0,0,0,3,0
09,005,160,Northwest Hills Planning Region,10940,Canaan town,FEMALE,70--74,15,30,30,0,0,0,0,0,0
09,005,160,Northwest Hills Planning Region,10940,Canaan town,FEMALE,75--79,16,22,22,0,0,0,0,0,0
09,005,160,Northwest Hills Planning Region,10940,Canaan town,FEMALE,80--84,17,19,19,0,0,0,0,0,0
09,005,160,Northwest Hills Planning Region,10940,Canaan town,FEMALE,85+,18,17,16,1,0,0,0,0,0
09,005,160,Northwest Hills Planning Region,16050,Colebrook town,MALE,00--04,1,19,17,0,0,0,0,1,1
09,005,160,Northwest Hills Planning Region,16050,Colebrook town,MALE,05--09,2,32,30,0,0,0,0,2,0
09,005,160,Northwest Hills Planning Region,16050,Colebrook town,MALE,10--14,3,37,35,0,0,0,0,0,2
09,005,160,Northwest Hills Planning Region,16050,Colebrook town,MALE,15--19,4,32,26,2,0,0,0,4,0
09,005,160,Northwest Hills Planning Region,16050,Colebrook town,MALE,20--24,5,31,30,1,0,0,0,0,0
09,005,160,Northwest Hills Planning Region,16050,Colebrook town,MALE,25--29,6,40,37,0,0,0,0,3,0
09,005,160,Northwest Hills Planning Region,16050,Colebrook town,MALE,30--34,7,35,32,0,0,0,0,0,3
09,005,160,Northwest Hills Planning Region,16050,Colebrook town,MALE,35--39,8,37,35,0,0,0,0,1,1
09,005,160,Northwest Hills Planning Region,16050,Colebrook town,MALE,40--44,9,33,32,0,0,0,0,0,1
09,005,160,Northwest Hills Planning Region,16050,Colebrook town,MALE,45--49,10,41,39,0,0,0,0,1,1
09,005,160,Northwest Hills Planning Region,16050,Colebrook town,MALE,50--54,11,50,47,1,0,0,0,0,2
09,005,160,Northwest Hills Planning Region,16050,Colebrook town,MALE,55--59,12,74,70,0,0,1,0,2,1
09,005,160,Northwest Hills Planning Region,16050,Colebrook town,MALE,60--64,13,77,74,0,1,1,0,1,0
09,005,160,Northwest Hills Planning Region,16050,Colebrook town,MALE,65--69,14,68,66,0,0,0,0,2,0
09,005,160,Northwest Hills Planning Region,16050,Colebrook town,MALE,70--74,15,60,59,0,0,0,0,1,0
09,005,160,Northwest Hills Planning Region,16050,Colebrook town,MALE,75--79,16,28,28,0,0,0,0,0,0
09,005,160,Northwest Hills Planning Region,16050,Colebrook town,MALE,80--84,17,16,15,0,0,0,0,1,0
09,005,160,Northwest Hills Planning Region,16050,Colebrook town,MALE,85+,18,9,8,0,0,0,0,1,0
09,005,160,Northwest Hills Planning Region,16050,Colebrook town,FEMALE,00--04,1,9,6,0,0,0,0,1,2
09,005,160,Northwest Hills Planning Region,16050,Colebrook town,FEMALE,05--09,2,31,27,0,0,0,0,1,3
09,005,160,Northwest Hills Planning Region,16050,Colebrook town,FEMALE,10--14,3,28,26,0,0,2,0,0,0
09,005,160,Northwest Hills Planning Region,16050,Colebrook town,FEMALE,15--19,4,36,30,0,0,0,0,3,3
09,005,160,Northwest Hills Planning Region,16050,Colebrook town,FEMALE,20--24,5,24,22,0,0,0,0,1,1
09,005,160,Northwest Hills Planning Region,16050,Colebrook town,FEMALE,25--29,6,30,26,0,0,0,0,2,2
09,005,160,Northwest Hills Planning Region,16050,Colebrook town,FEMALE,30--34,7,21,18,0,0,1,0,1,1
09,005,160,Northwest Hills Planning Region,16050,Colebrook town,FEMALE,35--39,8,31,30,0,0,0,0,0,1
09,005,160,Northwest Hills Planning Region,16050,Colebrook town,FEMALE,40--44,9,33,30,0,0,0,0,3,0
09,005,160,Northwest Hills Planning Region,16050,Colebrook town,FEMALE,45--49,10,39,37,0,0,0,0,2,0
09,005,160,Northwest Hills Planning Region,16050,Colebrook town,FEMALE,50--54,11,52,51,0,0,0,0,1,0
09,005,160,Northwest Hills Planning Region,16050,Colebrook town,FEMALE,55--59,12,75,70,1,0,0,0,1,3
09,005,160,Northwest Hills Planning Region,16050,Colebrook town,FEMALE,60--64,13,67,63,0,0,0,0,3,1
09,005,160,Northwest Hills Planning Region,16050,Colebrook town,FEMALE,65--69,14,58,56,0,0,0,0,0,2
09,005,160,Northwest Hills Planning Region,16050,Colebrook town,FEMALE,70--74,15,43,43,0,0,0,0,0,0
09,005,160,Northwest Hills Planning Region,16050,Colebrook town,FEMALE,75--79,16,30,30,0,0,0,0,0,0
09,005,160,Northwest Hills Planning Region,16050,Colebrook town,FEMALE,80--84,17,13,13,0,0,0,0,0,0
09,005,160,Northwest Hills Planning Region,16050,Colebrook town,FEMALE,85+,18,16,16,0,0,0,0,0,0
09,005,160,Northwest Hills Planning Region,17240,Cornwall town,MALE,00--04,1,28,23,2,0,1,0,0,2
09,005,160,Northwest Hills Planning Region,17240,Cornwall town,MALE,05--09,2,22,17,0,0,0,0,1,4
09,005,160,Northwest Hills Planning Region,17240,Cornwall town,MALE,10--14,3,37,34,0,0,0,0,0,3
09,005,160,Northwest Hills Planning Region,17240,Cornwall town,MALE,15--19,4,40,34,0,0,1,0,0,5
09,005,160,Northwest Hills Planning Region,17240,Cornwall town,MALE,20--24,5,33,27,0,0,1,0,3,2
09,005,160,Northwest Hills Planning Region,17240,Cornwall town,MALE,25--29,6,27,23,1,0,0,0,1,2
09,005,160,Northwest Hills Planning Region,17240,Cornwall town,MALE,30--34,7,44,42,1,0,0,0,0,1
09,005,160,Northwest Hills Planning Region,17240,Cornwall town,MALE,35--39,8,30,27,0,0,1,0,1,1
09,005,160,Northwest Hills Planning Region,17240,Cornwall town,MALE,40--44,9,20,19,0,0,0,0,0,1
09,005,160,Northwest Hills Planning Region,17240,Cornwall town,MALE,45--49,10,30,25,1,0,0,0,2,2
09,005,160,Northwest Hills Planning Region,17240,Cornwall town,MALE,50--54,11,60,60,0,0,0,0,0,0
09,005,160,Northwest Hills Planning Region,17240,Cornwall town,MALE,55--59,12,79,78,0,0,0,0,1,0
09,005,160,Northwest Hills Planning Region,17240,Cornwall town,MALE,60--64,13,91,89,0,0,1,0,1,0
09,005,160,Northwest Hills Planning Region,17240,Cornwall town,MALE,65--69,14,78,77,0,0,0,0,1,0
09,005,160,Northwest Hills Planning Region,17240,Cornwall town,MALE,70--74,15,79,78,0,0,0,0,0,1
09,005,160,Northwest Hills Planning Region,17240,Cornwall town,MALE,75--79,16,57,57,0,0,0,0,0,0
09,005,160,Northwest Hills Planning Region,17240,Cornwall town,MALE,80--84,17,18,15,0,0,3,0,0,0
09,005,160,Northwest Hills Planning Region,17240,Cornwall town,MALE,85+,18,19,19,0,0,0,0,0,0
09,005,160,Northwest Hills Planning Region,17240,Cornwall town,FEMALE,00--04,1,21,19,0,0,1,0,0,1
09,005,160,Northwest Hills Planning Region,17240,Cornwall town,FEMALE,05--09,2,27,21,0,0,1,0,0,5
09,005,160,Northwest Hills Planning Region,17240,Cornwall town,FEMALE,10--14,3,24,18,1,0,1,0,0,4
09,005,160,Northwest Hills Planning Region,17240,Cornwall town,FEMALE,15--19,4,39,34,1,0,3,0,1,0
09,005,160,Northwest Hills Planning Region,17240,Cornwall town,FEMALE,20--24,5,41,37,0,0,0,0,3,1
09,005,160,Northwest Hills Planning Region,17240,Cornwall town,FEMALE,25--29,6,24,21,0,0,1,0,0,2
09,005,160,Northwest Hills Planning Region,17240,Cornwall town,FEMALE,30--34,7,25,16,0,0,4,0,0,5
09,005,160,Northwest Hills Planning Region,17240,Cornwall town,FEMALE,35--39,8,24,22,0,0,1,0,0,1
09,005,160,Northwest Hills Planning Region,17240,Cornwall town,FEMALE,40--44,9,33,30,0,0,1,0,1,1
09,005,160,Northwest Hills Planning Region,17240,Cornwall town,FEMALE,45--49,10,46,39,0,0,0,0,1,6
09,005,160,Northwest Hills Planning Region,17240,Cornwall town,FEMALE,50--54,11,56,51,1,0,1,0,1,2
09,005,160,Northwest Hills Planning Region,17240,Cornwall town,FEMALE,55--59,12,74,70,1,0,0,0,1,2
09,005,160,Northwest Hills Planning Region,17240,Cornwall town,FEMALE,60--64,13,81,78,0,0,0,0,1,2
09,005,160,Northwest Hills Planning Region,17240,Cornwall town,FEMALE,65--69,14,82,82,0,0,0,0,0,0
09,005,160,Northwest Hills Planning Region,17240,Cornwall town,FEMALE,70--74,15,67,64,0,0,1,0,2,0
09,005,160,Northwest Hills Planning Region,17240,Cornwall town,FEMALE,75--79,16,49,42,0,1,1,0,3,2
09,005,160,Northwest Hills Planning Region,17240,Cornwall town,FEMALE,80--84,17,36,34,0,0,0,0,0,2
09,005,160,Northwest Hills Planning Region,17240,Cornwall town,FEMALE,85+,18,28,28,0,0,0,0,0,0
09,005,160,Northwest Hills Planning Region,32290,Goshen town,MALE,00--04,1,57,50,0,0,0,0,4,3
09,005,160,Northwest Hills Planning Region,32290,Goshen town,MALE,05--09,2,69,56,0,0,1,0,6,6
09,005,160,Northwest Hills Planning Region,32290,Goshen town,MALE,10--14,3,88,84,0,0,0,0,3,1
09,005,160,Northwest Hills Planning Region,32290,Goshen town,MALE,15--19,4,86,76,2,0,1,0,1,6
09,005,160,Northwest Hills Planning Region,32290,Goshen town,MALE,20--24,5,74,71,0,0,0,0,2,1
09,005,160,Northwest Hills Planning Region,32290,Goshen town,MALE,25--29,6,69,64,0,0,2,0,1,2
09,005,160,Northwest Hills Planning Region,32290,Goshen town,MALE,30--34,7,55,52,1,0,0,0,0,2
09,005,160,Northwest Hills Planning Region,32290,Goshen town,MALE,35--39,8,67,63,0,0,1,0,1,2
09,005,160,Northwest Hills Planning Region,32290,Goshen town,MALE,40--44,9,92,81,2,0,2,0,1,6
09,005,160,Northwest Hills Planning Region,32290,Goshen town,MALE,45--49,10,85,76,0,1,3,0,2,3
09,005,160,Northwest Hills Planning Region,32290,Goshen town,MALE,50--54,11,113,106,2,0,1,0,1,3
09,005,160,Northwest Hills Planning Region,32290,Goshen town,MALE,55--59,12,130,122,0,0,0,0,1,7
09,005,160,Northwest Hills Planning Region,32290,Goshen town,MALE,60--64,13,165,155,2,0,2,0,3,3
09,005,160,Northwest Hills Planning Region,32290,Goshen town,MALE,65--69,14,158,154,1,0,0,0,2,1
09,005,160,Northwest Hills Planning Region,32290,Goshen town,MALE,70--74,15,133,129,1,0,0,0,1,2
09,005,160,Northwest Hills Planning Region,32290,Goshen town,MALE,75--79,16,80,77,1,0,1,0,0,1
09,005,160,Northwest Hills Planning Region,32290,Goshen town,MALE,80--84,17,48,47,0,0,0,0,0,1
09,005,160,Northwest Hills Planning Region,32290,Goshen town,MALE,85+,18,27,23,0,0,3,0,0,1
09,005,160,Northwest Hills Planning Region,32290,Goshen town,FEMALE,00--04,1,51,43,0,0,0,0,4,4
09,005,160,Northwest Hills Planning Region,32290,Goshen town,FEMALE,05--09,2,66,61,0,1,0,0,2,2
09,005,160,Northwest Hills Planning Region,32290,Goshen town,FEMALE,10--14,3,86,70,0,0,2,0,5,9
09,005,160,Northwest Hills Planning Region,32290,Goshen town,FEMALE,15--19,4,78,69,1,0,0,0,4,4
09,005,160,Northwest Hills Planning Region,32290,Goshen town,FEMALE,20--24,5,71,68,0,0,0,0,0,3
09,005,160,Northwest Hills Planning Region,32290,Goshen town,FEMALE,25--29,6,57,54,0,0,0,0,0,3
09,005,160,Northwest Hills Planning Region,32290,Goshen town,FEMALE,30--34,7,63,53,0,0,1,0,2,7
09,005,160,Northwest Hills Planning Region,32290,Goshen town,FEMALE,35--39,8,80,72,0,0,1,0,0,7
09,005,160,Northwest Hills Planning Region,32290,Goshen town,FEMALE,40--44,9,93,78,0,0,4,0,5,6
09,005,160,Northwest Hills Planning Region,32290,Goshen town,FEMALE,45--49,10,79,72,0,0,2,0,3,2
09,005,160,Northwest Hills Planning Region,32290,Goshen town,FEMALE,50--54,11,116,112,0,0,0,0,1,3
09,005,160,Northwest Hills Planning Region,32290,Goshen town,FEMALE,55--59,12,152,139,2,0,1,0,5,5
09,005,160,Northwest Hills Planning Region,32290,Goshen town,FEMALE,60--64,13,163,157,0,0,0,0,1,5
09,005,160,Northwest Hills Planning Region,32290,Goshen town,FEMALE,65--69,14,141,134,0,0,1,0,2,4
09,005,160,Northwest Hills Planning Region,32290,Goshen town,FEMALE,70--74,15,124,120,1,0,0,0,1,2
09,005,160,Northwest Hills Planning Region,32290,Goshen town,FEMALE,75--79,16,76,75,0,0,0,0,0,1
09,005,160,Northwest Hills Planning Region,32290,Goshen town,FEMALE,80--84,17,34,31,0,0,2,0,0,1
09,005,160,Northwest Hills Planning Region,32290,Goshen town,FEMALE,85+,18,37,35,0,0,1,0,0,1
09,005,160,Northwest Hills Planning Region,37280,Harwinton town,MALE,00--04,1,109,100,1,0,0,0,3,5
09,005,160,Northwest Hills Planning Region,37280,Harwinton town,MALE,05--09,2,133,119,1,0,0,0,7,6
09,005,160,Northwest Hills Planning Region,37280,Harwinton town,MALE,10--14,3,200,174,5,0,0,0,8,13
09,005,160,Northwest Hills Planning Region,37280,Harwinton town,MALE,15--19,4,172,161,1,1,0,0,4,5
09,005,160,Northwest Hills Planning Region,37280,Harwinton town,MALE,20--24,5,128,115,1,1,1,0,8,2
09,005,160,Northwest Hills Planning Region,37280,Harwinton town,MALE,25--29,6,115,107,0,1,1,0,3,3
09,005,160,Northwest Hills Planning Region,37280,Harwinton town,MALE,30--34,7,117,110,0,0,0,0,0,7
09,005,160,Northwest Hills Planning Region,37280,Harwinton town,MALE,35--39,8,172,156,2,0,0,0,2,12
09,005,160,Northwest Hills Planning Region,37280,Harwinton town,MALE,40--44,9,133,126,1,0,1,0,1,4
09,005,160,Northwest Hills Planning Region,37280,Harwinton town,MALE,45--49,10,158,147,2,0,1,0,1,7
09,005,160,Northwest Hills Planning Region,37280,Harwinton town,MALE,50--54,11,224,213,0,3,2,0,0,6
09,005,160,Northwest Hills Planning Region,37280,Harwinton town,MALE,55--59,12,225,211,5,0,1,0,8,0
09,005,160,Northwest Hills Planning Region,37280,Harwinton town,MALE,60--64,13,228,223,2,0,0,0,1,2
09,005,160,Northwest Hills Planning Region,37280,Harwinton town,MALE,65--69,14,219,214,1,0,0,0,1,3
09,005,160,Northwest Hills Planning Region,37280,Harwinton town,MALE,70--74,15,204,200,0,0,1,0,1,2
09,005,160,Northwest Hills Planning Region,37280,Harwinton town,MALE,75--79,16,147,147,0,0,0,0,0,0
09,005,160,Northwest Hills Planning Region,37280,Harwinton town,MALE,80--84,17,68,66,0,0,0,0,2,0
09,005,160,Northwest Hills Planning Region,37280,Harwinton town,MALE,85+,18,46,46,0,0,0,0,0,0
09,005,160,Northwest Hills Planning Region,37280,Harwinton town,FEMALE,00--04,1,107,93,2,1,0,0,5,6
09,005,160,Northwest Hills Planning Region,37280,Harwinton town,FEMALE,05--09,2,151,132,3,1,0,0,4,11
09,005,160,Northwest Hills Planning Region,37280,Harwinton town,FEMALE,10--14,3,170,154,2,0,0,0,2,12
09,005,160,Northwest Hills Planning Region,37280,Harwinton town,FEMALE,15--19,4,159,146,1,0,0,0,9,3
09,005,160,Northwest Hills Planning Region,37280,Harwinton town,FEMALE,20--24,5,114,109,0,0,2,0,2,1
09,005,160,Northwest Hills Planning Region,37280,Harwinton town,FEMALE,25--29,6,122,106,2,0,1,0,1,12
09,005,160,Northwest Hills Planning Region,37280,Harwinton town,FEMALE,30--34,7,112,105,0,0,3,0,0,4
09,005,160,Northwest Hills Planning Region,37280,Harwinton town,FEMALE,35--39,8,148,135,1,0,0,0,1,11
09,005,160,Northwest Hills Planning Region,37280,Harwinton town,FEMALE,40--44,9,139,135,0,0,0,0,0,4
09,005,160,Northwest Hills Planning Region,37280,Harwinton town,FEMALE,45--49,10,160,154,1,0,3,0,0,2
09,005,160,Northwest Hills Planning Region,37280,Harwinton town,FEMALE,50--54,11,211,197,1,0,3,0,3,7
09,005,160,Northwest Hills Planning Region,37280,Harwinton town,FEMALE,55--59,12,222,212,2,0,5,0,3,0
09,005,160,Northwest Hills Planning Region,37280,Harwinton town,FEMALE,60--64,13,246,231,0,0,1,0,3,11
09,005,160,Northwest Hills Planning Region,37280,Harwinton town,FEMALE,65--69,14,209,205,1,0,0,0,2,1
09,005,160,Northwest Hills Planning Region,37280,Harwinton town,FEMALE,70--74,15,195,191,0,0,2,0,1,1
09,005,160,Northwest Hills Planning Region,37280,Harwinton town,FEMALE,75--79,16,127,118,0,0,1,0,0,8
09,005,160,Northwest Hills Planning Region,37280,Harwinton town,FEMALE,80--84,17,67,62,2,0,2,0,0,1
09,005,160,Northwest Hills Planning Region,37280,Harwinton town,FEMALE,85+,18,50,48,0,0,0,0,0,2
09,005,160,Northwest Hills Planning Region,40290,Kent town,MALE,00--04,1,56,37,1,0,1,0,6,11
09,005,160,Northwest Hills Planning Region,40290,Kent town,MALE,05--09,2,47,33,0,0,1,0,7,6
09,005,160,Northwest Hills Planning Region,40290,Kent town,MALE,10--14,3,70,60,2,2,0,0,2,4
09,005,160,Northwest Hills Planning Region,40290,Kent town,MALE,15--19,4,106,61,0,0,18,0,16,11
09,005,160,Northwest Hills Planning Region,40290,Kent town,MALE,20--24,5,63,50,0,1,1,0,4,7
09,005,160,Northwest Hills Planning Region,40290,Kent town,MALE,25--29,6,74,65,1,1,2,0,0,5
09,005,160,Northwest Hills Planning Region,40290,Kent town,MALE,30--34,7,74,60,1,0,3,0,2,8
09,005,160,Northwest Hills Planning Region,40290,Kent town,MALE,35--39,8,86,71,1,0,1,0,3,10
09,005,160,Northwest Hills Planning Region,40290,Kent town,MALE,40--44,9,92,80,1,4,1,0,3,3
09,005,160,Northwest Hills Planning Region,40290,Kent town,MALE,45--49,10,67,56,1,0,3,0,3,4
09,005,160,Northwest Hills Planning Region,40290,Kent town,MALE,50--54,11,122,105,4,2,4,0,1,6
09,005,160,Northwest Hills Planning Region,40290,Kent town,MALE,55--59,12,132,122,0,1,0,0,5,4
09,005,160,Northwest Hills Planning Region,40290,Kent town,MALE,60--64,13,123,117,3,0,0,0,1,2
09,005,160,Northwest Hills Planning Region,40290,Kent town,MALE,65--69,14,136,130,1,1,2,0,1,1
09,005,160,Northwest Hills Planning Region,40290,Kent town,MALE,70--74,15,110,107,0,0,0,0,1,2
09,005,160,Northwest Hills Planning Region,40290,Kent town,MALE,75--79,16,53,52,0,0,0,0,1,0
09,005,160,Northwest Hills Planning Region,40290,Kent town,MALE,80--84,17,57,55,0,0,0,0,1,1
09,005,160,Northwest Hills Planning Region,40290,Kent town,MALE,85+,18,41,40,1,0,0,0,0,0
09,005,160,Northwest Hills Planning Region,40290,Kent town,FEMALE,00--04,1,41,38,1,0,0,0,1,1
09,005,160,Northwest Hills Planning Region,40290,Kent town,FEMALE,05--09,2,58,48,1,0,3,0,2,4
09,005,160,Northwest Hills Planning Region,40290,Kent town,FEMALE,10--14,3,77,63,0,0,0,0,5,9
09,005,160,Northwest Hills Planning Region,40290,Kent town,FEMALE,15--19,4,62,49,0,0,6,0,3,4
09,005,160,Northwest Hills Planning Region,40290,Kent town,FEMALE,20--24,5,57,50,0,1,1,0,1,4
09,005,160,Northwest Hills Planning Region,40290,Kent town,FEMALE,25--29,6,66,55,0,2,1,0,2,6
09,005,160,Northwest Hills Planning Region,40290,Kent town,FEMALE,30--34,7,59,50,0,0,6,0,2,1
09,005,160,Northwest Hills Planning Region,40290,Kent town,FEMALE,35--39,8,68,58,0,0,3,0,2,5
09,005,160,Northwest Hills Planning Region,40290,Kent town,FEMALE,40--44,9,85,68,2,1,7,0,3,4
09,005,160,Northwest Hills Planning Region,40290,Kent town,FEMALE,45--49,10,90,72,1,1,5,0,4,7
09,005,160,Northwest Hills Planning Region,40290,Kent town,FEMALE,50--54,11,99,83,3,0,7,0,1,5
09,005,160,Northwest Hills Planning Region,40290,Kent town,FEMALE,55--59,12,121,117,0,0,2,0,1,1
09,005,160,Northwest Hills Planning Region,40290,Kent town,FEMALE,60--64,13,142,125,2,2,1,0,3,9
09,005,160,Northwest Hills Planning Region,40290,Kent town,FEMALE,65--69,14,145,134,4,0,4,0,1,2
09,005,160,Northwest Hills Planning Region,40290,Kent town,FEMALE,70--74,15,104,100,0,1,0,0,1,2
09,005,160,Northwest Hills Planning Region,40290,Kent town,FEMALE,75--79,16,82,77,0,0,0,0,2,3
09,005,160,Northwest Hills Planning Region,40290,Kent town,FEMALE,80--84,17,69,66,0,1,1,0,0,1
09,005,160,Northwest Hills Planning Region,40290,Kent town,FEMALE,85+,18,49,47,0,0,0,0,1,1
09,005,160,Northwest Hills Planning Region,43370,Litchfield town,MALE,00--04,1,135,121,0,0,1,0,3,10
09,005,160,Northwest Hills Planning Region,43370,Litchfield town,MALE,05--09,2,173,144,2,0,2,0,10,15
09,005,160,Northwest Hills Planning Region,43370,Litchfield town,MALE,10--14,3,223,195,1,0,5,0,5,17
09,005,160,Northwest Hills Planning Region,43370,Litchfield town,MALE,15--19,4,201,151,5,0,6,0,21,18
09,005,160,Northwest Hills Planning Region,43370,Litchfield town,MALE,20--24,5,202,186,3,0,8,0,2,3
09,005,160,Northwest Hills Planning Region,43370,Litchfield town,MALE,25--29,6,202,174,4,2,2,0,5,15
09,005,160,Northwest Hills Planning Region,43370,Litchfield town,MALE,30--34,7,206,186,1,0,5,0,4,10
09,005,160,Northwest Hills Planning Region,43370,Litchfield town,MALE,35--39,8,210,189,0,0,4,0,6,11
09,005,160,Northwest Hills Planning Region,43370,Litchfield town,MALE,40--44,9,192,174,1,1,6,0,3,7
09,005,160,Northwest Hills Planning Region,43370,Litchfield town,MALE,45--49,10,219,203,0,1,6,0,4,5
09,005,160,Northwest Hills Planning Region,43370,Litchfield town,MALE,50--54,11,266,251,0,0,2,0,4,9
09,005,160,Northwest Hills Planning Region,43370,Litchfield town,MALE,55--59,12,344,333,1,1,0,0,5,4
09,005,160,Northwest Hills Planning Region,43370,Litchfield town,MALE,60--64,13,350,333,1,0,2,0,7,7
09,005,160,Northwest Hills Planning Region,43370,Litchfield town,MALE,65--69,14,366,357,1,0,0,0,3,5
09,005,160,Northwest Hills Planning Region,43370,Litchfield town,MALE,70--74,15,298,289,0,0,0,0,0,9
09,005,160,Northwest Hills Planning Region,43370,Litchfield town,MALE,75--79,16,192,185,0,0,1,0,2,4
09,005,160,Northwest Hills Planning Region,43370,Litchfield town,MALE,80--84,17,118,115,1,0,2,0,0,0
09,005,160,Northwest Hills Planning Region,43370,Litchfield town,MALE,85+,18,89,85,0,0,1,0,2,1
09,005,160,Northwest Hills Planning Region,43370,Litchfield town,FEMALE,00--04,1,140,116,1,0,2,0,11,10
09,005,160,Northwest Hills Planning Region,43370,Litchfield town,FEMALE,05--09,2,195,175,3,0,6,0,5,6
09,005,160,Northwest Hills Planning Region,43370,Litchfield town,FEMALE,10--14,3,184,164,2,0,0,0,6,12
09,005,160,Northwest Hills Planning Region,43370,Litchfield town,FEMALE,15--19,4,201,172,5,0,3,0,2,19
09,005,160,Northwest Hills Planning Region,43370,Litchfield town,FEMALE,20--24,5,165,151,3,0,3,0,3,5
09,005,160,Northwest Hills Planning Region,43370,Litchfield town,FEMALE,25--29,6,203,177,0,1,4,0,7,14
09,005,160,Northwest Hills Planning Region,43370,Litchfield town,FEMALE,30--34,7,179,153,7,0,11,0,2,6
09,005,160,Northwest Hills Planning Region,43370,Litchfield town,FEMALE,35--39,8,227,213,0,0,1,0,7,6
09,005,160,Northwest Hills Planning Region,43370,Litchfield town,FEMALE,40--44,9,218,194,1,0,5,0,12,6
09,005,160,Northwest Hills Planning Region,43370,Litchfield town,FEMALE,45--49,10,207,188,1,0,4,0,5,9
09,005,160,Northwest Hills Planning Region,43370,Litchfield town,FEMALE,50--54,11,304,278,2,1,5,0,7,11
09,005,160,Northwest Hills Planning Region,43370,Litchfield town,FEMALE,55--59,12,385,368,0,1,5,0,2,9
09,005,160,Northwest Hills Planning Region,43370,Litchfield town,FEMALE,60--64,13,334,323,4,0,0,0,6,1
09,005,160,Northwest Hills Planning Region,43370,Litchfield town,FEMALE,65--69,14,366,349,1,1,3,0,7,5
09,005,160,Northwest Hills Planning Region,43370,Litchfield town,FEMALE,70--74,15,323,308,2,3,8,0,1,1
09,005,160,Northwest Hills Planning Region,43370,Litchfield town,FEMALE,75--79,16,251,244,1,1,1,0,1,3
09,005,160,Northwest Hills Planning Region,43370,Litchfield town,FEMALE,80--84,17,142,138,0,0,0,0,2,2
09,005,160,Northwest Hills Planning Region,43370,Litchfield town,FEMALE,85+,18,159,158,0,0,0,0,1,0
09,005,160,Northwest Hills Planning Region,49460,Morris town,MALE,00--04,1,36,31,0,0,1,0,0,4
09,005,160,Northwest Hills Planning Region,49460,Morris town,MALE,05--09,2,53,49,0,0,0,0,2,2
09,005,160,Northwest Hills Planning Region,49460,Morris town,MALE,10--14,3,54,44,1,0,0,0,2,7
09,005,160,Northwest Hills Planning Region,49460,Morris town,MALE,15--19,4,69,66,0,0,0,0,1,2
09,005,160,Northwest Hills Planning Region,49460,Morris town,MALE,20--24,5,68,66,2,0,0,0,0,0
09,005,160,Northwest Hills Planning Region,49460,Morris town,MALE,25--29,6,51,50,0,0,0,0,0,1
09,005,160,Northwest Hills Planning Region,49460,Morris town,MALE,30--34,7,58,55,0,0,0,0,0,3
09,005,160,Northwest Hills Planning Region,49460,Morris town,MALE,35--39,8,53,50,0,0,1,0,0,2
09,005,160,Northwest Hills Planning Region,49460,Morris town,MALE,40--44,9,53,48,1,0,0,0,3,1
09,005,160,Northwest Hills Planning Region,49460,Morris town,MALE,45--49,10,68,60,0,0,1,0,3,4
09,005,160,Northwest Hills Planning Region,49460,Morris town,MALE,50--54,11,107,102,1,0,1,0,0,3
09,005,160,Northwest Hills Planning Region,49460,Morris town,MALE,55--59,12,79,76,1,0,0,0,2,0
09,005,160,Northwest Hills Planning Region,49460,Morris town,MALE,60--64,13,116,113,0,0,2,0,0,1
09,005,160,Northwest Hills Planning Region,49460,Morris town,MALE,65--69,14,99,96,0,0,0,0,0,3
09,005,160,Northwest Hills Planning Region,49460,Morris town,MALE,70--74,15,79,77,1,0,0,0,0,1
09,005,160,Northwest Hills Planning Region,49460,Morris town,MALE,75--79,16,51,50,0,0,0,0,0,1
09,005,160,Northwest Hills Planning Region,49460,Morris town,MALE,80--84,17,27,27,0,0,0,0,0,0
09,005,160,Northwest Hills Planning Region,49460,Morris town,MALE,85+,18,23,20,1,0,1,0,1,0
09,005,160,Northwest Hills Planning Region,49460,Morris town,FEMALE,00--04,1,50,42,0,0,1,0,3,4
09,005,160,Northwest Hills Planning Region,49460,Morris town,FEMALE,05--09,2,40,30,3,0,0,0,2,5
09,005,160,Northwest Hills Planning Region,49460,Morris town,FEMALE,10--14,3,48,43,0,0,0,0,4,1
09,005,160,Northwest Hills Planning Region,49460,Morris town,FEMALE,15--19,4,73,65,0,0,2,0,3,3
09,005,160,Northwest Hills Planning Region,49460,Morris town,FEMALE,20--24,5,60,58,0,0,0,0,0,2
09,005,160,Northwest Hills Planning Region,49460,Morris town,FEMALE,25--29,6,48,42,1,0,0,0,2,3
09,005,160,Northwest Hills Planning Region,49460,Morris town,FEMALE,30--34,7,53,53,0,0,0,0,0,0
09,005,160,Northwest Hills Planning Region,49460,Morris town,FEMALE,35--39,8,42,40,0,0,0,0,0,2
09,005,160,Northwest Hills Planning Region,49460,Morris town,FEMALE,40--44,9,53,46,0,0,0,0,2,5
09,005,160,Northwest Hills Planning Region,49460,Morris town,FEMALE,45--49,10,66,62,0,0,0,0,2,2
09,005,160,Northwest Hills Planning Region,49460,Morris town,FEMALE,50--54,11,80,78,0,0,0,0,1,1
09,005,160,Northwest Hills Planning Region,49460,Morris town,FEMALE,55--59,12,105,97,0,0,0,0,8,0
09,005,160,Northwest Hills Planning Region,49460,Morris town,FEMALE,60--64,13,116,114,0,0,1,0,1,0
09,005,160,Northwest Hills Planning Region,49460,Morris town,FEMALE,65--69,14,92,88,0,0,0,0,1,3
09,005,160,Northwest Hills Planning Region,49460,Morris town,FEMALE,70--74,15,75,72,0,0,1,0,1,1
09,005,160,Northwest Hills Planning Region,49460,Morris town,FEMALE,75--79,16,57,55,0,0,1,0,1,0
09,005,160,Northwest Hills Planning Region,49460,Morris town,FEMALE,80--84,17,37,36,0,0,1,0,0,0
09,005,160,Northwest Hills Planning Region,49460,Morris town,FEMALE,85+,18,17,17,0,0,0,0,0,0
09,005,160,Northwest Hills Planning Region,51350,New Hartford town,MALE,00--04,1,139,130,0,0,1,1,1,6
09,005,160,Northwest Hills Planning Region,51350,New Hartford town,MALE,05--09,2,165,142,0,0,2,0,9,12
09,005,160,Northwest Hills Planning Region,51350,New Hartford town,MALE,10--14,3,188,157,0,0,7,0,11,13
09,005,160,Northwest Hills Planning Region,51350,New Hartford town,MALE,15--19,4,209,192,1,0,1,0,8,7
09,005,160,Northwest Hills Planning Region,51350,New Hartford town,MALE,20--24,5,173,161,1,2,2,0,5,2
09,005,160,Northwest Hills Planning Region,51350,New Hartford town,MALE,25--29,6,159,150,0,0,2,0,4,3
09,005,160,Northwest Hills Planning Region,51350,New Hartford town,MALE,30--34,7,166,154,1,0,3,0,1,7
09,005,160,Northwest Hills Planning Region,51350,New Hartford town,MALE,35--39,8,178,163,0,0,5,2,4,4
09,005,160,Northwest Hills Planning Region,51350,New Hartford town,MALE,40--44,9,181,172,1,0,1,0,2,5
09,005,160,Northwest Hills Planning Region,51350,New Hartford town,MALE,45--49,10,196,179,2,1,3,0,6,5
09,005,160,Northwest Hills Planning Region,51350,New Hartford town,MALE,50--54,11,263,253,1,0,1,0,5,3
09,005,160,Northwest Hills Planning Region,51350,New Hartford town,MALE,55--59,12,320,312,0,0,1,0,2,5
09,005,160,Northwest Hills Planning Region,51350,New Hartford town,MALE,60--64,13,311,299,0,0,2,0,5,5
09,005,160,Northwest Hills Planning Region,51350,New Hartford town,MALE,65--69,14,271,263,1,0,1,0,2,4
09,005,160,Northwest Hills Planning Region,51350,New Hartford town,MALE,70--74,15,217,213,0,0,1,0,2,1
09,005,160,Northwest Hills Planning Region,51350,New Hartford town,MALE,75--79,16,115,114,0,0,0,0,0,1
09,005,160,Northwest Hills Planning Region,51350,New Hartford town,MALE,80--84,17,82,80,0,0,1,0,0,1
09,005,160,Northwest Hills Planning Region,51350,New Hartford town,MALE,85+,18,45,43,0,0,2,0,0,0
09,005,160,Northwest Hills Planning Region,51350,New Hartford town,FEMALE,00--04,1,122,109,0,0,2,0,4,7
09,005,160,Northwest Hills Planning Region,51350,New Hartford town,FEMALE,05--09,2,150,128,0,0,2,0,12,8
09,005,160,Northwest Hills Planning Region,51350,New Hartford town,FEMALE,10--14,3,186,170,0,0,0,0,7,9
09,005,160,Northwest Hills Planning Region,51350,New Hartford town,FEMALE,15--19,4,200,182,1,0,1,0,9,7
09,005,160,Northwest Hills Planning Region,51350,New Hartford town,FEMALE,20--24,5,180,157,0,0,4,0,10,9
09,005,160,Northwest Hills Planning Region,51350,New Hartford town,FEMALE,25--29,6,132,126,0,0,0,0,1,5
09,005,160,Northwest Hills Planning Region,51350,New Hartford town,FEMALE,30--34,7,181,162,0,0,6,0,6,7
09,005,160,Northwest Hills Planning Region,51350,New Hartford town,FEMALE,35--39,8,175,166,1,0,3,0,4,1
09,005,160,Northwest Hills Planning Region,51350,New Hartford town,FEMALE,40--44,9,177,168,0,0,1,0,8,0
09,005,160,Northwest Hills Planning Region,51350,New Hartford town,FEMALE,45--49,10,183,158,3,0,6,0,10,6
09,005,160,Northwest Hills Planning Region,51350,New Hartford town,FEMALE,50--54,11,254,237,0,1,5,0,4,7
09,005,160,Northwest Hills Planning Region,51350,New Hartford town,FEMALE,55--59,12,298,284,0,2,1,0,1,10
09,005,160,Northwest Hills Planning Region,51350,New Hartford town,FEMALE,60--64,13,295,284,1,0,2,0,4,4
09,005,160,Northwest Hills Planning Region,51350,New Hartford town,FEMALE,65--69,14,266,257,2,0,0,0,1,6
09,005,160,Northwest Hills Planning Region,51350,New Hartford town,FEMALE,70--74,15,196,181,2,0,5,0,3,5
09,005,160,Northwest Hills Planning Region,51350,New Hartford town,FEMALE,75--79,16,143,141,0,0,0,0,1,1
09,005,160,Northwest Hills Planning Region,51350,New Hartford town,FEMALE,80--84,17,84,84,0,0,0,0,0,0
09,005,160,Northwest Hills Planning Region,51350,New Hartford town,FEMALE,85+,18,68,68,0,0,0,0,0,0
09,005,190,Western Connecticut Planning Region,52630,New Milford town,MALE,00--04,1,643,438,22,1,18,0,31,133
09,005,190,Western Connecticut Planning Region,52630,New Milford town,MALE,05--09,2,734,518,27,0,20,0,28,141
09,005,190,Western Connecticut Planning Region,52630,New Milford town,MALE,10--14,3,894,635,26,2,31,0,47,153
09,005,190,Western Connecticut Planning Region,52630,New Milford town,MALE,15--19,4,925,708,19,2,39,0,27,130
09,005,190,Western Connecticut Planning Region,52630,New Milford town,MALE,20--24,5,791,576,18,1,28,1,27,140
09,005,190,Western Connecticut Planning Region,52630,New Milford town,MALE,25--29,6,836,647,20,0,22,0,33,114
09,005,190,Western Connecticut Planning Region,52630,New Milford town,MALE,30--34,7,856,666,24,2,27,0,32,105
09,005,190,Western Connecticut Planning Region,52630,New Milford town,MALE,35--39,8,865,640,30,1,33,1,27,133
09,005,190,Western Connecticut Planning Region,52630,New Milford town,MALE,40--44,9,895,669,31,0,49,0,17,129
09,005,190,Western Connecticut Planning Region,52630,New Milford town,MALE,45--49,10,848,655,39,1,35,0,8,110
09,005,190,Western Connecticut Planning Region,52630,New Milford town,MALE,50--54,11,1074,907,27,2,36,0,8,94
09,005,190,Western Connecticut Planning Region,52630,New Milford town,MALE,55--59,12,1218,1061,30,0,35,0,21,71
09,005,190,Western Connecticut Planning Region,52630,New Milford town,MALE,60--64,13,1119,1022,14,1,29,0,9,44
09,005,190,Western Connecticut Planning Region,52630,New Milford town,MALE,65--69,14,837,755,15,3,19,0,8,37
09,005,190,Western Connecticut Planning Region,52630,New Milford town,MALE,70--74,15,677,623,5,0,15,0,4,30
09,005,190,Western Connecticut Planning Region,52630,New Milford town,MALE,75--79,16,442,407,4,3,4,0,3,21
09,005,190,Western Connecticut Planning Region,52630,New Milford town,MALE,80--84,17,231,216,3,1,2,0,1,8
09,005,190,Western Connecticut Planning Region,52630,New Milford town,MALE,85+,18,199,174,2,0,1,0,1,21
09,005,190,Western Connecticut Planning Region,52630,New Milford town,FEMALE,00--04,1,654,459,14,1,31,0,20,129
09,005,190,Western Connecticut Planning Region,52630,New Milford town,FEMALE,05--09,2,720,511,27,0,20,0,31,131
09,005,190,Western Connecticut Planning Region,52630,New Milford town,FEMALE,10--14,3,820,579,24,0,35,4,46,132
09,005,190,Western Connecticut Planning Region,52630,New Milford town,FEMALE,15--19,4,813,585,16,1,37,0,49,125
09,005,190,Western Connecticut Planning Region,52630,New Milford town,FEMALE,20--24,5,709,499,27,1,38,0,21,123
09,005,190,Western Connecticut Planning Region,52630,New Milford town,FEMALE,25--29,6,791,584,20,0,35,0,22,130
09,005,190,Western Connecticut Planning Region,52630,New Milford town,FEMALE,30--34,7,761,558,24,2,42,0,29,106
09,005,190,Western Connecticut Planning Region,52630,New Milford town,FEMALE,35--39,8,859,627,33,1,37,0,16,145
09,005,190,Western Connecticut Planning Region,52630,New Milford town,FEMALE,40--44,9,941,697,33,0,42,0,22,147
09,005,190,Western Connecticut Planning Region,52630,New Milford town,FEMALE,45--49,10,866,682,23,3,48,0,16,94
09,005,190,Western Connecticut Planning Region,52630,New Milford town,FEMALE,50--54,11,1123,939,20,1,52,0,30,81
09,005,190,Western Connecticut Planning Region,52630,New Milford town,FEMALE,55--59,12,1268,1100,16,1,45,0,25,81
09,005,190,Western Connecticut Planning Region,52630,New Milford town,FEMALE,60--64,13,1059,950,18,1,26,0,20,44
09,005,190,Western Connecticut Planning Region,52630,New Milford town,FEMALE,65--69,14,825,746,11,0,22,0,6,40
09,005,190,Western Connecticut Planning Region,52630,New Milford town,FEMALE,70--74,15,731,667,14,0,21,0,11,18
09,005,190,Western Connecticut Planning Region,52630,New Milford town,FEMALE,75--79,16,509,476,2,0,5,0,4,22
09,005,190,Western Connecticut Planning Region,52630,New Milford town,FEMALE,80--84,17,295,264,1,0,4,0,0,26
09,005,190,Western Connecticut Planning Region,52630,New Milford town,FEMALE,85+,18,354,279,9,2,4,0,7,53
09,005,160,Northwest Hills Planning Region,53470,Norfolk town,MALE,00--04,1,27,22,0,0,0,0,3,2
09,005,160,Northwest Hills Planning Region,53470,Norfolk town,MALE,05--09,2,32,21,0,0,0,0,4,7
09,005,160,Northwest Hills Planning Region,53470,Norfolk town,MALE,10--14,3,48,42,0,0,0,0,5,1
09,005,160,Northwest Hills Planning Region,53470,Norfolk town,MALE,15--19,4,49,45,0,0,1,0,3,0
09,005,160,Northwest Hills Planning Region,53470,Norfolk town,MALE,20--24,5,33,32,1,0,0,0,0,0
09,005,160,Northwest Hills Planning Region,53470,Norfolk town,MALE,25--29,6,20,19,0,0,0,0,1,0
09,005,160,Northwest Hills Planning Region,53470,Norfolk town,MALE,30--34,7,37,31,2,0,1,0,2,1
09,005,160,Northwest Hills Planning Region,53470,Norfolk town,MALE,35--39,8,31,31,0,0,0,0,0,0
09,005,160,Northwest Hills Planning Region,53470,Norfolk town,MALE,40--44,9,41,37,0,0,0,0,1,3
09,005,160,Northwest Hills Planning Region,53470,Norfolk town,MALE,45--49,10,45,40,0,1,2,0,0,2
09,005,160,Northwest Hills Planning Region,53470,Norfolk town,MALE,50--54,11,52,50,0,2,0,0,0,0
09,005,160,Northwest Hills Planning Region,53470,Norfolk town,MALE,55--59,12,81,75,0,0,1,0,5,0
09,005,160,Northwest Hills Planning Region,53470,Norfolk town,MALE,60--64,13,78,71,2,0,2,0,0,3
09,005,160,Northwest Hills Planning Region,53470,Norfolk town,MALE,65--69,14,83,81,0,0,1,0,0,1
09,005,160,Northwest Hills Planning Region,53470,Norfolk town,MALE,70--74,15,66,64,1,0,1,0,0,0
09,005,160,Northwest Hills Planning Region,53470,Norfolk town,MALE,75--79,16,42,42,0,0,0,0,0,0
09,005,160,Northwest Hills Planning Region,53470,Norfolk town,MALE,80--84,17,12,12,0,0,0,0,0,0
09,005,160,Northwest Hills Planning Region,53470,Norfolk town,MALE,85+,18,16,16,0,0,0,0,0,0
09,005,160,Northwest Hills Planning Region,53470,Norfolk town,FEMALE,00--04,1,22,17,0,0,0,0,2,3
09,005,160,Northwest Hills Planning Region,53470,Norfolk town,FEMALE,05--09,2,26,21,0,0,0,0,2,3
09,005,160,Northwest Hills Planning Region,53470,Norfolk town,FEMALE,10--14,3,39,33,0,0,0,0,3,3
09,005,160,Northwest Hills Planning Region,53470,Norfolk town,FEMALE,15--19,4,52,44,0,0,1,0,3,4
09,005,160,Northwest Hills Planning Region,53470,Norfolk town,FEMALE,20--24,5,33,29,0,0,1,0,1,2
09,005,160,Northwest Hills Planning Region,53470,Norfolk town,FEMALE,25--29,6,21,17,0,1,1,0,1,1
09,005,160,Northwest Hills Planning Region,53470,Norfolk town,FEMALE,30--34,7,33,32,0,0,0,0,0,1
09,005,160,Northwest Hills Planning Region,53470,Norfolk town,FEMALE,35--39,8,35,33,0,0,0,0,2,0
09,005,160,Northwest Hills Planning Region,53470,Norfolk town,FEMALE,40--44,9,32,30,0,0,1,0,0,1
09,005,160,Northwest Hills Planning Region,53470,Norfolk town,FEMALE,45--49,10,46,38,0,0,1,0,2,5
09,005,160,Northwest Hills Planning Region,53470,Norfolk town,FEMALE,50--54,11,54,47,1,0,2,0,4,0
09,005,160,Northwest Hills Planning Region,53470,Norfolk town,FEMALE,55--59,12,85,82,0,0,0,0,1,2
09,005,160,Northwest Hills Planning Region,53470,Norfolk town,FEMALE,60--64,13,89,87,0,0,1,0,0,1
09,005,160,Northwest Hills Planning Region,53470,Norfolk town,FEMALE,65--69,14,90,87,1,0,1,0,0,1
09,005,160,Northwest Hills Planning Region,53470,Norfolk town,FEMALE,70--74,15,56,55,0,0,0,0,1,0
09,005,160,Northwest Hills Planning Region,53470,Norfolk town,FEMALE,75--79,16,45,45,0,0,0,0,0,0
09,005,160,Northwest Hills Planning Region,53470,Norfolk town,FEMALE,80--84,17,23,23,0,0,0,0,0,0
09,005,160,Northwest Hills Planning Region,53470,Norfolk town,FEMALE,85+,18,14,14,0,0,0,0,0,0
09,005,160,Northwest Hills Planning Region,54030,North Canaan town,MALE,00--04,1,64,57,0,0,0,0,1,6
09,005,160,Northwest Hills Planning Region,54030,North Canaan town,MALE,05--09,2,78,63,3,0,0,0,4,8
09,005,160,Northwest Hills Planning Region,54030,North Canaan town,MALE,10--14,3,90,70,2,0,0,0,1,17
09,005,160,Northwest Hills Planning Region,54030,North Canaan town,MALE,15--19,4,93,74,2,0,2,0,6,9
09,005,160,Northwest Hills Planning Region,54030,North Canaan town,MALE,20--24,5,95,77,1,2,1,0,2,12
09,005,160,Northwest Hills Planning Region,54030,North Canaan town,MALE,25--29,6,107,94,0,0,1,0,1,11
09,005,160,Northwest Hills Planning Region,54030,North Canaan town,MALE,30--34,7,104,89,1,0,0,0,1,13
09,005,160,Northwest Hills Planning Region,54030,North Canaan town,MALE,35--39,8,112,93,1,0,0,0,5,13
09,005,160,Northwest Hills Planning Region,54030,North Canaan town,MALE,40--44,9,86,76,0,1,1,0,1,7
09,005,160,Northwest Hills Planning Region,54030,North Canaan town,MALE,45--49,10,96,76,4,0,0,0,1,15
09,005,160,Northwest Hills Planning Region,54030,North Canaan town,MALE,50--54,11,94,80,5,0,0,0,3,6
09,005,160,Northwest Hills Planning Region,54030,North Canaan town,MALE,55--59,12,137,125,0,0,0,0,3,9
09,005,160,Northwest Hills Planning Region,54030,North Canaan town,MALE,60--64,13,128,118,2,0,1,0,3,4
09,005,160,Northwest Hills Planning Region,54030,North Canaan town,MALE,65--69,14,94,90,0,0,1,0,1,2
09,005,160,Northwest Hills Planning Region,54030,North Canaan town,MALE,70--74,15,97,90,1,0,0,0,4,2
09,005,160,Northwest Hills Planning Region,54030,North Canaan town,MALE,75--79,16,50,49,0,0,0,0,0,1
09,005,160,Northwest Hills Planning Region,54030,North Canaan town,MALE,80--84,17,46,46,0,0,0,0,0,0
09,005,160,Northwest Hills Planning Region,54030,North Canaan town,MALE,85+,18,44,43,0,0,0,0,0,1
09,005,160,Northwest Hills Planning Region,54030,North Canaan town,FEMALE,00--04,1,54,44,0,0,0,0,4,6
09,005,160,Northwest Hills Planning Region,54030,North Canaan town,FEMALE,05--09,2,66,56,2,1,0,0,1,6
09,005,160,Northwest Hills Planning Region,54030,North Canaan town,FEMALE,10--14,3,82,61,2,0,0,0,4,15
09,005,160,Northwest Hills Planning Region,54030,North Canaan town,FEMALE,15--19,4,80,60,2,0,0,0,7,11
09,005,160,Northwest Hills Planning Region,54030,North Canaan town,FEMALE,20--24,5,60,49,1,0,1,0,1,8
09,005,160,Northwest Hills Planning Region,54030,North Canaan town,FEMALE,25--29,6,97,83,1,0,1,0,6,6
09,005,160,Northwest Hills Planning Region,54030,North Canaan town,FEMALE,30--34,7,79,60,2,0,0,0,10,7
09,005,160,Northwest Hills Planning Region,54030,North Canaan town,FEMALE,35--39,8,106,85,0,0,2,0,3,16
09,005,160,Northwest Hills Planning Region,54030,North Canaan town,FEMALE,40--44,9,84,72,0,0,0,0,3,9
09,005,160,Northwest Hills Planning Region,54030,North Canaan town,FEMALE,45--49,10,82,70,1,2,1,0,1,7
09,005,160,Northwest Hills Planning Region,54030,North Canaan town,FEMALE,50--54,11,101,94,0,0,0,0,3,4
09,005,160,Northwest Hills Planning Region,54030,North Canaan town,FEMALE,55--59,12,106,93,1,0,0,0,4,8
09,005,160,Northwest Hills Planning Region,54030,North Canaan town,FEMALE,60--64,13,107,96,0,0,0,0,0,11
09,005,160,Northwest Hills Planning Region,54030,North Canaan town,FEMALE,65--69,14,127,115,0,0,0,0,6,6
09,005,160,Northwest Hills Planning Region,54030,North Canaan town,FEMALE,70--74,15,91,87,2,0,0,0,2,0
09,005,160,Northwest Hills Planning Region,54030,North Canaan town,FEMALE,75--79,16,79,74,0,0,1,0,2,2
09,005,160,Northwest Hills Planning Region,54030,North Canaan town,FEMALE,80--84,17,58,57,0,0,0,0,1,0
09,005,160,Northwest Hills Planning Region,54030,North Canaan town,FEMALE,85+,18,113,106,0,0,2,0,1,4
09,005,140,Naugatuck Valley Planning Region,60750,Plymouth town,MALE,00--04,1,239,179,3,0,13,0,16,28
09,005,140,Naugatuck Valley Planning Region,60750,Plymouth town,MALE,05--09,2,272,214,3,0,1,0,19,35
09,005,140,Naugatuck Valley Planning Region,60750,Plymouth town,MALE,10--14,3,343,267,6,0,3,0,10,57
09,005,140,Naugatuck Valley Planning Region,60750,Plymouth town,MALE,15--19,4,299,238,10,0,4,0,10,37
09,005,140,Naugatuck Valley Planning Region,60750,Plymouth town,MALE,20--24,5,348,299,1,0,2,0,21,25
09,005,140,Naugatuck Valley Planning Region,60750,Plymouth town,MALE,25--29,6,394,339,4,1,8,0,12,30
09,005,140,Naugatuck Valley Planning Region,60750,Plymouth town,MALE,30--34,7,402,351,5,1,11,0,9,25
09,005,140,Naugatuck Valley Planning Region,60750,Plymouth town,MALE,35--39,8,376,331,3,0,3,0,2,37
09,005,140,Naugatuck Valley Planning Region,60750,Plymouth town,MALE,40--44,9,380,335,7,0,6,0,9,23
09,005,140,Naugatuck Valley Planning Region,60750,Plymouth town,MALE,45--49,10,331,295,3,0,6,2,11,14
09,005,140,Naugatuck Valley Planning Region,60750,Plymouth town,MALE,50--54,11,446,388,13,1,3,0,22,19
09,005,140,Naugatuck Valley Planning Region,60750,Plymouth town,MALE,55--59,12,489,455,9,0,1,4,6,14
09,005,140,Naugatuck Valley Planning Region,60750,Plymouth town,MALE,60--64,13,519,475,9,2,4,0,12,17
09,005,140,Naugatuck Valley Planning Region,60750,Plymouth town,MALE,65--69,14,422,407,1,0,1,2,9,2
09,005,140,Naugatuck Valley Planning Region,60750,Plymouth town,MALE,70--74,15,308,290,3,0,2,0,9,4
09,005,140,Naugatuck Valley Planning Region,60750,Plymouth town,MALE,75--79,16,198,197,0,0,0,0,1,0
09,005,140,Naugatuck Valley Planning Region,60750,Plymouth town,MALE,80--84,17,106,102,4,0,0,0,0,0
09,005,140,Naugatuck Valley Planning Region,60750,Plymouth town,MALE,85+,18,63,60,0,0,0,0,0,3
09,005,140,Naugatuck Valley Planning Region,60750,Plymouth town,FEMALE,00--04,1,203,147,4,0,10,0,17,25
09,005,140,Naugatuck Valley Planning Region,60750,Plymouth town,FEMALE,05--09,2,274,203,4,0,8,0,13,46
09,005,140,Naugatuck Valley Planning Region,60750,Plymouth town,FEMALE,10--14,3,297,235,0,1,2,0,19,40
09,005,140,Naugatuck Valley Planning Region,60750,Plymouth town,FEMALE,15--19,4,319,244,11,0,10,0,21,33
09,005,140,Naugatuck Valley Planning Region,60750,Plymouth town,FEMALE,20--24,5,284,225,3,0,4,0,15,37
09,005,140,Naugatuck Valley Planning Region,60750,Plymouth town,FEMALE,25--29,6,337,304,2,0,3,0,9,19
09,005,140,Naugatuck Valley Planning Region,60750,Plymouth town,FEMALE,30--34,7,377,334,2,0,0,0,12,29
09,005,140,Naugatuck Valley Planning Region,60750,Plymouth town,FEMALE,35--39,8,336,283,6,0,7,0,5,35
09,005,140,Naugatuck Valley Planning Region,60750,Plymouth town,FEMALE,40--44,9,358,319,6,0,11,0,14,8
09,005,140,Naugatuck Valley Planning Region,60750,Plymouth town,FEMALE,45--49,10,331,303,2,0,4,1,4,17
09,005,140,Naugatuck Valley Planning Region,60750,Plymouth town,FEMALE,50--54,11,412,373,3,0,1,0,18,17
09,005,140,Naugatuck Valley Planning Region,60750,Plymouth town,FEMALE,55--59,12,477,438,2,0,5,0,18,14
09,005,140,Naugatuck Valley Planning Region,60750,Plymouth town,FEMALE,60--64,13,502,466,9,2,2,0,10,13
09,005,140,Naugatuck Valley Planning Region,60750,Plymouth town,FEMALE,65--69,14,417,385,2,1,5,0,9,15
09,005,140,Naugatuck Valley Planning Region,60750,Plymouth town,FEMALE,70--74,15,320,303,5,0,2,0,5,5
09,005,140,Naugatuck Valley Planning Region,60750,Plymouth town,FEMALE,75--79,16,220,212,1,2,1,0,3,1
09,005,140,Naugatuck Valley Planning Region,60750,Plymouth town,FEMALE,80--84,17,120,114,0,0,1,0,2,3
09,005,140,Naugatuck Valley Planning Region,60750,Plymouth town,FEMALE,85+,18,138,125,2,5,1,0,1,4
09,005,160,Northwest Hills Planning Region,65930,Roxbury town,MALE,00--04,1,39,32,0,0,0,0,3,4
09,005,160,Northwest Hills Planning Region,65930,Roxbury town,MALE,05--09,2,36,32,0,0,0,0,1,3
09,005,160,Northwest Hills Planning Region,65930,Roxbury town,MALE,10--14,3,38,36,0,0,0,0,1,1
09,005,160,Northwest Hills Planning Region,65930,Roxbury town,MALE,15--19,4,65,61,0,0,0,0,3,1
09,005,160,Northwest Hills Planning Region,65930,Roxbury town,MALE,20--24,5,57,53,0,0,1,0,2,1
09,005,160,Northwest Hills Planning Region,65930,Roxbury town,MALE,25--29,6,32,29,0,1,0,0,1,1
09,005,160,Northwest Hills Planning Region,65930,Roxbury town,MALE,30--34,7,37,35,0,0,1,0,1,0
09,005,160,Northwest Hills Planning Region,65930,Roxbury town,MALE,35--39,8,47,44,0,0,1,0,2,0
09,005,160,Northwest Hills Planning Region,65930,Roxbury town,MALE,40--44,9,50,41,1,0,3,0,3,2
09,005,160,Northwest Hills Planning Region,65930,Roxbury town,MALE,45--49,10,59,47,1,0,2,0,5,4
09,005,160,Northwest Hills Planning Region,65930,Roxbury town,MALE,50--54,11,73,67,0,0,1,0,3,2
09,005,160,Northwest Hills Planning Region,65930,Roxbury town,MALE,55--59,12,122,121,0,0,0,0,0,1
09,005,160,Northwest Hills Planning Region,65930,Roxbury town,MALE,60--64,13,113,109,0,0,0,0,1,3
09,005,160,Northwest Hills Planning Region,65930,Roxbury town,MALE,65--69,14,118,113,2,0,2,0,0,1
09,005,160,Northwest Hills Planning Region,65930,Roxbury town,MALE,70--74,15,121,116,0,0,3,0,1,1
09,005,160,Northwest Hills Planning Region,65930,Roxbury town,MALE,75--79,16,71,71,0,0,0,0,0,0
09,005,160,Northwest Hills Planning Region,65930,Roxbury town,MALE,80--84,17,46,46,0,0,0,0,0,0
09,005,160,Northwest Hills Planning Region,65930,Roxbury town,MALE,85+,18,22,20,0,0,1,0,0,1
09,005,160,Northwest Hills Planning Region,65930,Roxbury town,FEMALE,00--04,1,37,29,0,0,0,0,4,4
09,005,160,Northwest Hills Planning Region,65930,Roxbury town,FEMALE,05--09,2,47,42,0,0,0,0,2,3
09,005,160,Northwest Hills Planning Region,65930,Roxbury town,FEMALE,10--14,3,55,46,0,1,0,0,5,3
09,005,160,Northwest Hills Planning Region,65930,Roxbury town,FEMALE,15--19,4,48,39,0,0,0,0,6,3
09,005,160,Northwest Hills Planning Region,65930,Roxbury town,FEMALE,20--24,5,49,48,0,0,0,0,0,1
09,005,160,Northwest Hills Planning Region,65930,Roxbury town,FEMALE,25--29,6,35,30,0,0,0,0,1,4
09,005,160,Northwest Hills Planning Region,65930,Roxbury town,FEMALE,30--34,7,33,29,1,0,0,0,1,2
09,005,160,Northwest Hills Planning Region,65930,Roxbury town,FEMALE,35--39,8,50,42,0,0,5,0,0,3
09,005,160,Northwest Hills Planning Region,65930,Roxbury town,FEMALE,40--44,9,58,54,1,0,1,0,1,1
09,005,160,Northwest Hills Planning Region,65930,Roxbury town,FEMALE,45--49,10,53,46,0,0,1,0,3,3
09,005,160,Northwest Hills Planning Region,65930,Roxbury town,FEMALE,50--54,11,100,85,3,0,5,0,1,6
09,005,160,Northwest Hills Planning Region,65930,Roxbury town,FEMALE,55--59,12,86,82,0,0,0,0,3,1
09,005,160,Northwest Hills Planning Region,65930,Roxbury town,FEMALE,60--64,13,120,113,0,0,0,0,3,4
09,005,160,Northwest Hills Planning Region,65930,Roxbury town,FEMALE,65--69,14,100,95,0,0,1,0,3,1
09,005,160,Northwest Hills Planning Region,65930,Roxbury town,FEMALE,70--74,15,109,106,0,0,0,0,2,1
09,005,160,Northwest Hills Planning Region,65930,Roxbury town,FEMALE,75--79,16,81,78,1,0,0,0,1,1
09,005,160,Northwest Hills Planning Region,65930,Roxbury town,FEMALE,80--84,17,30,27,0,0,0,0,0,3
09,005,160,Northwest Hills Planning Region,65930,Roxbury town,FEMALE,85+,18,31,30,0,0,1,0,0,0
09,005,160,Northwest Hills Planning Region,66420,Salisbury town,MALE,00--04,1,60,51,1,1,1,0,1,5
09,005,160,Northwest Hills Planning Region,66420,Salisbury town,MALE,05--09,2,85,73,0,1,1,0,4,6
09,005,160,Northwest Hills Planning Region,66420,Salisbury town,MALE,10--14,3,138,110,7,1,1,0,8,11
09,005,160,Northwest Hills Planning Region,66420,Salisbury town,MALE,15--19,4,126,95,7,0,7,0,7,10
09,005,160,Northwest Hills Planning Region,66420,Salisbury town,MALE,20--24,5,79,56,3,1,0,0,10,9
09,005,160,Northwest Hills Planning Region,66420,Salisbury town,MALE,25--29,6,91,71,4,0,4,0,3,9
09,005,160,Northwest Hills Planning Region,66420,Salisbury town,MALE,30--34,7,68,61,3,0,1,0,1,2
09,005,160,Northwest Hills Planning Region,66420,Salisbury town,MALE,35--39,8,103,89,2,0,4,0,3,5
09,005,160,Northwest Hills Planning Region,66420,Salisbury town,MALE,40--44,9,103,89,3,0,1,0,2,8
09,005,160,Northwest Hills Planning Region,66420,Salisbury town,MALE,45--49,10,116,92,4,0,5,0,6,9
09,005,160,Northwest Hills Planning Region,66420,Salisbury town,MALE,50--54,11,112,99,4,1,3,0,2,3
09,005,160,Northwest Hills Planning Region,66420,Salisbury town,MALE,55--59,12,160,138,2,0,5,0,7,8
09,005,160,Northwest Hills Planning Region,66420,Salisbury town,MALE,60--64,13,153,148,2,0,0,0,1,2
09,005,160,Northwest Hills Planning Region,66420,Salisbury town,MALE,65--69,14,166,154,2,0,0,0,4,6
09,005,160,Northwest Hills Planning Region,66420,Salisbury town,MALE,70--74,15,159,151,3,0,0,0,3,2
09,005,160,Northwest Hills Planning Region,66420,Salisbury town,MALE,75--79,16,114,112,0,0,1,0,0,1
09,005,160,Northwest Hills Planning Region,66420,Salisbury town,MALE,80--84,17,79,76,2,0,1,0,0,0
09,005,160,Northwest Hills Planning Region,66420,Salisbury town,MALE,85+,18,82,80,0,0,0,0,0,2
09,005,160,Northwest Hills Planning Region,66420,Salisbury town,FEMALE,00--04,1,54,36,1,0,5,0,5,7
09,005,160,Northwest Hills Planning Region,66420,Salisbury town,FEMALE,05--09,2,86,74,2,1,0,0,5,4
09,005,160,Northwest Hills Planning Region,66420,Salisbury town,FEMALE,10--14,3,146,116,5,0,6,1,8,10
09,005,160,Northwest Hills Planning Region,66420,Salisbury town,FEMALE,15--19,4,121,91,8,1,5,0,7,9
09,005,160,Northwest Hills Planning Region,66420,Salisbury town,FEMALE,20--24,5,81,63,2,0,5,0,2,9
09,005,160,Northwest Hills Planning Region,66420,Salisbury town,FEMALE,25--29,6,57,50,0,0,1,0,0,6
09,005,160,Northwest Hills Planning Region,66420,Salisbury town,FEMALE,30--34,7,74,62,1,0,2,0,7,2
09,005,160,Northwest Hills Planning Region,66420,Salisbury town,FEMALE,35--39,8,82,70,1,0,0,0,1,10
09,005,160,Northwest Hills Planning Region,66420,Salisbury town,FEMALE,40--44,9,121,104,0,0,4,0,4,9
09,005,160,Northwest Hills Planning Region,66420,Salisbury town,FEMALE,45--49,10,107,89,0,0,4,0,3,11
09,005,160,Northwest Hills Planning Region,66420,Salisbury town,FEMALE,50--54,11,134,124,0,0,4,0,2,4
09,005,160,Northwest Hills Planning Region,66420,Salisbury town,FEMALE,55--59,12,152,134,5,1,0,0,7,5
09,005,160,Northwest Hills Planning Region,66420,Salisbury town,FEMALE,60--64,13,169,156,3,0,1,0,4,5
09,005,160,Northwest Hills Planning Region,66420,Salisbury town,FEMALE,65--69,14,193,190,0,0,0,0,1,2
09,005,160,Northwest Hills Planning Region,66420,Salisbury town,FEMALE,70--74,15,181,173,0,0,4,0,2,2
09,005,160,Northwest Hills Planning Region,66420,Salisbury town,FEMALE,75--79,16,135,133,1,0,0,0,1,0
09,005,160,Northwest Hills Planning Region,66420,Salisbury town,FEMALE,80--84,17,106,101,2,0,1,0,2,0
09,005,160,Northwest Hills Planning Region,66420,Salisbury town,FEMALE,85+,18,122,121,0,0,0,0,1,0
09,005,160,Northwest Hills Planning Region,67960,Sharon town,MALE,00--04,1,49,43,0,0,2,0,2,2
09,005,160,Northwest Hills Planning Region,67960,Sharon town,MALE,05--09,2,52,46,0,0,1,0,4,1
09,005,160,Northwest Hills Planning Region,67960,Sharon town,MALE,10--14,3,40,35,0,0,0,0,3,2
09,005,160,Northwest Hills Planning Region,67960,Sharon town,MALE,15--19,4,62,51,0,0,1,0,5,5
09,005,160,Northwest Hills Planning Region,67960,Sharon town,MALE,20--24,5,44,36,2,0,0,0,3,3
09,005,160,Northwest Hills Planning Region,67960,Sharon town,MALE,25--29,6,52,41,1,0,2,0,3,5
09,005,160,Northwest Hills Planning Region,67960,Sharon town,MALE,30--34,7,52,46,1,0,0,0,0,5
09,005,160,Northwest Hills Planning Region,67960,Sharon town,MALE,35--39,8,71,59,3,0,1,0,0,8
09,005,160,Northwest Hills Planning Region,67960,Sharon town,MALE,40--44,9,72,65,1,0,0,0,3,3
09,005,160,Northwest Hills Planning Region,67960,Sharon town,MALE,45--49,10,66,50,2,0,6,0,2,6
09,005,160,Northwest Hills Planning Region,67960,Sharon town,MALE,50--54,11,71,62,2,0,2,0,0,5
09,005,160,Northwest Hills Planning Region,67960,Sharon town,MALE,55--59,12,134,133,1,0,0,0,0,0
09,005,160,Northwest Hills Planning Region,67960,Sharon town,MALE,60--64,13,151,139,5,0,1,0,4,2
09,005,160,Northwest Hills Planning Region,67960,Sharon town,MALE,65--69,14,137,134,1,0,0,0,1,1
09,005,160,Northwest Hills Planning Region,67960,Sharon town,MALE,70--74,15,119,115,3,0,0,0,1,0
09,005,160,Northwest Hills Planning Region,67960,Sharon town,MALE,75--79,16,92,85,2,0,0,0,1,4
09,005,160,Northwest Hills Planning Region,67960,Sharon town,MALE,80--84,17,64,63,0,0,0,0,1,0
09,005,160,Northwest Hills Planning Region,67960,Sharon town,MALE,85+,18,38,36,1,0,0,0,0,1
09,005,160,Northwest Hills Planning Region,67960,Sharon town,FEMALE,00--04,1,32,27,0,0,2,0,1,2
09,005,160,Northwest Hills Planning Region,67960,Sharon town,FEMALE,05--09,2,39,34,0,0,1,0,2,2
09,005,160,Northwest Hills Planning Region,67960,Sharon town,FEMALE,10--14,3,53,41,1,0,2,0,3,6
09,005,160,Northwest Hills Planning Region,67960,Sharon town,FEMALE,15--19,4,54,45,0,0,4,0,1,4
09,005,160,Northwest Hills Planning Region,67960,Sharon town,FEMALE,20--24,5,48,44,0,0,0,0,3,1
09,005,160,Northwest Hills Planning Region,67960,Sharon town,FEMALE,25--29,6,52,46,0,1,1,0,2,2
09,005,160,Northwest Hills Planning Region,67960,Sharon town,FEMALE,30--34,7,47,40,1,0,3,0,0,3
09,005,160,Northwest Hills Planning Region,67960,Sharon town,FEMALE,35--39,8,61,56,0,0,0,0,1,4
09,005,160,Northwest Hills Planning Region,67960,Sharon town,FEMALE,40--44,9,57,52,0,0,0,0,1,4
09,005,160,Northwest Hills Planning Region,67960,Sharon town,FEMALE,45--49,10,46,37,1,0,2,0,2,4
09,005,160,Northwest Hills Planning Region,67960,Sharon town,FEMALE,50--54,11,104,96,0,0,4,0,1,3
09,005,160,Northwest Hills Planning Region,67960,Sharon town,FEMALE,55--59,12,126,116,1,0,5,0,4,0
09,005,160,Northwest Hills Planning Region,67960,Sharon town,FEMALE,60--64,13,123,112,2,0,2,0,4,3
09,005,160,Northwest Hills Planning Region,67960,Sharon town,FEMALE,65--69,14,151,146,2,0,2,0,1,0
09,005,160,Northwest Hills Planning Region,67960,Sharon town,FEMALE,70--74,15,127,124,0,0,0,0,0,3
09,005,160,Northwest Hills Planning Region,67960,Sharon town,FEMALE,75--79,16,90,86,1,0,0,0,1,2
09,005,160,Northwest Hills Planning Region,67960,Sharon town,FEMALE,80--84,17,50,49,1,0,0,0,0,0
09,005,160,Northwest Hills Planning Region,67960,Sharon town,FEMALE,85+,18,50,48,0,0,0,0,0,2
09,005,140,Naugatuck Valley Planning Region,75730,Thomaston town,MALE,00--04,1,145,115,0,1,1,0,11,17
09,005,140,Naugatuck Valley Planning Region,75730,Thomaston town,MALE,05--09,2,183,147,0,0,5,0,8,23
09,005,140,Naugatuck Valley Planning Region,75730,Thomaston town,MALE,10--14,3,202,170,0,0,7,0,9,16
09,005,140,Naugatuck Valley Planning Region,75730,Thomaston town,MALE,15--19,4,207,168,4,0,6,0,13,16
09,005,140,Naugatuck Valley Planning Region,75730,Thomaston town,MALE,20--24,5,232,215,0,0,0,0,7,10
09,005,140,Naugatuck Valley Planning Region,75730,Thomaston town,MALE,25--29,6,245,228,1,0,4,0,9,3
09,005,140,Naugatuck Valley Planning Region,75730,Thomaston town,MALE,30--34,7,220,198,2,0,3,0,9,8
09,005,140,Naugatuck Valley Planning Region,75730,Thomaston town,MALE,35--39,8,237,207,2,0,3,0,12,13
09,005,140,Naugatuck Valley Planning Region,75730,Thomaston town,MALE,40--44,9,223,197,5,0,5,0,5,11
09,005,140,Naugatuck Valley Planning Region,75730,Thomaston town,MALE,45--49,10,203,181,0,0,3,0,11,8
09,005,140,Naugatuck Valley Planning Region,75730,Thomaston town,MALE,50--54,11,325,302,1,1,6,0,5,10
09,005,140,Naugatuck Valley Planning Region,75730,Thomaston town,MALE,55--59,12,303,293,3,1,3,0,0,3
09,005,140,Naugatuck Valley Planning Region,75730,Thomaston town,MALE,60--64,13,317,303,4,0,3,0,5,2
09,005,140,Naugatuck Valley Planning Region,75730,Thomaston town,MALE,65--69,14,235,224,0,0,0,0,10,1
09,005,140,Naugatuck Valley Planning Region,75730,Thomaston town,MALE,70--74,15,199,181,0,1,2,1,0,14
09,005,140,Naugatuck Valley Planning Region,75730,Thomaston town,MALE,75--79,16,102,99,1,0,1,0,1,0
09,005,140,Naugatuck Valley Planning Region,75730,Thomaston town,MALE,80--84,17,66,64,0,0,2,0,0,0
09,005,140,Naugatuck Valley Planning Region,75730,Thomaston town,MALE,85+,18,37,36,0,0,0,0,0,1
09,005,140,Naugatuck Valley Planning Region,75730,Thomaston town,FEMALE,00--04,1,151,122,3,0,5,0,6,15
09,005,140,Naugatuck Valley Planning Region,75730,Thomaston town,FEMALE,05--09,2,182,151,2,0,2,0,11,16
09,005,140,Naugatuck Valley Planning Region,75730,Thomaston town,FEMALE,10--14,3,192,155,0,0,4,0,11,22
09,005,140,Naugatuck Valley Planning Region,75730,Thomaston town,FEMALE,15--19,4,222,201,6,0,2,0,2,11
09,005,140,Naugatuck Valley Planning Region,75730,Thomaston town,FEMALE,20--24,5,224,197,2,0,4,0,4,17
09,005,140,Naugatuck Valley Planning Region,75730,Thomaston town,FEMALE,25--29,6,239,220,0,0,0,0,5,14
09,005,140,Naugatuck Valley Planning Region,75730,Thomaston town,FEMALE,30--34,7,215,189,4,0,0,0,5,17
09,005,140,Naugatuck Valley Planning Region,75730,Thomaston town,FEMALE,35--39,8,221,196,0,0,5,0,10,10
09,005,140,Naugatuck Valley Planning Region,75730,Thomaston town,FEMALE,40--44,9,204,166,3,0,4,0,9,22
09,005,140,Naugatuck Valley Planning Region,75730,Thomaston town,FEMALE,45--49,10,220,200,4,1,1,0,3,11
09,005,140,Naugatuck Valley Planning Region,75730,Thomaston town,FEMALE,50--54,11,292,269,3,3,4,0,3,10
09,005,140,Naugatuck Valley Planning Region,75730,Thomaston town,FEMALE,55--59,12,303,288,1,1,3,0,7,3
09,005,140,Naugatuck Valley Planning Region,75730,Thomaston town,FEMALE,60--64,13,323,305,2,0,0,0,5,11
09,005,140,Naugatuck Valley Planning Region,75730,Thomaston town,FEMALE,65--69,14,258,254,0,0,3,0,0,1
09,005,140,Naugatuck Valley Planning Region,75730,Thomaston town,FEMALE,70--74,15,205,194,6,0,2,0,2,1
09,005,140,Naugatuck Valley Planning Region,75730,Thomaston town,FEMALE,75--79,16,152,148,0,0,0,0,1,3
09,005,140,Naugatuck Valley Planning Region,75730,Thomaston town,FEMALE,80--84,17,80,80,0,0,0,0,0,0
09,005,140,Naugatuck Valley Planning Region,75730,Thomaston town,FEMALE,85+,18,87,87,0,0,0,0,0,0
09,005,160,Northwest Hills Planning Region,76570,Torrington town,MALE,00--04,1,840,472,33,0,20,0,62,253
09,005,160,Northwest Hills Planning Region,76570,Torrington town,MALE,05--09,2,934,522,29,0,33,1,62,287
09,005,160,Northwest Hills Planning Region,76570,Torrington town,MALE,10--14,3,970,537,20,0,40,1,67,305
09,005,160,Northwest Hills Planning Region,76570,Torrington town,MALE,15--19,4,985,604,48,4,35,1,46,247
09,005,160,Northwest Hills Planning Region,76570,Torrington town,MALE,20--24,5,1025,702,25,4,37,0,54,203
09,005,160,Northwest Hills Planning Region,76570,Torrington town,MALE,25--29,6,1218,819,55,7,35,4,68,230
09,005,160,Northwest Hills Planning Region,76570,Torrington town,MALE,30--34,7,1154,848,47,1,24,0,44,190
09,005,160,Northwest Hills Planning Region,76570,Torrington town,MALE,35--39,8,1175,813,42,1,34,1,39,245
09,005,160,Northwest Hills Planning Region,76570,Torrington town,MALE,40--44,9,1015,729,31,0,27,0,38,190
09,005,160,Northwest Hills Planning Region,76570,Torrington town,MALE,45--49,10,936,678,53,3,28,1,28,145
09,005,160,Northwest Hills Planning Region,76570,Torrington town,MALE,50--54,11,1254,1006,39,7,36,0,23,143
09,005,160,Northwest Hills Planning Region,76570,Torrington town,MALE,55--59,12,1324,1150,34,4,21,0,23,92
09,005,160,Northwest Hills Planning Region,76570,Torrington town,MALE,60--64,13,1495,1295,52,0,31,0,22,95
09,005,160,Northwest Hills Planning Region,76570,Torrington town,MALE,65--69,14,1155,1039,25,3,26,0,15,47
09,005,160,Northwest Hills Planning Region,76570,Torrington town,MALE,70--74,15,898,831,20,0,17,0,5,25
09,005,160,Northwest Hills Planning Region,76570,Torrington town,MALE,75--79,16,578,536,8,1,8,0,9,16
09,005,160,Northwest Hills Planning Region,76570,Torrington town,MALE,80--84,17,325,305,4,0,2,0,5,9
09,005,160,Northwest Hills Planning Region,76570,Torrington town,MALE,85+,18,304,292,0,0,0,0,1,11
09,005,160,Northwest Hills Planning Region,76570,Torrington town,FEMALE,00--04,1,822,450,20,8,16,1,80,247
09,005,160,Northwest Hills Planning Region,76570,Torrington town,FEMALE,05--09,2,797,440,33,2,14,0,51,257
09,005,160,Northwest Hills Planning Region,76570,Torrington town,FEMALE,10--14,3,862,490,42,1,32,2,49,246
09,005,160,Northwest Hills Planning Region,76570,Torrington town,FEMALE,15--19,4,911,578,18,3,15,2,58,237
09,005,160,Northwest Hills Planning Region,76570,Torrington town,FEMALE,20--24,5,929,630,27,2,25,0,30,215
09,005,160,Northwest Hills Planning Region,76570,Torrington town,FEMALE,25--29,6,1154,825,45,4,31,0,49,200
09,005,160,Northwest Hills Planning Region,76570,Torrington town,FEMALE,30--34,7,1103,767,35,1,30,0,35,235
09,005,160,Northwest Hills Planning Region,76570,Torrington town,FEMALE,35--39,8,1091,752,47,0,36,0,35,221
09,005,160,Northwest Hills Planning Region,76570,Torrington town,FEMALE,40--44,9,899,594,35,1,48,1,36,184
09,005,160,Northwest Hills Planning Region,76570,Torrington town,FEMALE,45--49,10,982,727,31,1,36,0,20,167
09,005,160,Northwest Hills Planning Region,76570,Torrington town,FEMALE,50--54,11,1285,1042,40,0,42,1,23,137
09,005,160,Northwest Hills Planning Region,76570,Torrington town,FEMALE,55--59,12,1457,1260,30,1,36,0,30,100
09,005,160,Northwest Hills Planning Region,76570,Torrington town,FEMALE,60--64,13,1444,1274,28,3,34,0,31,74
09,005,160,Northwest Hills Planning Region,76570,Torrington town,FEMALE,65--69,14,1255,1124,36,0,28,0,31,36
09,005,160,Northwest Hills Planning Region,76570,Torrington town,FEMALE,70--74,15,936,858,18,0,11,0,12,37
09,005,160,Northwest Hills Planning Region,76570,Torrington town,FEMALE,75--79,16,704,661,6,0,5,0,13,19
09,005,160,Northwest Hills Planning Region,76570,Torrington town,FEMALE,80--84,17,496,467,4,2,4,0,0,19
09,005,160,Northwest Hills Planning Region,76570,Torrington town,FEMALE,85+,18,647,615,9,2,4,0,2,15
09,005,160,Northwest Hills Planning Region,79510,Warren town,MALE,00--04,1,29,24,0,0,1,0,1,3
09,005,160,Northwest Hills Planning Region,79510,Warren town,MALE,05--09,2,25,20,0,0,1,0,0,4
09,005,160,Northwest Hills Planning Region,79510,Warren town,MALE,10--14,3,32,26,1,1,0,0,2,2
09,005,160,Northwest Hills Planning Region,79510,Warren town,MALE,15--19,4,44,39,0,1,0,0,0,4
09,005,160,Northwest Hills Planning Region,79510,Warren town,MALE,20--24,5,28,27,0,0,0,0,0,1
09,005,160,Northwest Hills Planning Region,79510,Warren town,MALE,25--29,6,18,18,0,0,0,0,0,0
09,005,160,Northwest Hills Planning Region,79510,Warren town,MALE,30--34,7,22,18,0,0,0,0,3,1
09,005,160,Northwest Hills Planning Region,79510,Warren town,MALE,35--39,8,32,29,0,0,0,0,1,2
09,005,160,Northwest Hills Planning Region,79510,Warren town,MALE,40--44,9,32,29,0,0,1,0,2,0
09,005,160,Northwest Hills Planning Region,79510,Warren town,MALE,45--49,10,57,50,0,0,1,0,3,3
09,005,160,Northwest Hills Planning Region,79510,Warren town,MALE,50--54,11,49,48,0,1,0,0,0,0
09,005,160,Northwest Hills Planning Region,79510,Warren town,MALE,55--59,12,65,64,0,0,0,0,1,0
09,005,160,Northwest Hills Planning Region,79510,Warren town,MALE,60--64,13,65,64,0,0,1,0,0,0
09,005,160,Northwest Hills Planning Region,79510,Warren town,MALE,65--69,14,58,58,0,0,0,0,0,0
09,005,160,Northwest Hills Planning Region,79510,Warren town,MALE,70--74,15,41,40,0,0,0,0,1,0
09,005,160,Northwest Hills Planning Region,79510,Warren town,MALE,75--79,16,38,38,0,0,0,0,0,0
09,005,160,Northwest Hills Planning Region,79510,Warren town,MALE,80--84,17,19,15,0,0,0,0,1,3
09,005,160,Northwest Hills Planning Region,79510,Warren town,MALE,85+,18,22,22,0,0,0,0,0,0
09,005,160,Northwest Hills Planning Region,79510,Warren town,FEMALE,00--04,1,28,17,0,1,2,0,2,6
09,005,160,Northwest Hills Planning Region,79510,Warren town,FEMALE,05--09,2,27,23,0,0,0,0,0,4
09,005,160,Northwest Hills Planning Region,79510,Warren town,FEMALE,10--14,3,40,32,0,0,1,0,2,5
09,005,160,Northwest Hills Planning Region,79510,Warren town,FEMALE,15--19,4,37,32,0,0,1,0,1,3
09,005,160,Northwest Hills Planning Region,79510,Warren town,FEMALE,20--24,5,29,27,0,0,0,0,1,1
09,005,160,Northwest Hills Planning Region,79510,Warren town,FEMALE,25--29,6,17,15,0,0,0,0,0,2
09,005,160,Northwest Hills Planning Region,79510,Warren town,FEMALE,30--34,7,24,19,0,0,0,0,4,1
09,005,160,Northwest Hills Planning Region,79510,Warren town,FEMALE,35--39,8,30,29,0,0,0,0,0,1
09,005,160,Northwest Hills Planning Region,79510,Warren town,FEMALE,40--44,9,40,38,0,0,0,0,1,1
09,005,160,Northwest Hills Planning Region,79510,Warren town,FEMALE,45--49,10,46,36,0,1,4,0,0,5
09,005,160,Northwest Hills Planning Region,79510,Warren town,FEMALE,50--54,11,54,51,0,0,0,0,3,0
09,005,160,Northwest Hills Planning Region,79510,Warren town,FEMALE,55--59,12,60,59,0,0,0,0,1,0
09,005,160,Northwest Hills Planning Region,79510,Warren town,FEMALE,60--64,13,65,62,0,0,0,0,2,1
09,005,160,Northwest Hills Planning Region,79510,Warren town,FEMALE,65--69,14,56,52,0,0,1,0,1,2
09,005,160,Northwest Hills Planning Region,79510,Warren town,FEMALE,70--74,15,45,43,0,0,0,0,1,1
09,005,160,Northwest Hills Planning Region,79510,Warren town,FEMALE,75--79,16,41,41,0,0,0,0,0,0
09,005,160,Northwest Hills Planning Region,79510,Warren town,FEMALE,80--84,17,18,17,0,1,0,0,0,0
09,005,160,Northwest Hills Planning Region,79510,Warren town,FEMALE,85+,18,17,17,0,0,0,0,0,0
09,005,160,Northwest Hills Planning Region,79720,Washington town,MALE,00--04,1,56,48,0,0,1,0,3,4
09,005,160,Northwest Hills Planning Region,79720,Washington town,MALE,05--09,2,68,55,0,0,1,0,2,10
09,005,160,Northwest Hills Planning Region,79720,Washington town,MALE,10--14,3,90,73,0,0,1,0,4,12
09,005,160,Northwest Hills Planning Region,79720,Washington town,MALE,15--19,4,119,91,2,3,5,0,6,12
09,005,160,Northwest Hills Planning Region,79720,Washington town,MALE,20--24,5,82,73,0,0,0,0,2,7
09,005,160,Northwest Hills Planning Region,79720,Washington town,MALE,25--29,6,93,84,1,0,1,0,1,6
09,005,160,Northwest Hills Planning Region,79720,Washington town,MALE,30--34,7,69,56,4,0,1,0,1,7
09,005,160,Northwest Hills Planning Region,79720,Washington town,MALE,35--39,8,92,68,3,0,3,0,6,12
09,005,160,Northwest Hills Planning Region,79720,Washington town,MALE,40--44,9,85,75,0,1,1,0,2,6
09,005,160,Northwest Hills Planning Region,79720,Washington town,MALE,45--49,10,96,87,0,0,0,0,1,8
09,005,160,Northwest Hills Planning Region,79720,Washington town,MALE,50--54,11,137,126,0,0,0,0,2,9
09,005,160,Northwest Hills Planning Region,79720,Washington town,MALE,55--59,12,155,142,0,0,4,0,3,6
09,005,160,Northwest Hills Planning Region,79720,Washington town,MALE,60--64,13,158,147,2,0,0,0,3,6
09,005,160,Northwest Hills Planning Region,79720,Washington town,MALE,65--69,14,165,160,0,0,1,0,2,2
09,005,160,Northwest Hills Planning Region,79720,Washington town,MALE,70--74,15,122,119,1,0,1,0,0,1
09,005,160,Northwest Hills Planning Region,79720,Washington town,MALE,75--79,16,102,98,0,0,1,0,0,3
09,005,160,Northwest Hills Planning Region,79720,Washington town,MALE,80--84,17,64,63,0,0,0,0,0,1
09,005,160,Northwest Hills Planning Region,79720,Washington town,MALE,85+,18,55,54,0,0,0,0,0,1
09,005,160,Northwest Hills Planning Region,79720,Washington town,FEMALE,00--04,1,56,42,0,0,1,0,0,13
09,005,160,Northwest Hills Planning Region,79720,Washington town,FEMALE,05--09,2,83,65,2,2,0,0,5,9
09,005,160,Northwest Hills Planning Region,79720,Washington town,FEMALE,10--14,3,94,77,0,0,0,0,5,12
09,005,160,Northwest Hills Planning Region,79720,Washington town,FEMALE,15--19,4,113,100,0,0,1,0,5,7
09,005,160,Northwest Hills Planning Region,79720,Washington town,FEMALE,20--24,5,93,78,0,0,2,0,2,11
09,005,160,Northwest Hills Planning Region,79720,Washington town,FEMALE,25--29,6,70,60,0,0,3,0,2,5
09,005,160,Northwest Hills Planning Region,79720,Washington town,FEMALE,30--34,7,61,53,1,0,0,0,3,4
09,005,160,Northwest Hills Planning Region,79720,Washington town,FEMALE,35--39,8,68,60,0,0,0,0,0,8
09,005,160,Northwest Hills Planning Region,79720,Washington town,FEMALE,40--44,9,99,83,2,0,1,0,6,7
09,005,160,Northwest Hills Planning Region,79720,Washington town,FEMALE,45--49,10,100,91,1,0,2,0,5,1
09,005,160,Northwest Hills Planning Region,79720,Washington town,FEMALE,50--54,11,133,116,0,0,6,0,1,10
09,005,160,Northwest Hills Planning Region,79720,Washington town,FEMALE,55--59,12,134,127,0,0,4,0,1,2
09,005,160,Northwest Hills Planning Region,79720,Washington town,FEMALE,60--64,13,185,173,1,0,6,0,1,4
09,005,160,Northwest Hills Planning Region,79720,Washington town,FEMALE,65--69,14,150,145,2,0,0,0,1,2
09,005,160,Northwest Hills Planning Region,79720,Washington town,FEMALE,70--74,15,141,134,2,0,0,0,1,4
09,005,160,Northwest Hills Planning Region,79720,Washington town,FEMALE,75--79,16,105,104,0,0,1,0,0,0
09,005,160,Northwest Hills Planning Region,79720,Washington town,FEMALE,80--84,17,71,68,0,0,0,0,0,3
09,005,160,Northwest Hills Planning Region,79720,Washington town,FEMALE,85+,18,69,66,0,0,1,0,1,1
09,005,140,Naugatuck Valley Planning Region,80490,Watertown town,MALE,00--04,1,522,380,9,0,7,0,16,110
09,005,140,Naugatuck Valley Planning Region,80490,Watertown town,MALE,05--09,2,572,450,14,1,6,0,28,73
09,005,140,Naugatuck Valley Planning Region,80490,Watertown town,MALE,10--14,3,649,530,14,0,13,1,18,73
09,005,140,Naugatuck Valley Planning Region,80490,Watertown town,MALE,15--19,4,640,520,16,2,18,1,31,52
09,005,140,Naugatuck Valley Planning Region,80490,Watertown town,MALE,20--24,5,579,502,19,0,13,0,11,34
09,005,140,Naugatuck Valley Planning Region,80490,Watertown town,MALE,25--29,6,624,538,15,2,18,0,6,45
09,005,140,Naugatuck Valley Planning Region,80490,Watertown town,MALE,30--34,7,626,544,13,1,6,1,8,53
09,005,140,Naugatuck Valley Planning Region,80490,Watertown town,MALE,35--39,8,636,543,19,0,17,1,4,52
09,005,140,Naugatuck Valley Planning Region,80490,Watertown town,MALE,40--44,9,675,563,26,2,17,0,16,51
09,005,140,Naugatuck Valley Planning Region,80490,Watertown town,MALE,45--49,10,644,574,20,2,14,1,4,29
09,005,140,Naugatuck Valley Planning Region,80490,Watertown town,MALE,50--54,11,821,748,15,1,17,0,15,25
09,005,140,Naugatuck Valley Planning Region,80490,Watertown town,MALE,55--59,12,883,824,13,0,12,0,12,22
09,005,140,Naugatuck Valley Planning Region,80490,Watertown town,MALE,60--64,13,834,778,4,0,21,0,6,25
09,005,140,Naugatuck Valley Planning Region,80490,Watertown town,MALE,65--69,14,722,658,10,1,17,0,11,25
09,005,140,Naugatuck Valley Planning Region,80490,Watertown town,MALE,70--74,15,576,562,5,0,3,0,3,3
09,005,140,Naugatuck Valley Planning Region,80490,Watertown town,MALE,75--79,16,408,390,9,0,2,0,2,5
09,005,140,Naugatuck Valley Planning Region,80490,Watertown town,MALE,80--84,17,251,235,2,0,6,0,2,6
09,005,140,Naugatuck Valley Planning Region,80490,Watertown town,MALE,85+,18,215,210,1,0,0,0,1,3
09,005,140,Naugatuck Valley Planning Region,80490,Watertown town,FEMALE,00--04,1,430,348,12,0,4,1,16,49
09,005,140,Naugatuck Valley Planning Region,80490,Watertown town,FEMALE,05--09,2,483,387,9,1,8,0,29,49
09,005,140,Naugatuck Valley Planning Region,80490,Watertown town,FEMALE,10--14,3,580,470,13,0,14,0,24,59
09,005,140,Naugatuck Valley Planning Region,80490,Watertown town,FEMALE,15--19,4,599,481,16,0,8,2,31,61
09,005,140,Naugatuck Valley Planning Region,80490,Watertown town,FEMALE,20--24,5,645,521,22,1,21,0,12,68
09,005,140,Naugatuck Valley Planning Region,80490,Watertown town,FEMALE,25--29,6,567,477,13,1,10,0,12,54
09,005,140,Naugatuck Valley Planning Region,80490,Watertown town,FEMALE,30--34,7,669,579,14,0,12,0,6,58
09,005,140,Naugatuck Valley Planning Region,80490,Watertown town,FEMALE,35--39,8,669,571,9,0,20,0,9,60
09,005,140,Naugatuck Valley Planning Region,80490,Watertown town,FEMALE,40--44,9,648,555,17,2,22,2,10,40
09,005,140,Naugatuck Valley Planning Region,80490,Watertown town,FEMALE,45--49,10,623,534,21,1,19,0,9,39
09,005,140,Naugatuck Valley Planning Region,80490,Watertown town,FEMALE,50--54,11,828,751,11,2,9,0,10,45
09,005,140,Naugatuck Valley Planning Region,80490,Watertown town,FEMALE,55--59,12,951,865,12,0,22,0,21,31
09,005,140,Naugatuck Valley Planning Region,80490,Watertown town,FEMALE,60--64,13,943,879,14,0,9,0,12,29
09,005,140,Naugatuck Valley Planning Region,80490,Watertown town,FEMALE,65--69,14,749,695,10,0,10,0,9,25
09,005,140,Naugatuck Valley Planning Region,80490,Watertown town,FEMALE,70--74,15,652,626,0,1,7,0,8,10
09,005,140,Naugatuck Valley Planning Region,80490,Watertown town,FEMALE,75--79,16,471,452,3,0,4,0,1,11
09,005,140,Naugatuck Valley Planning Region,80490,Watertown town,FEMALE,80--84,17,354,347,1,1,0,0,2,3
09,005,140,Naugatuck Valley Planning Region,80490,Watertown town,FEMALE,85+,18,374,365,0,0,3,0,0,6
09,005,160,Northwest Hills Planning Region,86440,Winchester town,MALE,00--04,1,216,166,1,0,2,2,9,36
09,005,160,Northwest Hills Planning Region,86440,Winchester town,MALE,05--09,2,196,158,2,0,4,0,12,20
09,005,160,Northwest Hills Planning Region,86440,Winchester town,MALE,10--14,3,239,173,2,0,6,0,12,46
09,005,160,Northwest Hills Planning Region,86440,Winchester town,MALE,15--19,4,279,222,9,4,10,0,5,29
09,005,160,Northwest Hills Planning Region,86440,Winchester town,MALE,20--24,5,313,255,2,2,4,0,18,32
09,005,160,Northwest Hills Planning Region,86440,Winchester town,MALE,25--29,6,317,279,4,0,2,0,4,28
09,005,160,Northwest Hills Planning Region,86440,Winchester town,MALE,30--34,7,311,272,5,0,2,1,11,20
09,005,160,Northwest Hills Planning Region,86440,Winchester town,MALE,35--39,8,318,279,3,0,3,1,14,18
09,005,160,Northwest Hills Planning Region,86440,Winchester town,MALE,40--44,9,299,257,2,0,5,0,12,23
09,005,160,Northwest Hills Planning Region,86440,Winchester town,MALE,45--49,10,253,223,7,1,6,2,4,10
09,005,160,Northwest Hills Planning Region,86440,Winchester town,MALE,50--54,11,334,297,7,2,2,0,5,21
09,005,160,Northwest Hills Planning Region,86440,Winchester town,MALE,55--59,12,509,475,2,0,6,0,8,18
09,005,160,Northwest Hills Planning Region,86440,Winchester town,MALE,60--64,13,443,405,9,0,3,0,2,24
09,005,160,Northwest Hills Planning Region,86440,Winchester town,MALE,65--69,14,411,381,4,3,6,0,2,15
09,005,160,Northwest Hills Planning Region,86440,Winchester town,MALE,70--74,15,315,298,3,0,2,2,4,6
09,005,160,Northwest Hills Planning Region,86440,Winchester town,MALE,75--79,16,163,159,0,0,1,0,3,0
09,005,160,Northwest Hills Planning Region,86440,Winchester town,MALE,80--84,17,92,92,0,0,0,0,0,0
09,005,160,Northwest Hills Planning Region,86440,Winchester town,MALE,85+,18,89,87,0,0,0,0,1,1
09,005,160,Northwest Hills Planning Region,86440,Winchester town,FEMALE,00--04,1,217,176,1,2,4,1,8,25
09,005,160,Northwest Hills Planning Region,86440,Winchester town,FEMALE,05--09,2,217,165,3,0,7,0,15,27
09,005,160,Northwest Hills Planning Region,86440,Winchester town,FEMALE,10--14,3,218,167,3,0,7,0,13,28
09,005,160,Northwest Hills Planning Region,86440,Winchester town,FEMALE,15--19,4,259,198,5,0,5,2,18,31
09,005,160,Northwest Hills Planning Region,86440,Winchester town,FEMALE,20--24,5,281,232,5,0,2,0,21,21
09,005,160,Northwest Hills Planning Region,86440,Winchester town,FEMALE,25--29,6,317,276,5,0,2,0,15,19
09,005,160,Northwest Hills Planning Region,86440,Winchester town,FEMALE,30--34,7,278,235,5,0,6,1,10,21
09,005,160,Northwest Hills Planning Region,86440,Winchester town,FEMALE,35--39,8,274,251,3,0,3,0,0,17
09,005,160,Northwest Hills Planning Region,86440,Winchester town,FEMALE,40--44,9,267,221,6,0,7,0,8,25
09,005,160,Northwest Hills Planning Region,86440,Winchester town,FEMALE,45--49,10,282,236,5,0,10,0,16,15
09,005,160,Northwest Hills Planning Region,86440,Winchester town,FEMALE,50--54,11,380,332,5,2,1,0,9,31
09,005,160,Northwest Hills Planning Region,86440,Winchester town,FEMALE,55--59,12,434,392,1,0,2,0,12,27
09,005,160,Northwest Hills Planning Region,86440,Winchester town,FEMALE,60--64,13,452,418,3,0,0,0,12,19
09,005,160,Northwest Hills Planning Region,86440,Winchester town,FEMALE,65--69,14,431,412,5,0,0,0,5,9
09,005,160,Northwest Hills Planning Region,86440,Winchester town,FEMALE,70--74,15,311,298,1,0,3,0,5,4
09,005,160,Northwest Hills Planning Region,86440,Winchester town,FEMALE,75--79,16,213,208,0,0,3,0,0,2
09,005,160,Northwest Hills Planning Region,86440,Winchester town,FEMALE,80--84,17,151,139,0,0,2,0,2,8
09,005,160,Northwest Hills Planning Region,86440,Winchester town,FEMALE,85+,18,140,134,0,0,0,0,2,4
09,005,140,Naugatuck Valley Planning Region,87910,Woodbury town,MALE,00--04,1,175,157,0,0,0,0,6,12
09,005,140,Naugatuck Valley Planning Region,87910,Woodbury town,MALE,05--09,2,191,161,1,0,1,0,12,16
09,005,140,Naugatuck Valley Planning Region,87910,Woodbury town,MALE,10--14,3,251,209,0,0,2,0,14,26
09,005,140,Naugatuck Valley Planning Region,87910,Woodbury town,MALE,15--19,4,262,229,2,0,3,0,12,16
09,005,140,Naugatuck Valley Planning Region,87910,Woodbury town,MALE,20--24,5,236,198,0,0,2,0,11,25
09,005,140,Naugatuck Valley Planning Region,87910,Woodbury town,MALE,25--29,6,238,195,2,0,6,1,13,21
09,005,140,Naugatuck Valley Planning Region,87910,Woodbury town,MALE,30--34,7,254,217,6,0,5,0,8,18
09,005,140,Naugatuck Valley Planning Region,87910,Woodbury town,MALE,35--39,8,249,221,3,1,9,1,2,12
09,005,140,Naugatuck Valley Planning Region,87910,Woodbury town,MALE,40--44,9,244,224,4,0,6,0,1,9
09,005,140,Naugatuck Valley Planning Region,87910,Woodbury town,MALE,45--49,10,271,242,8,3,1,2,6,9
09,005,140,Naugatuck Valley Planning Region,87910,Woodbury town,MALE,50--54,11,368,335,2,0,8,0,7,16
09,005,140,Naugatuck Valley Planning Region,87910,Woodbury town,MALE,55--59,12,432,401,8,0,8,0,3,12
09,005,140,Naugatuck Valley Planning Region,87910,Woodbury town,MALE,60--64,13,443,421,6,3,1,1,1,10
09,005,140,Naugatuck Valley Planning Region,87910,Woodbury town,MALE,65--69,14,380,368,4,0,2,0,0,6
09,005,140,Naugatuck Valley Planning Region,87910,Woodbury town,MALE,70--74,15,354,345,0,0,0,0,0,9
09,005,140,Naugatuck Valley Planning Region,87910,Woodbury town,MALE,75--79,16,229,217,0,0,2,0,7,3
09,005,140,Naugatuck Valley Planning Region,87910,Woodbury town,MALE,80--84,17,121,117,0,0,0,0,1,3
09,005,140,Naugatuck Valley Planning Region,87910,Woodbury town,MALE,85+,18,101,97,0,0,2,0,0,2
09,005,140,Naugatuck Valley Planning Region,87910,Woodbury town,FEMALE,00--04,1,169,142,3,0,4,0,8,12
09,005,140,Naugatuck Valley Planning Region,87910,Woodbury town,FEMALE,05--09,2,219,168,7,2,5,0,17,20
09,005,140,Naugatuck Valley Planning Region,87910,Woodbury town,FEMALE,10--14,3,225,189,0,0,5,0,13,18
09,005,140,Naugatuck Valley Planning Region,87910,Woodbury town,FEMALE,15--19,4,228,194,2,0,6,0,8,18
09,005,140,Naugatuck Valley Planning Region,87910,Woodbury town,FEMALE,20--24,5,262,233,4,0,1,0,9,15
09,005,140,Naugatuck Valley Planning Region,87910,Woodbury town,FEMALE,25--29,6,214,197,1,0,2,0,4,10
09,005,140,Naugatuck Valley Planning Region,87910,Woodbury town,FEMALE,30--34,7,233,194,2,0,9,0,7,21
09,005,140,Naugatuck Valley Planning Region,87910,Woodbury town,FEMALE,35--39,8,248,217,4,0,6,0,8,13
09,005,140,Naugatuck Valley Planning Region,87910,Woodbury town,FEMALE,40--44,9,228,201,8,0,5,0,0,14
09,005,140,Naugatuck Valley Planning Region,87910,Woodbury town,FEMALE,45--49,10,278,239,3,1,12,0,3,20
09,005,140,Naugatuck Valley Planning Region,87910,Woodbury town,FEMALE,50--54,11,390,356,1,0,7,0,13,13
09,005,140,Naugatuck Valley Planning Region,87910,Woodbury town,FEMALE,55--59,12,470,428,6,4,8,1,6,17
09,005,140,Naugatuck Valley Planning Region,87910,Woodbury town,FEMALE,60--64,13,501,471,6,2,1,0,10,11
09,005,140,Naugatuck Valley Planning Region,87910,Woodbury town,FEMALE,65--69,14,420,398,8,1,4,0,2,7
09,005,140,Naugatuck Valley Planning Region,87910,Woodbury town,FEMALE,70--74,15,364,348,0,1,6,0,3,6
09,005,140,Naugatuck Valley Planning Region,87910,Woodbury town,FEMALE,75--79,16,246,239,1,0,3,0,0,3
09,005,140,Naugatuck Valley Planning Region,87910,Woodbury town,FEMALE,80--84,17,138,131,2,0,0,0,0,5
09,005,140,Naugatuck Valley Planning Region,87910,Woodbury town,FEMALE,85+,18,131,124,5,0,0,0,1,1
09,007,130,Lower Connecticut River Valley Planning Region,14300,Chester town,MALE,00--04,1,56,43,2,0,1,0,6,4
09,007,130,Lower Connecticut River Valley Planning Region,14300,Chester town,MALE,05--09,2,69,61,0,0,0,0,4,4
09,007,130,Lower Connecticut River Valley Planning Region,14300,Chester town,MALE,10--14,3,78,64,2,0,2,0,5,5
09,007,130,Lower Connecticut River Valley Planning Region,14300,Chester town,MALE,15--19,4,97,86,1,0,0,0,4,6
09,007,130,Lower Connecticut River Valley Planning Region,14300,Chester town,MALE,20--24,5,100,90,0,0,0,0,3,7
09,007,130,Lower Connecticut River Valley Planning Region,14300,Chester town,MALE,25--29,6,97,83,0,0,0,0,6,8
09,007,130,Lower Connecticut River Valley Planning Region,14300,Chester town,MALE,30--34,7,86,75,1,0,0,0,4,6
09,007,130,Lower Connecticut River Valley Planning Region,14300,Chester town,MALE,35--39,8,100,89,1,0,0,1,1,8
09,007,130,Lower Connecticut River Valley Planning Region,14300,Chester town,MALE,40--44,9,88,85,0,0,0,0,3,0
09,007,130,Lower Connecticut River Valley Planning Region,14300,Chester town,MALE,45--49,10,74,69,0,0,3,0,0,2
09,007,130,Lower Connecticut River Valley Planning Region,14300,Chester town,MALE,50--54,11,158,148,3,0,1,0,2,4
09,007,130,Lower Connecticut River Valley Planning Region,14300,Chester town,MALE,55--59,12,185,173,2,0,3,0,2,5
09,007,130,Lower Connecticut River Valley Planning Region,14300,Chester town,MALE,60--64,13,185,179,1,0,2,0,2,1
09,007,130,Lower Connecticut River Valley Planning Region,14300,Chester town,MALE,65--69,14,146,141,1,0,1,0,1,2
09,007,130,Lower Connecticut River Valley Planning Region,14300,Chester town,MALE,70--74,15,146,142,2,0,0,0,2,0
09,007,130,Lower Connecticut River Valley Planning Region,14300,Chester town,MALE,75--79,16,85,80,0,0,1,0,0,4
09,007,130,Lower Connecticut River Valley Planning Region,14300,Chester town,MALE,80--84,17,41,41,0,0,0,0,0,0
09,007,130,Lower Connecticut River Valley Planning Region,14300,Chester town,MALE,85+,18,48,44,0,0,0,0,0,4
09,007,130,Lower Connecticut River Valley Planning Region,14300,Chester town,FEMALE,00--04,1,60,51,0,0,1,0,5,3
09,007,130,Lower Connecticut River Valley Planning Region,14300,Chester town,FEMALE,05--09,2,69,58,1,0,0,0,1,9
09,007,130,Lower Connecticut River Valley Planning Region,14300,Chester town,FEMALE,10--14,3,81,70,2,0,0,0,7,2
09,007,130,Lower Connecticut River Valley Planning Region,14300,Chester town,FEMALE,15--19,4,94,78,0,0,5,0,5,6
09,007,130,Lower Connecticut River Valley Planning Region,14300,Chester town,FEMALE,20--24,5,85,73,2,0,1,0,3,6
09,007,130,Lower Connecticut River Valley Planning Region,14300,Chester town,FEMALE,25--29,6,81,74,0,0,1,0,0,6
09,007,130,Lower Connecticut River Valley Planning Region,14300,Chester town,FEMALE,30--34,7,95,86,0,0,0,0,2,7
09,007,130,Lower Connecticut River Valley Planning Region,14300,Chester town,FEMALE,35--39,8,100,96,0,0,1,0,1,2
09,007,130,Lower Connecticut River Valley Planning Region,14300,Chester town,FEMALE,40--44,9,92,90,0,0,0,0,2,0
09,007,130,Lower Connecticut River Valley Planning Region,14300,Chester town,FEMALE,45--49,10,95,90,1,0,1,0,1,2
09,007,130,Lower Connecticut River Valley Planning Region,14300,Chester town,FEMALE,50--54,11,152,143,3,0,2,0,0,4
09,007,130,Lower Connecticut River Valley Planning Region,14300,Chester town,FEMALE,55--59,12,159,153,3,0,2,0,0,1
09,007,130,Lower Connecticut River Valley Planning Region,14300,Chester town,FEMALE,60--64,13,190,181,0,0,2,0,2,5
09,007,130,Lower Connecticut River Valley Planning Region,14300,Chester town,FEMALE,65--69,14,152,147,0,0,0,0,4,1
09,007,130,Lower Connecticut River Valley Planning Region,14300,Chester town,FEMALE,70--74,15,139,131,1,0,0,0,2,5
09,007,130,Lower Connecticut River Valley Planning Region,14300,Chester town,FEMALE,75--79,16,93,90,0,0,0,0,0,3
09,007,130,Lower Connecticut River Valley Planning Region,14300,Chester town,FEMALE,80--84,17,58,58,0,0,0,0,0,0
09,007,130,Lower Connecticut River Valley Planning Region,14300,Chester town,FEMALE,85+,18,119,115,0,0,0,0,0,4
09,007,130,Lower Connecticut River Valley Planning Region,15350,Clinton town,MALE,00--04,1,217,170,0,1,0,0,11,35
09,007,130,Lower Connecticut River Valley Planning Region,15350,Clinton town,MALE,05--09,2,288,198,3,0,10,0,10,67
09,007,130,Lower Connecticut River Valley Planning Region,15350,Clinton town,MALE,10--14,3,381,287,4,0,5,0,12,73
09,007,130,Lower Connecticut River Valley Planning Region,15350,Clinton town,MALE,15--19,4,439,370,2,3,5,0,16,43
09,007,130,Lower Connecticut River Valley Planning Region,15350,Clinton town,MALE,20--24,5,347,292,1,2,11,0,4,37
09,007,130,Lower Connecticut River Valley Planning Region,15350,Clinton town,MALE,25--29,6,348,290,3,0,11,1,6,37
09,007,130,Lower Connecticut River Valley Planning Region,15350,Clinton town,MALE,30--34,7,403,321,14,0,9,1,9,49
09,007,130,Lower Connecticut River Valley Planning Region,15350,Clinton town,MALE,35--39,8,399,305,11,3,6,0,3,71
09,007,130,Lower Connecticut River Valley Planning Region,15350,Clinton town,MALE,40--44,9,374,301,1,1,8,0,10,53
09,007,130,Lower Connecticut River Valley Planning Region,15350,Clinton town,MALE,45--49,10,381,309,5,0,9,0,6,52
09,007,130,Lower Connecticut River Valley Planning Region,15350,Clinton town,MALE,50--54,11,522,450,5,0,10,0,9,48
09,007,130,Lower Connecticut River Valley Planning Region,15350,Clinton town,MALE,55--59,12,556,500,10,0,17,0,10,19
09,007,130,Lower Connecticut River Valley Planning Region,15350,Clinton town,MALE,60--64,13,568,523,10,0,12,0,5,18
09,007,130,Lower Connecticut River Valley Planning Region,15350,Clinton town,MALE,65--69,14,467,421,11,0,11,0,4,20
09,007,130,Lower Connecticut River Valley Planning Region,15350,Clinton town,MALE,70--74,15,397,384,3,0,3,0,2,5
09,007,130,Lower Connecticut River Valley Planning Region,15350,Clinton town,MALE,75--79,16,239,228,1,0,1,0,0,9
09,007,130,Lower Connecticut River Valley Planning Region,15350,Clinton town,MALE,80--84,17,153,150,0,0,0,0,0,3
09,007,130,Lower Connecticut River Valley Planning Region,15350,Clinton town,MALE,85+,18,117,111,0,0,1,0,0,5
09,007,130,Lower Connecticut River Valley Planning Region,15350,Clinton town,FEMALE,00--04,1,241,184,7,0,7,0,8,35
09,007,130,Lower Connecticut River Valley Planning Region,15350,Clinton town,FEMALE,05--09,2,266,209,5,0,2,0,9,41
09,007,130,Lower Connecticut River Valley Planning Region,15350,Clinton town,FEMALE,10--14,3,345,273,2,0,6,0,17,47
09,007,130,Lower Connecticut River Valley Planning Region,15350,Clinton town,FEMALE,15--19,4,348,271,3,0,9,0,6,59
09,007,130,Lower Connecticut River Valley Planning Region,15350,Clinton town,FEMALE,20--24,5,303,258,7,0,2,0,1,35
09,007,130,Lower Connecticut River Valley Planning Region,15350,Clinton town,FEMALE,25--29,6,327,283,3,0,7,0,5,29
09,007,130,Lower Connecticut River Valley Planning Region,15350,Clinton town,FEMALE,30--34,7,396,324,1,0,7,0,10,54
09,007,130,Lower Connecticut River Valley Planning Region,15350,Clinton town,FEMALE,35--39,8,385,296,6,0,9,0,13,61
09,007,130,Lower Connecticut River Valley Planning Region,15350,Clinton town,FEMALE,40--44,9,358,292,2,0,10,0,7,47
09,007,130,Lower Connecticut River Valley Planning Region,15350,Clinton town,FEMALE,45--49,10,403,324,12,0,21,0,7,39
09,007,130,Lower Connecticut River Valley Planning Region,15350,Clinton town,FEMALE,50--54,11,542,460,11,0,13,0,7,51
09,007,130,Lower Connecticut River Valley Planning Region,15350,Clinton town,FEMALE,55--59,12,593,531,3,0,6,0,16,37
09,007,130,Lower Connecticut River Valley Planning Region,15350,Clinton town,FEMALE,60--64,13,601,543,6,2,16,0,2,32
09,007,130,Lower Connecticut River Valley Planning Region,15350,Clinton town,FEMALE,65--69,14,562,531,8,0,2,0,9,12
09,007,130,Lower Connecticut River Valley Planning Region,15350,Clinton town,FEMALE,70--74,15,462,447,1,0,2,0,0,12
09,007,130,Lower Connecticut River Valley Planning Region,15350,Clinton town,FEMALE,75--79,16,309,291,4,2,1,0,0,11
09,007,130,Lower Connecticut River Valley Planning Region,15350,Clinton town,FEMALE,80--84,17,192,187,0,0,2,0,2,1
09,007,130,Lower Connecticut River Valley Planning Region,15350,Clinton town,FEMALE,85+,18,172,163,3,0,0,0,1,5
09,007,130,Lower Connecticut River Valley Planning Region,18080,Cromwell town,MALE,00--04,1,301,221,9,3,20,0,11,37
09,007,130,Lower Connecticut River Valley Planning Region,18080,Cromwell town,MALE,05--09,2,358,259,8,1,26,0,21,43
09,007,130,Lower Connecticut River Valley Planning Region,18080,Cromwell town,MALE,10--14,3,424,290,18,0,27,0,35,54
09,007,130,Lower Connecticut River Valley Planning Region,18080,Cromwell town,MALE,15--19,4,423,287,35,0,34,0,18,49
09,007,130,Lower Connecticut River Valley Planning Region,18080,Cromwell town,MALE,20--24,5,335,241,14,0,23,0,9,48
09,007,130,Lower Connecticut River Valley Planning Region,18080,Cromwell town,MALE,25--29,6,374,284,25,0,24,0,9,32
09,007,130,Lower Connecticut River Valley Planning Region,18080,Cromwell town,MALE,30--34,7,411,315,18,0,25,0,9,44
09,007,130,Lower Connecticut River Valley Planning Region,18080,Cromwell town,MALE,35--39,8,551,437,20,2,47,0,11,34
09,007,130,Lower Connecticut River Valley Planning Region,18080,Cromwell town,MALE,40--44,9,474,383,28,0,39,0,3,21
09,007,130,Lower Connecticut River Valley Planning Region,18080,Cromwell town,MALE,45--49,10,424,328,26,1,32,0,10,27
09,007,130,Lower Connecticut River Valley Planning Region,18080,Cromwell town,MALE,50--54,11,490,393,28,0,16,0,14,39
09,007,130,Lower Connecticut River Valley Planning Region,18080,Cromwell town,MALE,55--59,12,526,448,21,1,26,0,2,28
09,007,130,Lower Connecticut River Valley Planning Region,18080,Cromwell town,MALE,60--64,13,511,461,22,0,13,0,6,9
09,007,130,Lower Connecticut River Valley Planning Region,18080,Cromwell town,MALE,65--69,14,393,350,20,0,7,0,3,13
09,007,130,Lower Connecticut River Valley Planning Region,18080,Cromwell town,MALE,70--74,15,379,338,12,0,9,0,3,17
09,007,130,Lower Connecticut River Valley Planning Region,18080,Cromwell town,MALE,75--79,16,200,178,8,0,7,0,1,6
09,007,130,Lower Connecticut River Valley Planning Region,18080,Cromwell town,MALE,80--84,17,155,142,2,0,2,0,2,7
09,007,130,Lower Connecticut River Valley Planning Region,18080,Cromwell town,MALE,85+,18,164,157,2,0,1,0,1,3
09,007,130,Lower Connecticut River Valley Planning Region,18080,Cromwell town,FEMALE,00--04,1,336,226,13,0,21,0,35,41
09,007,130,Lower Connecticut River Valley Planning Region,18080,Cromwell town,FEMALE,05--09,2,409,313,10,0,29,0,21,36
09,007,130,Lower Connecticut River Valley Planning Region,18080,Cromwell town,FEMALE,10--14,3,372,254,27,0,27,0,15,49
09,007,130,Lower Connecticut River Valley Planning Region,18080,Cromwell town,FEMALE,15--19,4,352,243,14,0,37,0,10,48
09,007,130,Lower Connecticut River Valley Planning Region,18080,Cromwell town,FEMALE,20--24,5,294,221,25,2,11,0,9,26
09,007,130,Lower Connecticut River Valley Planning Region,18080,Cromwell town,FEMALE,25--29,6,387,299,20,0,35,0,14,19
09,007,130,Lower Connecticut River Valley Planning Region,18080,Cromwell town,FEMALE,30--34,7,462,348,19,1,44,0,15,35
09,007,130,Lower Connecticut River Valley Planning Region,18080,Cromwell town,FEMALE,35--39,8,548,429,17,0,56,0,17,29
09,007,130,Lower Connecticut River Valley Planning Region,18080,Cromwell town,FEMALE,40--44,9,504,385,24,0,44,0,11,40
09,007,130,Lower Connecticut River Valley Planning Region,18080,Cromwell town,FEMALE,45--49,10,379,294,18,0,30,0,9,28
09,007,130,Lower Connecticut River Valley Planning Region,18080,Cromwell town,FEMALE,50--54,11,516,409,19,0,32,0,8,48
09,007,130,Lower Connecticut River Valley Planning Region,18080,Cromwell town,FEMALE,55--59,12,539,454,23,0,19,0,8,35
09,007,130,Lower Connecticut River Valley Planning Region,18080,Cromwell town,FEMALE,60--64,13,573,508,23,0,9,0,19,14
09,007,130,Lower Connecticut River Valley Planning Region,18080,Cromwell town,FEMALE,65--69,14,522,472,21,1,10,0,2,16
09,007,130,Lower Connecticut River Valley Planning Region,18080,Cromwell town,FEMALE,70--74,15,408,363,21,0,7,0,3,14
09,007,130,Lower Connecticut River Valley Planning Region,18080,Cromwell town,FEMALE,75--79,16,281,256,10,0,4,0,2,9
09,007,130,Lower Connecticut River Valley Planning Region,18080,Cromwell town,FEMALE,80--84,17,203,188,12,0,2,0,0,1
09,007,130,Lower Connecticut River Valley Planning Region,18080,Cromwell town,FEMALE,85+,18,323,307,5,0,3,0,0,8
09,007,130,Lower Connecticut River Valley Planning Region,19130,Deep River town,MALE,00--04,1,65,53,1,0,1,0,4,6
09,007,130,Lower Connecticut River Valley Planning Region,19130,Deep River town,MALE,05--09,2,82,71,1,0,1,0,5,4
09,007,130,Lower Connecticut River Valley Planning Region,19130,Deep River town,MALE,10--14,3,131,104,2,0,1,0,8,16
09,007,130,Lower Connecticut River Valley Planning Region,19130,Deep River town,MALE,15--19,4,135,110,1,0,1,0,8,15
09,007,130,Lower Connecticut River Valley Planning Region,19130,Deep River town,MALE,20--24,5,94,78,2,1,4,0,3,6
09,007,130,Lower Connecticut River Valley Planning Region,19130,Deep River town,MALE,25--29,6,121,107,2,0,1,0,6,5
09,007,130,Lower Connecticut River Valley Planning Region,19130,Deep River town,MALE,30--34,7,105,96,4,0,0,0,2,3
09,007,130,Lower Connecticut River Valley Planning Region,19130,Deep River town,MALE,35--39,8,112,105,0,0,2,0,3,2
09,007,130,Lower Connecticut River Valley Planning Region,19130,Deep River town,MALE,40--44,9,114,100,0,1,1,0,7,5
09,007,130,Lower Connecticut River Valley Planning Region,19130,Deep River town,MALE,45--49,10,131,118,1,1,3,0,4,4
09,007,130,Lower Connecticut River Valley Planning Region,19130,Deep River town,MALE,50--54,11,204,180,3,1,3,0,1,16
09,007,130,Lower Connecticut River Valley Planning Region,19130,Deep River town,MALE,55--59,12,197,176,3,1,5,0,4,8
09,007,130,Lower Connecticut River Valley Planning Region,19130,Deep River town,MALE,60--64,13,192,182,0,0,1,0,1,8
09,007,130,Lower Connecticut River Valley Planning Region,19130,Deep River town,MALE,65--69,14,186,177,0,0,1,0,4,4
09,007,130,Lower Connecticut River Valley Planning Region,19130,Deep River town,MALE,70--74,15,153,148,1,1,0,0,2,1
09,007,130,Lower Connecticut River Valley Planning Region,19130,Deep River town,MALE,75--79,16,95,92,3,0,0,0,0,0
09,007,130,Lower Connecticut River Valley Planning Region,19130,Deep River town,MALE,80--84,17,41,41,0,0,0,0,0,0
09,007,130,Lower Connecticut River Valley Planning Region,19130,Deep River town,MALE,85+,18,44,43,0,0,0,0,0,1
09,007,130,Lower Connecticut River Valley Planning Region,19130,Deep River town,FEMALE,00--04,1,71,58,1,0,0,0,4,8
09,007,130,Lower Connecticut River Valley Planning Region,19130,Deep River town,FEMALE,05--09,2,85,67,0,0,1,0,9,8
09,007,130,Lower Connecticut River Valley Planning Region,19130,Deep River town,FEMALE,10--14,3,119,100,1,0,1,0,8,9
09,007,130,Lower Connecticut River Valley Planning Region,19130,Deep River town,FEMALE,15--19,4,146,122,0,0,2,0,13,9
09,007,130,Lower Connecticut River Valley Planning Region,19130,Deep River town,FEMALE,20--24,5,95,85,1,0,0,0,6,3
09,007,130,Lower Connecticut River Valley Planning Region,19130,Deep River town,FEMALE,25--29,6,126,116,1,0,2,0,3,4
09,007,130,Lower Connecticut River Valley Planning Region,19130,Deep River town,FEMALE,30--34,7,102,98,1,0,1,0,0,2
09,007,130,Lower Connecticut River Valley Planning Region,19130,Deep River town,FEMALE,35--39,8,128,120,0,0,0,0,3,5
09,007,130,Lower Connecticut River Valley Planning Region,19130,Deep River town,FEMALE,40--44,9,118,109,2,1,1,0,1,4
09,007,130,Lower Connecticut River Valley Planning Region,19130,Deep River town,FEMALE,45--49,10,143,134,0,0,1,0,1,7
09,007,130,Lower Connecticut River Valley Planning Region,19130,Deep River town,FEMALE,50--54,11,192,172,7,0,0,0,3,10
09,007,130,Lower Connecticut River Valley Planning Region,19130,Deep River town,FEMALE,55--59,12,189,175,3,0,4,0,3,4
09,007,130,Lower Connecticut River Valley Planning Region,19130,Deep River town,FEMALE,60--64,13,204,191,1,2,2,0,4,4
09,007,130,Lower Connecticut River Valley Planning Region,19130,Deep River town,FEMALE,65--69,14,171,162,0,0,3,0,2,4
09,007,130,Lower Connecticut River Valley Planning Region,19130,Deep River town,FEMALE,70--74,15,155,146,1,0,0,0,4,4
09,007,130,Lower Connecticut River Valley Planning Region,19130,Deep River town,FEMALE,75--79,16,104,97,2,0,3,0,0,2
09,007,130,Lower Connecticut River Valley Planning Region,19130,Deep River town,FEMALE,80--84,17,37,36,0,0,0,0,0,1
09,007,130,Lower Connecticut River Valley Planning Region,19130,Deep River town,FEMALE,85+,18,77,73,0,0,1,0,0,3
09,007,130,Lower Connecticut River Valley Planning Region,20810,Durham town,MALE,00--04,1,187,160,5,0,0,0,8,14
09,007,130,Lower Connecticut River Valley Planning Region,20810,Durham town,MALE,05--09,2,164,150,1,0,1,0,4,8
09,007,130,Lower Connecticut River Valley Planning Region,20810,Durham town,MALE,10--14,3,207,175,5,0,3,2,5,17
09,007,130,Lower Connecticut River Valley Planning Region,20810,Durham town,MALE,15--19,4,278,252,3,2,4,0,6,11
09,007,130,Lower Connecticut River Valley Planning Region,20810,Durham town,MALE,20--24,5,215,192,2,1,5,0,2,13
09,007,130,Lower Connecticut River Valley Planning Region,20810,Durham town,MALE,25--29,6,190,173,5,0,4,0,4,4
09,007,130,Lower Connecticut River Valley Planning Region,20810,Durham town,MALE,30--34,7,188,171,1,0,1,0,4,11
09,007,130,Lower Connecticut River Valley Planning Region,20810,Durham town,MALE,35--39,8,223,211,0,1,2,0,2,7
09,007,130,Lower Connecticut River Valley Planning Region,20810,Durham town,MALE,40--44,9,194,172,2,0,1,0,10,9
09,007,130,Lower Connecticut River Valley Planning Region,20810,Durham town,MALE,45--49,10,226,210,2,0,3,0,7,4
09,007,130,Lower Connecticut River Valley Planning Region,20810,Durham town,MALE,50--54,11,302,283,1,0,10,0,2,6
09,007,130,Lower Connecticut River Valley Planning Region,20810,Durham town,MALE,55--59,12,314,300,3,0,4,0,0,7
09,007,130,Lower Connecticut River Valley Planning Region,20810,Durham town,MALE,60--64,13,330,320,1,0,2,0,3,4
09,007,130,Lower Connecticut River Valley Planning Region,20810,Durham town,MALE,65--69,14,233,229,2,0,1,0,0,1
09,007,130,Lower Connecticut River Valley Planning Region,20810,Durham town,MALE,70--74,15,186,177,2,0,5,0,0,2
09,007,130,Lower Connecticut River Valley Planning Region,20810,Durham town,MALE,75--79,16,105,102,1,0,1,0,0,1
09,007,130,Lower Connecticut River Valley Planning Region,20810,Durham town,MALE,80--84,17,62,58,0,0,0,0,1,3
09,007,130,Lower Connecticut River Valley Planning Region,20810,Durham town,MALE,85+,18,49,41,2,0,0,0,2,4
09,007,130,Lower Connecticut River Valley Planning Region,20810,Durham town,FEMALE,00--04,1,136,118,5,0,0,0,2,11
09,007,130,Lower Connecticut River Valley Planning Region,20810,Durham town,FEMALE,05--09,2,196,170,3,0,4,0,10,9
09,007,130,Lower Connecticut River Valley Planning Region,20810,Durham town,FEMALE,10--14,3,219,184,8,0,0,1,6,20
09,007,130,Lower Connecticut River Valley Planning Region,20810,Durham town,FEMALE,15--19,4,217,188,0,0,5,1,8,15
09,007,130,Lower Connecticut River Valley Planning Region,20810,Durham town,FEMALE,20--24,5,164,149,0,0,0,0,7,8
09,007,130,Lower Connecticut River Valley Planning Region,20810,Durham town,FEMALE,25--29,6,154,139,1,0,2,0,3,9
09,007,130,Lower Connecticut River Valley Planning Region,20810,Durham town,FEMALE,30--34,7,190,170,1,1,5,0,7,6
09,007,130,Lower Connecticut River Valley Planning Region,20810,Durham town,FEMALE,35--39,8,220,202,1,0,6,0,3,8
09,007,130,Lower Connecticut River Valley Planning Region,20810,Durham town,FEMALE,40--44,9,190,172,1,0,2,0,8,7
09,007,130,Lower Connecticut River Valley Planning Region,20810,Durham town,FEMALE,45--49,10,225,201,2,0,14,0,6,2
09,007,130,Lower Connecticut River Valley Planning Region,20810,Durham town,FEMALE,50--54,11,308,286,1,0,8,0,3,10
09,007,130,Lower Connecticut River Valley Planning Region,20810,Durham town,FEMALE,55--59,12,334,311,2,0,5,0,4,12
09,007,130,Lower Connecticut River Valley Planning Region,20810,Durham town,FEMALE,60--64,13,294,278,2,1,6,0,4,3
09,007,130,Lower Connecticut River Valley Planning Region,20810,Durham town,FEMALE,65--69,14,252,243,0,0,2,0,1,6
09,007,130,Lower Connecticut River Valley Planning Region,20810,Durham town,FEMALE,70--74,15,188,183,0,1,2,0,0,2
09,007,130,Lower Connecticut River Valley Planning Region,20810,Durham town,FEMALE,75--79,16,131,123,1,0,2,0,0,5
09,007,130,Lower Connecticut River Valley Planning Region,20810,Durham town,FEMALE,80--84,17,69,66,1,0,0,0,0,2
09,007,130,Lower Connecticut River Valley Planning Region,20810,Durham town,FEMALE,85+,18,91,84,1,0,1,0,1,4
09,007,130,Lower Connecticut River Valley Planning Region,22280,East Haddam town,MALE,00--04,1,216,186,1,1,7,0,4,17
09,007,130,Lower Connecticut River Valley Planning Region,22280,East Haddam town,MALE,05--09,2,218,188,8,2,2,0,5,13
09,007,130,Lower Connecticut River Valley Planning Region,22280,East Haddam town,MALE,10--14,3,217,182,3,5,2,0,6,19
09,007,130,Lower Connecticut River Valley Planning Region,22280,East Haddam town,MALE,15--19,4,264,231,2,2,1,0,16,12
09,007,130,Lower Connecticut River Valley Planning Region,22280,East Haddam town,MALE,20--24,5,210,188,0,0,0,0,7,15
09,007,130,Lower Connecticut River Valley Planning Region,22280,East Haddam town,MALE,25--29,6,225,216,0,0,1,0,1,7
09,007,130,Lower Connecticut River Valley Planning Region,22280,East Haddam town,MALE,30--34,7,272,248,4,0,3,0,14,3
09,007,130,Lower Connecticut River Valley Planning Region,22280,East Haddam town,MALE,35--39,8,262,243,2,0,2,0,10,5
09,007,130,Lower Connecticut River Valley Planning Region,22280,East Haddam town,MALE,40--44,9,240,208,4,0,0,0,11,17
09,007,130,Lower Connecticut River Valley Planning Region,22280,East Haddam town,MALE,45--49,10,252,227,0,0,9,0,7,9
09,007,130,Lower Connecticut River Valley Planning Region,22280,East Haddam town,MALE,50--54,11,340,326,0,0,2,1,2,9
09,007,130,Lower Connecticut River Valley Planning Region,22280,East Haddam town,MALE,55--59,12,414,400,1,0,2,0,6,5
09,007,130,Lower Connecticut River Valley Planning Region,22280,East Haddam town,MALE,60--64,13,457,442,0,0,3,0,2,10
09,007,130,Lower Connecticut River Valley Planning Region,22280,East Haddam town,MALE,65--69,14,343,328,1,0,2,0,3,9
09,007,130,Lower Connecticut River Valley Planning Region,22280,East Haddam town,MALE,70--74,15,273,269,2,0,2,0,0,0
09,007,130,Lower Connecticut River Valley Planning Region,22280,East Haddam town,MALE,75--79,16,177,173,0,0,0,0,0,4
09,007,130,Lower Connecticut River Valley Planning Region,22280,East Haddam town,MALE,80--84,17,73,70,0,0,0,0,3,0
09,007,130,Lower Connecticut River Valley Planning Region,22280,East Haddam town,MALE,85+,18,55,51,1,0,1,0,0,2
09,007,130,Lower Connecticut River Valley Planning Region,22280,East Haddam town,FEMALE,00--04,1,211,180,0,0,1,0,6,24
09,007,130,Lower Connecticut River Valley Planning Region,22280,East Haddam town,FEMALE,05--09,2,202,170,1,1,5,0,15,10
09,007,130,Lower Connecticut River Valley Planning Region,22280,East Haddam town,FEMALE,10--14,3,197,165,1,2,8,0,5,16
09,007,130,Lower Connecticut River Valley Planning Region,22280,East Haddam town,FEMALE,15--19,4,208,179,0,0,5,0,13,11
09,007,130,Lower Connecticut River Valley Planning Region,22280,East Haddam town,FEMALE,20--24,5,201,178,0,1,5,0,11,6
09,007,130,Lower Connecticut River Valley Planning Region,22280,East Haddam town,FEMALE,25--29,6,203,187,3,0,1,0,6,6
09,007,130,Lower Connecticut River Valley Planning Region,22280,East Haddam town,FEMALE,30--34,7,241,208,5,0,3,1,6,18
09,007,130,Lower Connecticut River Valley Planning Region,22280,East Haddam town,FEMALE,35--39,8,266,246,0,0,4,0,2,14
09,007,130,Lower Connecticut River Valley Planning Region,22280,East Haddam town,FEMALE,40--44,9,259,232,3,1,1,0,11,11
09,007,130,Lower Connecticut River Valley Planning Region,22280,East Haddam town,FEMALE,45--49,10,249,222,2,0,7,0,7,11
09,007,130,Lower Connecticut River Valley Planning Region,22280,East Haddam town,FEMALE,50--54,11,379,354,3,0,0,0,15,7
09,007,130,Lower Connecticut River Valley Planning Region,22280,East Haddam town,FEMALE,55--59,12,447,426,5,1,0,0,1,14
09,007,130,Lower Connecticut River Valley Planning Region,22280,East Haddam town,FEMALE,60--64,13,410,387,3,0,1,0,5,14
09,007,130,Lower Connecticut River Valley Planning Region,22280,East Haddam town,FEMALE,65--69,14,341,333,1,1,0,1,0,5
09,007,130,Lower Connecticut River Valley Planning Region,22280,East Haddam town,FEMALE,70--74,15,263,253,1,0,4,0,5,0
09,007,130,Lower Connecticut River Valley Planning Region,22280,East Haddam town,FEMALE,75--79,16,179,168,2,0,0,0,4,5
09,007,130,Lower Connecticut River Valley Planning Region,22280,East Haddam town,FEMALE,80--84,17,90,89,0,0,0,0,1,0
09,007,130,Lower Connecticut River Valley Planning Region,22280,East Haddam town,FEMALE,85+,18,113,107,0,0,1,0,1,4
09,007,130,Lower Connecticut River Valley Planning Region,22490,East Hampton town,MALE,00--04,1,287,246,4,1,3,0,15,18
09,007,130,Lower Connecticut River Valley Planning Region,22490,East Hampton town,MALE,05--09,2,355,291,8,1,5,0,13,37
09,007,130,Lower Connecticut River Valley Planning Region,22490,East Hampton town,MALE,10--14,3,400,345,7,0,6,1,13,28
09,007,130,Lower Connecticut River Valley Planning Region,22490,East Hampton town,MALE,15--19,4,387,346,5,2,10,0,14,10
09,007,130,Lower Connecticut River Valley Planning Region,22490,East Hampton town,MALE,20--24,5,313,265,0,2,8,0,13,25
09,007,130,Lower Connecticut River Valley Planning Region,22490,East Hampton town,MALE,25--29,6,340,310,2,0,3,0,7,18
09,007,130,Lower Connecticut River Valley Planning Region,22490,East Hampton town,MALE,30--34,7,370,320,6,0,3,1,18,22
09,007,130,Lower Connecticut River Valley Planning Region,22490,East Hampton town,MALE,35--39,8,432,371,12,0,16,3,15,15
09,007,130,Lower Connecticut River Valley Planning Region,22490,East Hampton town,MALE,40--44,9,442,397,10,1,5,0,5,24
09,007,130,Lower Connecticut River Valley Planning Region,22490,East Hampton town,MALE,45--49,10,389,350,6,0,12,0,11,10
09,007,130,Lower Connecticut River Valley Planning Region,22490,East Hampton town,MALE,50--54,11,457,430,7,0,3,0,7,10
09,007,130,Lower Connecticut River Valley Planning Region,22490,East Hampton town,MALE,55--59,12,566,518,14,0,9,0,12,13
09,007,130,Lower Connecticut River Valley Planning Region,22490,East Hampton town,MALE,60--64,13,518,494,9,0,3,0,5,7
09,007,130,Lower Connecticut River Valley Planning Region,22490,East Hampton town,MALE,65--69,14,430,406,5,0,5,0,8,6
09,007,130,Lower Connecticut River Valley Planning Region,22490,East Hampton town,MALE,70--74,15,361,354,3,0,0,0,1,3
09,007,130,Lower Connecticut River Valley Planning Region,22490,East Hampton town,MALE,75--79,16,200,190,5,3,0,0,1,1
09,007,130,Lower Connecticut River Valley Planning Region,22490,East Hampton town,MALE,80--84,17,135,129,1,0,0,0,3,2
09,007,130,Lower Connecticut River Valley Planning Region,22490,East Hampton town,MALE,85+,18,66,62,4,0,0,0,0,0
09,007,130,Lower Connecticut River Valley Planning Region,22490,East Hampton town,FEMALE,00--04,1,262,230,3,0,7,0,4,18
09,007,130,Lower Connecticut River Valley Planning Region,22490,East Hampton town,FEMALE,05--09,2,325,277,6,0,3,0,12,27
09,007,130,Lower Connecticut River Valley Planning Region,22490,East Hampton town,FEMALE,10--14,3,418,344,5,0,9,0,27,33
09,007,130,Lower Connecticut River Valley Planning Region,22490,East Hampton town,FEMALE,15--19,4,315,261,0,2,5,1,9,37
09,007,130,Lower Connecticut River Valley Planning Region,22490,East Hampton town,FEMALE,20--24,5,268,246,3,0,9,0,6,4
09,007,130,Lower Connecticut River Valley Planning Region,22490,East Hampton town,FEMALE,25--29,6,296,255,3,0,6,0,19,13
09,007,130,Lower Connecticut River Valley Planning Region,22490,East Hampton town,FEMALE,30--34,7,357,322,4,0,5,2,2,22
09,007,130,Lower Connecticut River Valley Planning Region,22490,East Hampton town,FEMALE,35--39,8,393,351,0,2,11,0,10,19
09,007,130,Lower Connecticut River Valley Planning Region,22490,East Hampton town,FEMALE,40--44,9,453,415,3,1,10,0,7,17
09,007,130,Lower Connecticut River Valley Planning Region,22490,East Hampton town,FEMALE,45--49,10,426,380,7,0,16,0,5,18
09,007,130,Lower Connecticut River Valley Planning Region,22490,East Hampton town,FEMALE,50--54,11,473,446,0,0,5,0,9,13
09,007,130,Lower Connecticut River Valley Planning Region,22490,East Hampton town,FEMALE,55--59,12,566,526,11,0,5,0,11,13
09,007,130,Lower Connecticut River Valley Planning Region,22490,East Hampton town,FEMALE,60--64,13,527,498,10,3,3,0,6,7
09,007,130,Lower Connecticut River Valley Planning Region,22490,East Hampton town,FEMALE,65--69,14,453,410,6,1,9,2,8,17
09,007,130,Lower Connecticut River Valley Planning Region,22490,East Hampton town,FEMALE,70--74,15,380,371,0,2,2,0,3,2
09,007,130,Lower Connecticut River Valley Planning Region,22490,East Hampton town,FEMALE,75--79,16,228,220,1,0,4,0,0,3
09,007,130,Lower Connecticut River Valley Planning Region,22490,East Hampton town,FEMALE,80--84,17,140,138,0,0,0,0,1,1
09,007,130,Lower Connecticut River Valley Planning Region,22490,East Hampton town,FEMALE,85+,18,147,137,3,0,6,0,0,1
09,007,130,Lower Connecticut River Valley Planning Region,26270,Essex town,MALE,00--04,1,96,79,0,2,0,0,6,9
09,007,130,Lower Connecticut River Valley Planning Region,26270,Essex town,MALE,05--09,2,111,85,0,1,2,0,9,14
09,007,130,Lower Connecticut River Valley Planning Region,26270,Essex town,MALE,10--14,3,149,121,0,0,0,0,4,24
09,007,130,Lower Connecticut River Valley Planning Region,26270,Essex town,MALE,15--19,4,201,176,3,0,5,0,1,16
09,007,130,Lower Connecticut River Valley Planning Region,26270,Essex town,MALE,20--24,5,127,108,1,2,0,0,7,9
09,007,130,Lower Connecticut River Valley Planning Region,26270,Essex town,MALE,25--29,6,123,110,0,0,0,0,1,12
09,007,130,Lower Connecticut River Valley Planning Region,26270,Essex town,MALE,30--34,7,133,116,0,0,2,0,5,10
09,007,130,Lower Connecticut River Valley Planning Region,26270,Essex town,MALE,35--39,8,120,98,4,0,5,0,0,13
09,007,130,Lower Connecticut River Valley Planning Region,26270,Essex town,MALE,40--44,9,126,111,0,0,2,0,1,12
09,007,130,Lower Connecticut River Valley Planning Region,26270,Essex town,MALE,45--49,10,156,145,1,0,3,0,0,7
09,007,130,Lower Connecticut River Valley Planning Region,26270,Essex town,MALE,50--54,11,255,239,4,0,0,2,2,8
09,007,130,Lower Connecticut River Valley Planning Region,26270,Essex town,MALE,55--59,12,316,302,2,0,4,0,7,1
09,007,130,Lower Connecticut River Valley Planning Region,26270,Essex town,MALE,60--64,13,335,321,4,0,2,0,5,3
09,007,130,Lower Connecticut River Valley Planning Region,26270,Essex town,MALE,65--69,14,318,306,8,0,2,0,0,2
09,007,130,Lower Connecticut River Valley Planning Region,26270,Essex town,MALE,70--74,15,259,255,0,0,3,0,0,1
09,007,130,Lower Connecticut River Valley Planning Region,26270,Essex town,MALE,75--79,16,199,193,1,0,0,0,2,3
09,007,130,Lower Connecticut River Valley Planning Region,26270,Essex town,MALE,80--84,17,105,102,0,0,0,0,2,1
09,007,130,Lower Connecticut River Valley Planning Region,26270,Essex town,MALE,85+,18,150,145,0,0,1,0,0,4
09,007,130,Lower Connecticut River Valley Planning Region,26270,Essex town,FEMALE,00--04,1,93,77,2,0,1,0,2,11
09,007,130,Lower Connecticut River Valley Planning Region,26270,Essex town,FEMALE,05--09,2,94,78,1,0,4,0,4,7
09,007,130,Lower Connecticut River Valley Planning Region,26270,Essex town,FEMALE,10--14,3,136,122,0,1,1,0,5,7
09,007,130,Lower Connecticut River Valley Planning Region,26270,Essex town,FEMALE,15--19,4,186,155,0,0,1,0,6,24
09,007,130,Lower Connecticut River Valley Planning Region,26270,Essex town,FEMALE,20--24,5,126,108,4,2,4,0,2,6
09,007,130,Lower Connecticut River Valley Planning Region,26270,Essex town,FEMALE,25--29,6,98,81,3,0,5,0,3,6
09,007,130,Lower Connecticut River Valley Planning Region,26270,Essex town,FEMALE,30--34,7,121,106,0,0,2,0,3,10
09,007,130,Lower Connecticut River Valley Planning Region,26270,Essex town,FEMALE,35--39,8,140,123,3,0,6,0,3,5
09,007,130,Lower Connecticut River Valley Planning Region,26270,Essex town,FEMALE,40--44,9,126,113,1,0,5,0,1,6
09,007,130,Lower Connecticut River Valley Planning Region,26270,Essex town,FEMALE,45--49,10,186,167,0,0,3,0,3,13
09,007,130,Lower Connecticut River Valley Planning Region,26270,Essex town,FEMALE,50--54,11,269,251,3,0,2,2,2,9
09,007,130,Lower Connecticut River Valley Planning Region,26270,Essex town,FEMALE,55--59,12,323,315,0,0,3,0,2,3
09,007,130,Lower Connecticut River Valley Planning Region,26270,Essex town,FEMALE,60--64,13,353,329,3,0,10,0,6,5
09,007,130,Lower Connecticut River Valley Planning Region,26270,Essex town,FEMALE,65--69,14,308,300,1,0,1,0,1,5
09,007,130,Lower Connecticut River Valley Planning Region,26270,Essex town,FEMALE,70--74,15,278,268,1,0,3,0,4,2
09,007,130,Lower Connecticut River Valley Planning Region,26270,Essex town,FEMALE,75--79,16,213,205,0,0,2,0,0,6
09,007,130,Lower Connecticut River Valley Planning Region,26270,Essex town,FEMALE,80--84,17,172,169,2,0,1,0,0,0
09,007,130,Lower Connecticut River Valley Planning Region,26270,Essex town,FEMALE,85+,18,255,253,0,0,2,0,0,0
09,007,130,Lower Connecticut River Valley Planning Region,35230,Haddam town,MALE,00--04,1,190,166,1,0,3,0,14,6
09,007,130,Lower Connecticut River Valley Planning Region,35230,Haddam town,MALE,05--09,2,226,196,1,0,7,0,16,6
09,007,130,Lower Connecticut River Valley Planning Region,35230,Haddam town,MALE,10--14,3,283,252,0,0,5,0,10,16
09,007,130,Lower Connecticut River Valley Planning Region,35230,Haddam town,MALE,15--19,4,290,269,1,0,1,0,5,14
09,007,130,Lower Connecticut River Valley Planning Region,35230,Haddam town,MALE,20--24,5,209,183,3,1,1,0,14,7
09,007,130,Lower Connecticut River Valley Planning Region,35230,Haddam town,MALE,25--29,6,187,167,0,0,5,0,3,12
09,007,130,Lower Connecticut River Valley Planning Region,35230,Haddam town,MALE,30--34,7,230,213,3,0,4,0,5,5
09,007,130,Lower Connecticut River Valley Planning Region,35230,Haddam town,MALE,35--39,8,248,232,4,0,4,0,1,7
09,007,130,Lower Connecticut River Valley Planning Region,35230,Haddam town,MALE,40--44,9,252,222,4,1,4,0,5,16
09,007,130,Lower Connecticut River Valley Planning Region,35230,Haddam town,MALE,45--49,10,293,272,2,0,3,0,6,10
09,007,130,Lower Connecticut River Valley Planning Region,35230,Haddam town,MALE,50--54,11,328,310,1,0,0,0,3,14
09,007,130,Lower Connecticut River Valley Planning Region,35230,Haddam town,MALE,55--59,12,357,350,3,0,0,0,0,4
09,007,130,Lower Connecticut River Valley Planning Region,35230,Haddam town,MALE,60--64,13,379,364,4,0,1,0,8,2
09,007,130,Lower Connecticut River Valley Planning Region,35230,Haddam town,MALE,65--69,14,292,282,3,0,1,0,3,3
09,007,130,Lower Connecticut River Valley Planning Region,35230,Haddam town,MALE,70--74,15,236,227,3,0,1,0,4,1
09,007,130,Lower Connecticut River Valley Planning Region,35230,Haddam town,MALE,75--79,16,173,168,0,0,0,0,3,2
09,007,130,Lower Connecticut River Valley Planning Region,35230,Haddam town,MALE,80--84,17,92,89,0,0,0,0,1,2
09,007,130,Lower Connecticut River Valley Planning Region,35230,Haddam town,MALE,85+,18,75,74,1,0,0,0,0,0
09,007,130,Lower Connecticut River Valley Planning Region,35230,Haddam town,FEMALE,00--04,1,183,160,2,0,2,0,9,10
09,007,130,Lower Connecticut River Valley Planning Region,35230,Haddam town,FEMALE,05--09,2,208,181,1,0,5,0,10,11
09,007,130,Lower Connecticut River Valley Planning Region,35230,Haddam town,FEMALE,10--14,3,254,212,0,0,4,0,13,25
09,007,130,Lower Connecticut River Valley Planning Region,35230,Haddam town,FEMALE,15--19,4,234,211,1,0,8,0,3,11
09,007,130,Lower Connecticut River Valley Planning Region,35230,Haddam town,FEMALE,20--24,5,190,161,1,2,4,0,8,14
09,007,130,Lower Connecticut River Valley Planning Region,35230,Haddam town,FEMALE,25--29,6,139,117,0,0,3,0,5,14
09,007,130,Lower Connecticut River Valley Planning Region,35230,Haddam town,FEMALE,30--34,7,217,200,3,0,1,0,4,9
09,007,130,Lower Connecticut River Valley Planning Region,35230,Haddam town,FEMALE,35--39,8,266,242,1,0,6,0,9,8
09,007,130,Lower Connecticut River Valley Planning Region,35230,Haddam town,FEMALE,40--44,9,263,243,0,0,13,0,3,4
09,007,130,Lower Connecticut River Valley Planning Region,35230,Haddam town,FEMALE,45--49,10,255,231,4,0,3,0,7,10
09,007,130,Lower Connecticut River Valley Planning Region,35230,Haddam town,FEMALE,50--54,11,321,296,4,0,6,1,3,11
09,007,130,Lower Connecticut River Valley Planning Region,35230,Haddam town,FEMALE,55--59,12,365,350,1,0,7,0,3,4
09,007,130,Lower Connecticut River Valley Planning Region,35230,Haddam town,FEMALE,60--64,13,338,327,0,0,1,0,3,7
09,007,130,Lower Connecticut River Valley Planning Region,35230,Haddam town,FEMALE,65--69,14,332,305,6,0,6,0,8,7
09,007,130,Lower Connecticut River Valley Planning Region,35230,Haddam town,FEMALE,70--74,15,249,239,5,0,2,0,2,1
09,007,130,Lower Connecticut River Valley Planning Region,35230,Haddam town,FEMALE,75--79,16,168,160,0,0,3,0,3,2
09,007,130,Lower Connecticut River Valley Planning Region,35230,Haddam town,FEMALE,80--84,17,88,88,0,0,0,0,0,0
09,007,130,Lower Connecticut River Valley Planning Region,35230,Haddam town,FEMALE,85+,18,120,115,3,0,0,0,1,1
09,007,130,Lower Connecticut River Valley Planning Region,40710,Killingworth town,MALE,00--04,1,122,108,0,0,1,0,6,7
09,007,130,Lower Connecticut River Valley Planning Region,40710,Killingworth town,MALE,05--09,2,118,102,1,2,1,0,5,7
09,007,130,Lower Connecticut River Valley Planning Region,40710,Killingworth town,MALE,10--14,3,188,164,0,0,1,0,10,13
09,007,130,Lower Connecticut River Valley Planning Region,40710,Killingworth town,MALE,15--19,4,201,188,0,1,2,0,6,4
09,007,130,Lower Connecticut River Valley Planning Region,40710,Killingworth town,MALE,20--24,5,160,141,0,0,1,0,7,11
09,007,130,Lower Connecticut River Valley Planning Region,40710,Killingworth town,MALE,25--29,6,118,110,1,0,1,0,1,5
09,007,130,Lower Connecticut River Valley Planning Region,40710,Killingworth town,MALE,30--34,7,103,90,0,0,5,0,3,5
09,007,130,Lower Connecticut River Valley Planning Region,40710,Killingworth town,MALE,35--39,8,165,153,1,0,3,0,4,4
09,007,130,Lower Connecticut River Valley Planning Region,40710,Killingworth town,MALE,40--44,9,159,153,0,0,3,0,1,2
09,007,130,Lower Connecticut River Valley Planning Region,40710,Killingworth town,MALE,45--49,10,178,164,1,0,4,0,1,8
09,007,130,Lower Connecticut River Valley Planning Region,40710,Killingworth town,MALE,50--54,11,278,262,1,0,0,0,9,6
09,007,130,Lower Connecticut River Valley Planning Region,40710,Killingworth town,MALE,55--59,12,292,276,5,0,2,0,3,6
09,007,130,Lower Connecticut River Valley Planning Region,40710,Killingworth town,MALE,60--64,13,286,271,0,0,4,0,3,8
09,007,130,Lower Connecticut River Valley Planning Region,40710,Killingworth town,MALE,65--69,14,227,218,0,0,1,0,4,4
09,007,130,Lower Connecticut River Valley Planning Region,40710,Killingworth town,MALE,70--74,15,241,234,0,0,0,0,0,7
09,007,130,Lower Connecticut River Valley Planning Region,40710,Killingworth town,MALE,75--79,16,144,139,1,0,1,0,1,2
09,007,130,Lower Connecticut River Valley Planning Region,40710,Killingworth town,MALE,80--84,17,80,80,0,0,0,0,0,0
09,007,130,Lower Connecticut River Valley Planning Region,40710,Killingworth town,MALE,85+,18,50,46,1,0,0,0,1,2
09,007,130,Lower Connecticut River Valley Planning Region,40710,Killingworth town,FEMALE,00--04,1,117,102,0,0,1,0,5,9
09,007,130,Lower Connecticut River Valley Planning Region,40710,Killingworth town,FEMALE,05--09,2,148,137,0,0,0,0,5,6
09,007,130,Lower Connecticut River Valley Planning Region,40710,Killingworth town,FEMALE,10--14,3,151,131,1,1,1,0,7,10
09,007,130,Lower Connecticut River Valley Planning Region,40710,Killingworth town,FEMALE,15--19,4,204,187,0,0,4,0,7,6
09,007,130,Lower Connecticut River Valley Planning Region,40710,Killingworth town,FEMALE,20--24,5,155,140,0,0,0,0,10,5
09,007,130,Lower Connecticut River Valley Planning Region,40710,Killingworth town,FEMALE,25--29,6,97,93,0,0,0,0,2,2
09,007,130,Lower Connecticut River Valley Planning Region,40710,Killingworth town,FEMALE,30--34,7,99,88,0,0,2,0,3,6
09,007,130,Lower Connecticut River Valley Planning Region,40710,Killingworth town,FEMALE,35--39,8,151,136,0,0,5,0,2,8
09,007,130,Lower Connecticut River Valley Planning Region,40710,Killingworth town,FEMALE,40--44,9,173,161,1,0,4,0,0,7
09,007,130,Lower Connecticut River Valley Planning Region,40710,Killingworth town,FEMALE,45--49,10,166,152,0,0,2,0,1,11
09,007,130,Lower Connecticut River Valley Planning Region,40710,Killingworth town,FEMALE,50--54,11,248,226,4,0,4,2,4,8
09,007,130,Lower Connecticut River Valley Planning Region,40710,Killingworth town,FEMALE,55--59,12,320,304,2,0,6,0,3,5
09,007,130,Lower Connecticut River Valley Planning Region,40710,Killingworth town,FEMALE,60--64,13,281,266,2,0,0,0,9,4
09,007,130,Lower Connecticut River Valley Planning Region,40710,Killingworth town,FEMALE,65--69,14,246,232,1,0,8,0,0,5
09,007,130,Lower Connecticut River Valley Planning Region,40710,Killingworth town,FEMALE,70--74,15,268,257,1,0,2,0,1,7
09,007,130,Lower Connecticut River Valley Planning Region,40710,Killingworth town,FEMALE,75--79,16,169,164,2,0,0,0,3,0
09,007,130,Lower Connecticut River Valley Planning Region,40710,Killingworth town,FEMALE,80--84,17,98,95,1,0,0,0,0,2
09,007,130,Lower Connecticut River Valley Planning Region,40710,Killingworth town,FEMALE,85+,18,69,69,0,0,0,0,0,0
09,007,130,Lower Connecticut River Valley Planning Region,47080,Middlefield town,MALE,00--04,1,86,68,0,0,0,0,5,13
09,007,130,Lower Connecticut River Valley Planning Region,47080,Middlefield town,MALE,05--09,2,99,82,0,0,1,0,6,10
09,007,130,Lower Connecticut River Valley Planning Region,47080,Middlefield town,MALE,10--14,3,97,81,2,0,0,0,5,9
09,007,130,Lower Connecticut River Valley Planning Region,47080,Middlefield town,MALE,15--19,4,148,131,2,0,1,0,8,6
09,007,130,Lower Connecticut River Valley Planning Region,47080,Middlefield town,MALE,20--24,5,113,101,0,1,1,0,0,10
09,007,130,Lower Connecticut River Valley Planning Region,47080,Middlefield town,MALE,25--29,6,106,98,1,0,1,0,2,4
09,007,130,Lower Connecticut River Valley Planning Region,47080,Middlefield town,MALE,30--34,7,109,99,0,0,0,0,2,8
09,007,130,Lower Connecticut River Valley Planning Region,47080,Middlefield town,MALE,35--39,8,100,94,2,0,0,0,2,2
09,007,130,Lower Connecticut River Valley Planning Region,47080,Middlefield town,MALE,40--44,9,110,97,1,0,3,0,1,8
09,007,130,Lower Connecticut River Valley Planning Region,47080,Middlefield town,MALE,45--49,10,126,113,2,0,1,0,5,5
09,007,130,Lower Connecticut River Valley Planning Region,47080,Middlefield town,MALE,50--54,11,178,163,1,0,7,0,4,3
09,007,130,Lower Connecticut River Valley Planning Region,47080,Middlefield town,MALE,55--59,12,207,194,2,0,3,0,4,4
09,007,130,Lower Connecticut River Valley Planning Region,47080,Middlefield town,MALE,60--64,13,219,205,2,0,4,0,0,8
09,007,130,Lower Connecticut River Valley Planning Region,47080,Middlefield town,MALE,65--69,14,171,169,1,0,0,0,1,0
09,007,130,Lower Connecticut River Valley Planning Region,47080,Middlefield town,MALE,70--74,15,119,113,1,0,1,0,1,3
09,007,130,Lower Connecticut River Valley Planning Region,47080,Middlefield town,MALE,75--79,16,78,76,0,0,0,0,1,1
09,007,130,Lower Connecticut River Valley Planning Region,47080,Middlefield town,MALE,80--84,17,47,45,0,0,0,0,0,2
09,007,130,Lower Connecticut River Valley Planning Region,47080,Middlefield town,MALE,85+,18,49,47,2,0,0,0,0,0
09,007,130,Lower Connecticut River Valley Planning Region,47080,Middlefield town,FEMALE,00--04,1,70,53,0,0,2,0,4,11
09,007,130,Lower Connecticut River Valley Planning Region,47080,Middlefield town,FEMALE,05--09,2,82,62,0,0,3,0,8,9
09,007,130,Lower Connecticut River Valley Planning Region,47080,Middlefield town,FEMALE,10--14,3,120,96,1,0,3,0,3,17
09,007,130,Lower Connecticut River Valley Planning Region,47080,Middlefield town,FEMALE,15--19,4,107,94,0,0,3,0,1,9
09,007,130,Lower Connecticut River Valley Planning Region,47080,Middlefield town,FEMALE,20--24,5,99,82,0,0,2,0,2,13
09,007,130,Lower Connecticut River Valley Planning Region,47080,Middlefield town,FEMALE,25--29,6,96,77,3,0,0,0,6,10
09,007,130,Lower Connecticut River Valley Planning Region,47080,Middlefield town,FEMALE,30--34,7,99,88,6,0,0,0,1,4
09,007,130,Lower Connecticut River Valley Planning Region,47080,Middlefield town,FEMALE,35--39,8,110,97,1,0,4,0,3,5
09,007,130,Lower Connecticut River Valley Planning Region,47080,Middlefield town,FEMALE,40--44,9,118,105,3,0,1,0,2,7
09,007,130,Lower Connecticut River Valley Planning Region,47080,Middlefield town,FEMALE,45--49,10,121,111,3,0,1,0,4,2
09,007,130,Lower Connecticut River Valley Planning Region,47080,Middlefield town,FEMALE,50--54,11,178,165,3,0,1,0,3,6
09,007,130,Lower Connecticut River Valley Planning Region,47080,Middlefield town,FEMALE,55--59,12,214,195,5,0,3,0,4,7
09,007,130,Lower Connecticut River Valley Planning Region,47080,Middlefield town,FEMALE,60--64,13,196,188,4,0,1,0,2,1
09,007,130,Lower Connecticut River Valley Planning Region,47080,Middlefield town,FEMALE,65--69,14,149,147,0,0,0,0,0,2
09,007,130,Lower Connecticut River Valley Planning Region,47080,Middlefield town,FEMALE,70--74,15,126,125,1,0,0,0,0,0
09,007,130,Lower Connecticut River Valley Planning Region,47080,Middlefield town,FEMALE,75--79,16,100,93,2,0,1,0,2,2
09,007,130,Lower Connecticut River Valley Planning Region,47080,Middlefield town,FEMALE,80--84,17,55,52,0,0,2,0,1,0
09,007,130,Lower Connecticut River Valley Planning Region,47080,Middlefield town,FEMALE,85+,18,72,71,0,0,0,0,1,0
09,007,130,Lower Connecticut River Valley Planning Region,47360,Middletown town,MALE,00--04,1,1019,457,146,4,60,3,118,231
09,007,130,Lower Connecticut River Valley Planning Region,47360,Middletown town,MALE,05--09,2,1015,465,168,5,62,0,98,217
09,007,130,Lower Connecticut River Valley Planning Region,47360,Middletown town,MALE,10--14,3,1030,474,200,1,49,1,82,223
09,007,130,Lower Connecticut River Valley Planning Region,47360,Middletown town,MALE,15--19,4,1537,808,247,5,112,0,104,261
09,007,130,Lower Connecticut River Valley Planning Region,47360,Middletown town,MALE,20--24,5,2202,1337,248,0,203,0,103,311
09,007,130,Lower Connecticut River Valley Planning Region,47360,Middletown town,MALE,25--29,6,2050,1344,238,1,87,0,89,291
09,007,130,Lower Connecticut River Valley Planning Region,47360,Middletown town,MALE,30--34,7,1797,1169,206,0,142,0,57,223
09,007,130,Lower Connecticut River Valley Planning Region,47360,Middletown town,MALE,35--39,8,1588,1029,211,2,113,1,43,189
09,007,130,Lower Connecticut River Valley Planning Region,47360,Middletown town,MALE,40--44,9,1315,811,205,1,84,0,55,159
09,007,130,Lower Connecticut River Valley Planning Region,47360,Middletown town,MALE,45--49,10,1177,785,178,1,64,0,29,120
09,007,130,Lower Connecticut River Valley Planning Region,47360,Middletown town,MALE,50--54,11,1476,1017,208,1,61,0,35,154
09,007,130,Lower Connecticut River Valley Planning Region,47360,Middletown town,MALE,55--59,12,1621,1205,210,3,47,0,47,109
09,007,130,Lower Connecticut River Valley Planning Region,47360,Middletown town,MALE,60--64,13,1574,1194,200,9,60,2,29,80
09,007,130,Lower Connecticut River Valley Planning Region,47360,Middletown town,MALE,65--69,14,1246,1011,159,2,27,0,16,31
09,007,130,Lower Connecticut River Valley Planning Region,47360,Middletown town,MALE,70--74,15,842,675,92,4,11,0,13,47
09,007,130,Lower Connecticut River Valley Planning Region,47360,Middletown town,MALE,75--79,16,585,491,60,0,13,0,2,19
09,007,130,Lower Connecticut River Valley Planning Region,47360,Middletown town,MALE,80--84,17,372,309,35,2,13,0,3,10
09,007,130,Lower Connecticut River Valley Planning Region,47360,Middletown town,MALE,85+,18,339,310,20,0,1,0,2,6
09,007,130,Lower Connecticut River Valley Planning Region,47360,Middletown town,FEMALE,00--04,1,927,433,140,3,56,0,110,185
09,007,130,Lower Connecticut River Valley Planning Region,47360,Middletown town,FEMALE,05--09,2,986,430,172,0,49,0,126,209
09,007,130,Lower Connecticut River Valley Planning Region,47360,Middletown town,FEMALE,10--14,3,1029,482,175,2,55,0,93,222
09,007,130,Lower Connecticut River Valley Planning Region,47360,Middletown town,FEMALE,15--19,4,1681,855,203,0,166,0,165,292
09,007,130,Lower Connecticut River Valley Planning Region,47360,Middletown town,FEMALE,20--24,5,2322,1354,264,1,224,0,107,372
09,007,130,Lower Connecticut River Valley Planning Region,47360,Middletown town,FEMALE,25--29,6,1986,1232,254,3,116,0,99,282
09,007,130,Lower Connecticut River Valley Planning Region,47360,Middletown town,FEMALE,30--34,7,1827,1123,283,0,110,0,86,225
09,007,130,Lower Connecticut River Valley Planning Region,47360,Middletown town,FEMALE,35--39,8,1652,983,250,5,133,1,48,232
09,007,130,Lower Connecticut River Valley Planning Region,47360,Middletown town,FEMALE,40--44,9,1281,748,215,3,87,0,49,179
09,007,130,Lower Connecticut River Valley Planning Region,47360,Middletown town,FEMALE,45--49,10,1314,845,193,6,85,0,39,146
09,007,130,Lower Connecticut River Valley Planning Region,47360,Middletown town,FEMALE,50--54,11,1565,1053,252,0,78,4,41,137
09,007,130,Lower Connecticut River Valley Planning Region,47360,Middletown town,FEMALE,55--59,12,1670,1217,228,4,71,0,31,119
09,007,130,Lower Connecticut River Valley Planning Region,47360,Middletown town,FEMALE,60--64,13,1630,1242,202,6,52,0,30,98
09,007,130,Lower Connecticut River Valley Planning Region,47360,Middletown town,FEMALE,65--69,14,1295,1017,135,5,43,1,16,78
09,007,130,Lower Connecticut River Valley Planning Region,47360,Middletown town,FEMALE,70--74,15,1098,847,161,3,26,0,13,48
09,007,130,Lower Connecticut River Valley Planning Region,47360,Middletown town,FEMALE,75--79,16,795,667,84,2,14,0,5,23
09,007,130,Lower Connecticut River Valley Planning Region,47360,Middletown town,FEMALE,80--84,17,514,430,49,0,18,0,3,14
09,007,130,Lower Connecticut River Valley Planning Region,47360,Middletown town,FEMALE,85+,18,742,679,35,0,8,0,6,14
09,007,130,Lower Connecticut River Valley Planning Region,57320,Old Saybrook town,MALE,00--04,1,144,111,1,0,1,0,11,20
09,007,130,Lower Connecticut River Valley Planning Region,57320,Old Saybrook town,MALE,05--09,2,184,157,0,0,5,0,7,15
09,007,130,Lower Connecticut River Valley Planning Region,57320,Old Saybrook town,MALE,10--14,3,245,202,1,0,8,0,9,25
09,007,130,Lower Connecticut River Valley Planning Region,57320,Old Saybrook town,MALE,15--19,4,302,244,2,0,11,0,8,37
09,007,130,Lower Connecticut River Valley Planning Region,57320,Old Saybrook town,MALE,20--24,5,243,202,4,0,12,0,9,16
09,007,130,Lower Connecticut River Valley Planning Region,57320,Old Saybrook town,MALE,25--29,6,188,163,4,0,9,0,2,10
09,007,130,Lower Connecticut River Valley Planning Region,57320,Old Saybrook town,MALE,30--34,7,208,166,3,0,5,1,7,26
09,007,130,Lower Connecticut River Valley Planning Region,57320,Old Saybrook town,MALE,35--39,8,213,174,2,0,3,0,10,24
09,007,130,Lower Connecticut River Valley Planning Region,57320,Old Saybrook town,MALE,40--44,9,249,217,1,0,8,0,4,19
09,007,130,Lower Connecticut River Valley Planning Region,57320,Old Saybrook town,MALE,45--49,10,270,230,5,2,10,0,3,20
09,007,130,Lower Connecticut River Valley Planning Region,57320,Old Saybrook town,MALE,50--54,11,348,316,6,0,6,1,2,17
09,007,130,Lower Connecticut River Valley Planning Region,57320,Old Saybrook town,MALE,55--59,12,449,415,4,2,14,0,4,10
09,007,130,Lower Connecticut River Valley Planning Region,57320,Old Saybrook town,MALE,60--64,13,492,470,4,0,9,0,2,7
09,007,130,Lower Connecticut River Valley Planning Region,57320,Old Saybrook town,MALE,65--69,14,487,468,3,0,2,0,2,12
09,007,130,Lower Connecticut River Valley Planning Region,57320,Old Saybrook town,MALE,70--74,15,396,376,3,3,5,0,2,7
09,007,130,Lower Connecticut River Valley Planning Region,57320,Old Saybrook town,MALE,75--79,16,284,275,0,2,0,0,0,7
09,007,130,Lower Connecticut River Valley Planning Region,57320,Old Saybrook town,MALE,80--84,17,168,161,0,0,1,0,4,2
09,007,130,Lower Connecticut River Valley Planning Region,57320,Old Saybrook town,MALE,85+,18,171,159,3,0,1,0,0,8
09,007,130,Lower Connecticut River Valley Planning Region,57320,Old Saybrook town,FEMALE,00--04,1,126,94,1,0,5,0,3,23
09,007,130,Lower Connecticut River Valley Planning Region,57320,Old Saybrook town,FEMALE,05--09,2,163,127,0,0,5,0,7,24
09,007,130,Lower Connecticut River Valley Planning Region,57320,Old Saybrook town,FEMALE,10--14,3,232,191,0,0,4,0,11,26
09,007,130,Lower Connecticut River Valley Planning Region,57320,Old Saybrook town,FEMALE,15--19,4,272,225,3,1,9,0,9,25
09,007,130,Lower Connecticut River Valley Planning Region,57320,Old Saybrook town,FEMALE,20--24,5,239,196,4,0,10,0,17,12
09,007,130,Lower Connecticut River Valley Planning Region,57320,Old Saybrook town,FEMALE,25--29,6,201,167,8,0,6,0,5,15
09,007,130,Lower Connecticut River Valley Planning Region,57320,Old Saybrook town,FEMALE,30--34,7,236,195,1,0,11,1,4,24
09,007,130,Lower Connecticut River Valley Planning Region,57320,Old Saybrook town,FEMALE,35--39,8,240,203,2,0,14,0,4,17
09,007,130,Lower Connecticut River Valley Planning Region,57320,Old Saybrook town,FEMALE,40--44,9,201,173,3,0,8,0,2,15
09,007,130,Lower Connecticut River Valley Planning Region,57320,Old Saybrook town,FEMALE,45--49,10,254,216,1,0,19,0,4,14
09,007,130,Lower Connecticut River Valley Planning Region,57320,Old Saybrook town,FEMALE,50--54,11,411,363,5,0,19,1,10,13
09,007,130,Lower Connecticut River Valley Planning Region,57320,Old Saybrook town,FEMALE,55--59,12,561,523,1,1,14,0,3,19
09,007,130,Lower Connecticut River Valley Planning Region,57320,Old Saybrook town,FEMALE,60--64,13,551,521,6,0,9,0,3,12
09,007,130,Lower Connecticut River Valley Planning Region,57320,Old Saybrook town,FEMALE,65--69,14,491,475,1,0,6,0,5,4
09,007,130,Lower Connecticut River Valley Planning Region,57320,Old Saybrook town,FEMALE,70--74,15,470,453,7,0,2,0,2,6
09,007,130,Lower Connecticut River Valley Planning Region,57320,Old Saybrook town,FEMALE,75--79,16,360,352,1,0,1,0,1,5
09,007,130,Lower Connecticut River Valley Planning Region,57320,Old Saybrook town,FEMALE,80--84,17,238,229,1,0,3,0,2,3
09,007,130,Lower Connecticut River Valley Planning Region,57320,Old Saybrook town,FEMALE,85+,18,278,270,1,0,2,0,2,3
09,007,130,Lower Connecticut River Valley Planning Region,61800,Portland town,MALE,00--04,1,220,165,7,0,2,0,12,34
09,007,130,Lower Connecticut River Valley Planning Region,61800,Portland town,MALE,05--09,2,262,183,8,0,8,0,20,43
09,007,130,Lower Connecticut River Valley Planning Region,61800,Portland town,MALE,10--14,3,265,201,13,0,13,0,15,23
09,007,130,Lower Connecticut River Valley Planning Region,61800,Portland town,MALE,15--19,4,265,216,10,0,3,0,16,20
09,007,130,Lower Connecticut River Valley Planning Region,61800,Portland town,MALE,20--24,5,218,188,7,0,3,0,7,13
09,007,130,Lower Connecticut River Valley Planning Region,61800,Portland town,MALE,25--29,6,254,215,5,0,0,0,23,11
09,007,130,Lower Connecticut River Valley Planning Region,61800,Portland town,MALE,30--34,7,305,274,4,0,11,0,5,11
09,007,130,Lower Connecticut River Valley Planning Region,61800,Portland town,MALE,35--39,8,307,263,15,0,2,0,1,26
09,007,130,Lower Connecticut River Valley Planning Region,61800,Portland town,MALE,40--44,9,297,249,9,1,6,0,11,21
09,007,130,Lower Connecticut River Valley Planning Region,61800,Portland town,MALE,45--49,10,300,254,12,0,6,0,10,18
09,007,130,Lower Connecticut River Valley Planning Region,61800,Portland town,MALE,50--54,11,380,353,6,1,1,0,5,14
09,007,130,Lower Connecticut River Valley Planning Region,61800,Portland town,MALE,55--59,12,350,326,7,0,1,0,7,9
09,007,130,Lower Connecticut River Valley Planning Region,61800,Portland town,MALE,60--64,13,348,321,4,0,2,0,9,12
09,007,130,Lower Connecticut River Valley Planning Region,61800,Portland town,MALE,65--69,14,283,255,6,0,0,0,4,18
09,007,130,Lower Connecticut River Valley Planning Region,61800,Portland town,MALE,70--74,15,245,235,2,0,2,0,0,6
09,007,130,Lower Connecticut River Valley Planning Region,61800,Portland town,MALE,75--79,16,153,150,0,0,1,0,1,1
09,007,130,Lower Connecticut River Valley Planning Region,61800,Portland town,MALE,80--84,17,100,95,2,0,0,0,0,3
09,007,130,Lower Connecticut River Valley Planning Region,61800,Portland town,MALE,85+,18,75,67,5,0,1,0,0,2
09,007,130,Lower Connecticut River Valley Planning Region,61800,Portland town,FEMALE,00--04,1,234,191,6,0,4,0,9,24
09,007,130,Lower Connecticut River Valley Planning Region,61800,Portland town,FEMALE,05--09,2,255,177,5,0,4,0,24,45
09,007,130,Lower Connecticut River Valley Planning Region,61800,Portland town,FEMALE,10--14,3,232,185,3,0,0,0,22,22
09,007,130,Lower Connecticut River Valley Planning Region,61800,Portland town,FEMALE,15--19,4,273,218,2,0,1,0,13,39
09,007,130,Lower Connecticut River Valley Planning Region,61800,Portland town,FEMALE,20--24,5,207,165,6,2,10,0,6,18
09,007,130,Lower Connecticut River Valley Planning Region,61800,Portland town,FEMALE,25--29,6,225,196,6,0,4,0,8,11
09,007,130,Lower Connecticut River Valley Planning Region,61800,Portland town,FEMALE,30--34,7,320,276,6,0,7,0,16,15
09,007,130,Lower Connecticut River Valley Planning Region,61800,Portland town,FEMALE,35--39,8,337,289,7,0,7,0,9,25
09,007,130,Lower Connecticut River Valley Planning Region,61800,Portland town,FEMALE,40--44,9,275,227,8,0,11,0,10,19
09,007,130,Lower Connecticut River Valley Planning Region,61800,Portland town,FEMALE,45--49,10,296,266,6,0,6,0,6,12
09,007,130,Lower Connecticut River Valley Planning Region,61800,Portland town,FEMALE,50--54,11,372,342,2,1,3,0,5,19
09,007,130,Lower Connecticut River Valley Planning Region,61800,Portland town,FEMALE,55--59,12,367,337,8,2,0,0,3,17
09,007,130,Lower Connecticut River Valley Planning Region,61800,Portland town,FEMALE,60--64,13,367,337,4,0,2,0,11,13
09,007,130,Lower Connecticut River Valley Planning Region,61800,Portland town,FEMALE,65--69,14,330,321,1,1,3,1,0,3
09,007,130,Lower Connecticut River Valley Planning Region,61800,Portland town,FEMALE,70--74,15,272,250,7,0,4,0,6,5
09,007,130,Lower Connecticut River Valley Planning Region,61800,Portland town,FEMALE,75--79,16,185,175,6,0,1,0,1,2
09,007,130,Lower Connecticut River Valley Planning Region,61800,Portland town,FEMALE,80--84,17,133,127,1,0,1,0,0,4
09,007,130,Lower Connecticut River Valley Planning Region,61800,Portland town,FEMALE,85+,18,157,147,2,0,4,0,1,3
09,007,130,Lower Connecticut River Valley Planning Region,81680,Westbrook town,MALE,00--04,1,119,68,5,1,3,0,6,36
09,007,130,Lower Connecticut River Valley Planning Region,81680,Westbrook town,MALE,05--09,2,104,75,7,0,3,0,2,17
09,007,130,Lower Connecticut River Valley Planning Region,81680,Westbrook town,MALE,10--14,3,135,92,1,0,2,0,8,32
09,007,130,Lower Connecticut River Valley Planning Region,81680,Westbrook town,MALE,15--19,4,178,146,4,1,4,0,7,16
09,007,130,Lower Connecticut River Valley Planning Region,81680,Westbrook town,MALE,20--24,5,168,137,4,0,2,0,4,21
09,007,130,Lower Connecticut River Valley Planning Region,81680,Westbrook town,MALE,25--29,6,183,153,4,0,2,0,3,21
09,007,130,Lower Connecticut River Valley Planning Region,81680,Westbrook town,MALE,30--34,7,168,131,13,0,4,0,3,17
09,007,130,Lower Connecticut River Valley Planning Region,81680,Westbrook town,MALE,35--39,8,173,138,5,0,2,0,4,24
09,007,130,Lower Connecticut River Valley Planning Region,81680,Westbrook town,MALE,40--44,9,152,124,10,1,0,0,1,16
09,007,130,Lower Connecticut River Valley Planning Region,81680,Westbrook town,MALE,45--49,10,210,170,8,2,7,0,6,17
09,007,130,Lower Connecticut River Valley Planning Region,81680,Westbrook town,MALE,50--54,11,245,215,7,0,1,0,3,19
09,007,130,Lower Connecticut River Valley Planning Region,81680,Westbrook town,MALE,55--59,12,322,286,9,1,3,0,1,22
09,007,130,Lower Connecticut River Valley Planning Region,81680,Westbrook town,MALE,60--64,13,307,286,2,0,7,0,0,12
09,007,130,Lower Connecticut River Valley Planning Region,81680,Westbrook town,MALE,65--69,14,280,260,13,1,0,0,3,3
09,007,130,Lower Connecticut River Valley Planning Region,81680,Westbrook town,MALE,70--74,15,228,218,0,0,4,0,1,5
09,007,130,Lower Connecticut River Valley Planning Region,81680,Westbrook town,MALE,75--79,16,182,173,0,0,4,0,1,4
09,007,130,Lower Connecticut River Valley Planning Region,81680,Westbrook town,MALE,80--84,17,98,95,0,0,0,0,0,3
09,007,130,Lower Connecticut River Valley Planning Region,81680,Westbrook town,MALE,85+,18,66,64,0,0,0,0,1,1
09,007,130,Lower Connecticut River Valley Planning Region,81680,Westbrook town,FEMALE,00--04,1,88,60,4,0,3,0,5,16
09,007,130,Lower Connecticut River Valley Planning Region,81680,Westbrook town,FEMALE,05--09,2,119,91,5,0,0,0,1,22
09,007,130,Lower Connecticut River Valley Planning Region,81680,Westbrook town,FEMALE,10--14,3,134,92,4,1,1,0,10,26
09,007,130,Lower Connecticut River Valley Planning Region,81680,Westbrook town,FEMALE,15--19,4,169,122,0,0,4,0,8,35
09,007,130,Lower Connecticut River Valley Planning Region,81680,Westbrook town,FEMALE,20--24,5,167,147,11,0,2,0,1,6
09,007,130,Lower Connecticut River Valley Planning Region,81680,Westbrook town,FEMALE,25--29,6,174,143,0,0,4,0,5,22
09,007,130,Lower Connecticut River Valley Planning Region,81680,Westbrook town,FEMALE,30--34,7,152,125,0,0,1,0,5,21
09,007,130,Lower Connecticut River Valley Planning Region,81680,Westbrook town,FEMALE,35--39,8,159,138,1,0,0,0,4,16
09,007,130,Lower Connecticut River Valley Planning Region,81680,Westbrook town,FEMALE,40--44,9,153,121,2,0,6,0,6,18
09,007,130,Lower Connecticut River Valley Planning Region,81680,Westbrook town,FEMALE,45--49,10,200,171,6,1,8,0,3,11
09,007,130,Lower Connecticut River Valley Planning Region,81680,Westbrook town,FEMALE,50--54,11,256,216,8,0,4,0,6,22
09,007,130,Lower Connecticut River Valley Planning Region,81680,Westbrook town,FEMALE,55--59,12,297,280,0,0,1,0,4,12
09,007,130,Lower Connecticut River Valley Planning Region,81680,Westbrook town,FEMALE,60--64,13,328,297,2,4,6,0,5,14
09,007,130,Lower Connecticut River Valley Planning Region,81680,Westbrook town,FEMALE,65--69,14,299,283,2,0,5,0,1,8
09,007,130,Lower Connecticut River Valley Planning Region,81680,Westbrook town,FEMALE,70--74,15,316,302,2,0,0,0,8,4
09,007,130,Lower Connecticut River Valley Planning Region,81680,Westbrook town,FEMALE,75--79,16,222,210,1,0,2,0,1,8
09,007,130,Lower Connecticut River Valley Planning Region,81680,Westbrook town,FEMALE,80--84,17,133,133,0,0,0,0,0,0
09,007,130,Lower Connecticut River Valley Planning Region,81680,Westbrook town,FEMALE,85+,18,125,121,0,0,0,0,0,4
09,009,140,Naugatuck Valley Planning Region,01220,Ansonia town,MALE,00--04,1,512,183,96,0,5,0,19,209
09,009,140,Naugatuck Valley Planning Region,01220,Ansonia town,MALE,05--09,2,550,199,86,1,10,0,27,227
09,009,140,Naugatuck Valley Planning Region,01220,Ansonia town,MALE,10--14,3,600,222,116,2,10,0,33,217
09,009,140,Naugatuck Valley Planning Region,01220,Ansonia town,MALE,15--19,4,618,260,125,1,19,1,33,179
09,009,140,Naugatuck Valley Planning Region,01220,Ansonia town,MALE,20--24,5,588,286,86,1,9,0,24,182
09,009,140,Naugatuck Valley Planning Region,01220,Ansonia town,MALE,25--29,6,597,334,98,1,3,0,19,142
09,009,140,Naugatuck Valley Planning Region,01220,Ansonia town,MALE,30--34,7,693,382,87,0,8,0,22,194
09,009,140,Naugatuck Valley Planning Region,01220,Ansonia town,MALE,35--39,8,642,349,81,0,9,0,15,188
09,009,140,Naugatuck Valley Planning Region,01220,Ansonia town,MALE,40--44,9,568,323,103,0,8,0,8,126
09,009,140,Naugatuck Valley Planning Region,01220,Ansonia town,MALE,45--49,10,478,281,70,0,17,0,7,103
09,009,140,Naugatuck Valley Planning Region,01220,Ansonia town,MALE,50--54,11,639,410,83,0,13,0,12,121
09,009,140,Naugatuck Valley Planning Region,01220,Ansonia town,MALE,55--59,12,714,495,84,3,14,0,5,113
09,009,140,Naugatuck Valley Planning Region,01220,Ansonia town,MALE,60--64,13,670,531,43,2,5,0,7,82
09,009,140,Naugatuck Valley Planning Region,01220,Ansonia town,MALE,65--69,14,458,369,29,0,7,0,10,43
09,009,140,Naugatuck Valley Planning Region,01220,Ansonia town,MALE,70--74,15,351,297,25,0,3,0,2,24
09,009,140,Naugatuck Valley Planning Region,01220,Ansonia town,MALE,75--79,16,244,205,17,0,5,0,1,16
09,009,140,Naugatuck Valley Planning Region,01220,Ansonia town,MALE,80--84,17,132,108,18,0,0,0,1,5
09,009,140,Naugatuck Valley Planning Region,01220,Ansonia town,MALE,85+,18,104,97,1,0,0,0,0,6
09,009,140,Naugatuck Valley Planning Region,01220,Ansonia town,FEMALE,00--04,1,494,172,92,1,19,0,27,183
09,009,140,Naugatuck Valley Planning Region,01220,Ansonia town,FEMALE,05--09,2,524,165,103,0,20,0,33,203
09,009,140,Naugatuck Valley Planning Region,01220,Ansonia town,FEMALE,10--14,3,519,179,87,0,10,0,31,212
09,009,140,Naugatuck Valley Planning Region,01220,Ansonia town,FEMALE,15--19,4,585,240,90,1,22,0,42,190
09,009,140,Naugatuck Valley Planning Region,01220,Ansonia town,FEMALE,20--24,5,491,250,67,1,7,0,20,146
09,009,140,Naugatuck Valley Planning Region,01220,Ansonia town,FEMALE,25--29,6,662,344,101,0,4,0,32,181
09,009,140,Naugatuck Valley Planning Region,01220,Ansonia town,FEMALE,30--34,7,691,361,98,0,26,0,19,187
09,009,140,Naugatuck Valley Planning Region,01220,Ansonia town,FEMALE,35--39,8,701,350,94,4,29,0,17,207
09,009,140,Naugatuck Valley Planning Region,01220,Ansonia town,FEMALE,40--44,9,643,340,88,1,20,0,20,174
09,009,140,Naugatuck Valley Planning Region,01220,Ansonia town,FEMALE,45--49,10,561,317,88,1,13,0,26,116
09,009,140,Naugatuck Valley Planning Region,01220,Ansonia town,FEMALE,50--54,11,718,441,81,3,22,0,21,150
09,009,140,Naugatuck Valley Planning Region,01220,Ansonia town,FEMALE,55--59,12,743,510,82,0,11,0,16,124
09,009,140,Naugatuck Valley Planning Region,01220,Ansonia town,FEMALE,60--64,13,713,539,78,2,14,0,8,72
09,009,140,Naugatuck Valley Planning Region,01220,Ansonia town,FEMALE,65--69,14,502,387,47,2,11,0,6,49
09,009,140,Naugatuck Valley Planning Region,01220,Ansonia town,FEMALE,70--74,15,411,329,29,0,5,0,5,43
09,009,140,Naugatuck Valley Planning Region,01220,Ansonia town,FEMALE,75--79,16,307,236,31,0,8,0,2,30
09,009,140,Naugatuck Valley Planning Region,01220,Ansonia town,FEMALE,80--84,17,180,148,15,0,5,0,3,9
09,009,140,Naugatuck Valley Planning Region,01220,Ansonia town,FEMALE,85+,18,212,179,12,0,4,0,1,16
09,009,140,Naugatuck Valley Planning Region,03250,Beacon Falls town,MALE,00--04,1,121,96,3,2,2,0,1,17
09,009,140,Naugatuck Valley Planning Region,03250,Beacon Falls town,MALE,05--09,2,121,97,5,0,1,0,4,14
09,009,140,Naugatuck Valley Planning Region,03250,Beacon Falls town,MALE,10--14,3,189,152,6,0,1,0,8,22
09,009,140,Naugatuck Valley Planning Region,03250,Beacon Falls town,MALE,15--19,4,192,153,6,0,4,0,5,24
09,009,140,Naugatuck Valley Planning Region,03250,Beacon Falls town,MALE,20--24,5,155,124,6,0,2,0,3,20
09,009,140,Naugatuck Valley Planning Region,03250,Beacon Falls town,MALE,25--29,6,176,159,2,0,3,0,0,12
09,009,140,Naugatuck Valley Planning Region,03250,Beacon Falls town,MALE,30--34,7,179,154,2,1,4,0,1,17
09,009,140,Naugatuck Valley Planning Region,03250,Beacon Falls town,MALE,35--39,8,204,185,5,1,1,0,2,10
09,009,140,Naugatuck Valley Planning Region,03250,Beacon Falls town,MALE,40--44,9,165,136,6,0,1,0,4,18
09,009,140,Naugatuck Valley Planning Region,03250,Beacon Falls town,MALE,45--49,10,187,163,8,0,1,0,4,11
09,009,140,Naugatuck Valley Planning Region,03250,Beacon Falls town,MALE,50--54,11,240,215,9,1,4,0,4,7
09,009,140,Naugatuck Valley Planning Region,03250,Beacon Falls town,MALE,55--59,12,230,207,5,0,4,0,5,9
09,009,140,Naugatuck Valley Planning Region,03250,Beacon Falls town,MALE,60--64,13,256,232,6,2,2,0,4,10
09,009,140,Naugatuck Valley Planning Region,03250,Beacon Falls town,MALE,65--69,14,203,194,4,0,0,0,0,5
09,009,140,Naugatuck Valley Planning Region,03250,Beacon Falls town,MALE,70--74,15,164,160,4,0,0,0,0,0
09,009,140,Naugatuck Valley Planning Region,03250,Beacon Falls town,MALE,75--79,16,120,116,0,0,0,0,3,1
09,009,140,Naugatuck Valley Planning Region,03250,Beacon Falls town,MALE,80--84,17,63,62,0,0,0,0,1,0
09,009,140,Naugatuck Valley Planning Region,03250,Beacon Falls town,MALE,85+,18,33,33,0,0,0,0,0,0
09,009,140,Naugatuck Valley Planning Region,03250,Beacon Falls town,FEMALE,00--04,1,128,99,4,1,3,0,4,17
09,009,140,Naugatuck Valley Planning Region,03250,Beacon Falls town,FEMALE,05--09,2,116,82,3,0,1,0,14,16
09,009,140,Naugatuck Valley Planning Region,03250,Beacon Falls town,FEMALE,10--14,3,160,121,3,0,4,0,9,23
09,009,140,Naugatuck Valley Planning Region,03250,Beacon Falls town,FEMALE,15--19,4,187,148,7,0,2,0,10,20
09,009,140,Naugatuck Valley Planning Region,03250,Beacon Falls town,FEMALE,20--24,5,143,111,0,0,6,0,1,25
09,009,140,Naugatuck Valley Planning Region,03250,Beacon Falls town,FEMALE,25--29,6,172,138,4,0,6,0,12,12
09,009,140,Naugatuck Valley Planning Region,03250,Beacon Falls town,FEMALE,30--34,7,185,153,4,1,7,0,2,18
09,009,140,Naugatuck Valley Planning Region,03250,Beacon Falls town,FEMALE,35--39,8,162,132,4,0,3,0,3,20
09,009,140,Naugatuck Valley Planning Region,03250,Beacon Falls town,FEMALE,40--44,9,170,154,3,0,1,0,4,8
09,009,140,Naugatuck Valley Planning Region,03250,Beacon Falls town,FEMALE,45--49,10,200,174,6,0,4,0,7,9
09,009,140,Naugatuck Valley Planning Region,03250,Beacon Falls town,FEMALE,50--54,11,237,208,7,0,7,0,1,14
09,009,140,Naugatuck Valley Planning Region,03250,Beacon Falls town,FEMALE,55--59,12,252,235,3,0,0,0,3,11
09,009,140,Naugatuck Valley Planning Region,03250,Beacon Falls town,FEMALE,60--64,13,251,241,2,0,3,0,0,5
09,009,140,Naugatuck Valley Planning Region,03250,Beacon Falls town,FEMALE,65--69,14,216,203,4,0,5,0,2,2
09,009,140,Naugatuck Valley Planning Region,03250,Beacon Falls town,FEMALE,70--74,15,207,193,6,0,1,0,1,6
09,009,140,Naugatuck Valley Planning Region,03250,Beacon Falls town,FEMALE,75--79,16,138,134,2,0,0,0,0,2
09,009,140,Naugatuck Valley Planning Region,03250,Beacon Falls town,FEMALE,80--84,17,50,46,0,0,0,0,0,4
09,009,140,Naugatuck Valley Planning Region,03250,Beacon Falls town,FEMALE,85+,18,62,54,1,0,1,0,1,5
09,009,170,South Central Connecticut Planning Region,04580,Bethany town,MALE,00--04,1,127,100,9,0,10,0,4,4
09,009,170,South Central Connecticut Planning Region,04580,Bethany town,MALE,05--09,2,122,99,1,0,3,0,4,15
09,009,170,South Central Connecticut Planning Region,04580,Bethany town,MALE,10--14,3,143,121,3,0,6,0,5,8
09,009,170,South Central Connecticut Planning Region,04580,Bethany town,MALE,15--19,4,183,158,1,0,9,0,10,5
09,009,170,South Central Connecticut Planning Region,04580,Bethany town,MALE,20--24,5,146,134,4,0,4,0,2,2
09,009,170,South Central Connecticut Planning Region,04580,Bethany town,MALE,25--29,6,115,94,7,0,5,0,2,7
09,009,170,South Central Connecticut Planning Region,04580,Bethany town,MALE,30--34,7,132,119,1,0,3,0,5,4
09,009,170,South Central Connecticut Planning Region,04580,Bethany town,MALE,35--39,8,149,137,2,0,6,0,1,3
09,009,170,South Central Connecticut Planning Region,04580,Bethany town,MALE,40--44,9,143,132,1,0,2,0,1,7
09,009,170,South Central Connecticut Planning Region,04580,Bethany town,MALE,45--49,10,157,123,5,0,21,0,1,7
09,009,170,South Central Connecticut Planning Region,04580,Bethany town,MALE,50--54,11,208,182,5,0,13,0,3,5
09,009,170,South Central Connecticut Planning Region,04580,Bethany town,MALE,55--59,12,240,217,3,0,10,0,8,2
09,009,170,South Central Connecticut Planning Region,04580,Bethany town,MALE,60--64,13,278,237,8,1,13,0,4,15
09,009,170,South Central Connecticut Planning Region,04580,Bethany town,MALE,65--69,14,183,170,1,0,6,0,2,4
09,009,170,South Central Connecticut Planning Region,04580,Bethany town,MALE,70--74,15,139,132,4,0,1,0,2,0
09,009,170,South Central Connecticut Planning Region,04580,Bethany town,MALE,75--79,16,104,101,0,0,2,0,0,1
09,009,170,South Central Connecticut Planning Region,04580,Bethany town,MALE,80--84,17,51,48,0,1,1,0,0,1
09,009,170,South Central Connecticut Planning Region,04580,Bethany town,MALE,85+,18,38,32,0,0,4,0,2,0
09,009,170,South Central Connecticut Planning Region,04580,Bethany town,FEMALE,00--04,1,113,92,0,0,3,0,11,7
09,009,170,South Central Connecticut Planning Region,04580,Bethany town,FEMALE,05--09,2,140,119,1,1,4,0,9,6
09,009,170,South Central Connecticut Planning Region,04580,Bethany town,FEMALE,10--14,3,148,118,3,0,17,0,4,6
09,009,170,South Central Connecticut Planning Region,04580,Bethany town,FEMALE,15--19,4,160,123,4,0,12,0,11,10
09,009,170,South Central Connecticut Planning Region,04580,Bethany town,FEMALE,20--24,5,128,108,2,0,4,0,5,9
09,009,170,South Central Connecticut Planning Region,04580,Bethany town,FEMALE,25--29,6,94,80,2,0,6,1,2,3
09,009,170,South Central Connecticut Planning Region,04580,Bethany town,FEMALE,30--34,7,135,119,3,0,3,0,2,8
09,009,170,South Central Connecticut Planning Region,04580,Bethany town,FEMALE,35--39,8,119,106,5,0,2,0,2,4
09,009,170,South Central Connecticut Planning Region,04580,Bethany town,FEMALE,40--44,9,177,149,3,0,12,0,9,4
09,009,170,South Central Connecticut Planning Region,04580,Bethany town,FEMALE,45--49,10,158,124,8,0,13,0,3,10
09,009,170,South Central Connecticut Planning Region,04580,Bethany town,FEMALE,50--54,11,226,191,5,0,24,0,2,4
09,009,170,South Central Connecticut Planning Region,04580,Bethany town,FEMALE,55--59,12,227,204,2,0,13,0,4,4
09,009,170,South Central Connecticut Planning Region,04580,Bethany town,FEMALE,60--64,13,234,215,3,0,10,0,3,3
09,009,170,South Central Connecticut Planning Region,04580,Bethany town,FEMALE,65--69,14,211,201,5,0,1,0,0,4
09,009,170,South Central Connecticut Planning Region,04580,Bethany town,FEMALE,70--74,15,136,127,4,0,1,0,2,2
09,009,170,South Central Connecticut Planning Region,04580,Bethany town,FEMALE,75--79,16,112,106,1,0,2,0,0,3
09,009,170,South Central Connecticut Planning Region,04580,Bethany town,FEMALE,80--84,17,52,44,4,0,2,0,0,2
09,009,170,South Central Connecticut Planning Region,04580,Bethany town,FEMALE,85+,18,60,54,2,0,0,0,2,2
09,009,170,South Central Connecticut Planning Region,07310,Branford town,MALE,00--04,1,529,385,16,0,43,0,20,65
09,009,170,South Central Connecticut Planning Region,07310,Branford town,MALE,05--09,2,552,396,11,0,33,0,30,82
09,009,170,South Central Connecticut Planning Region,07310,Branford town,MALE,10--14,3,598,431,21,0,42,0,36,68
09,009,170,South Central Connecticut Planning Region,07310,Branford town,MALE,15--19,4,636,482,20,1,27,0,29,77
09,009,170,South Central Connecticut Planning Region,07310,Branford town,MALE,20--24,5,692,531,21,0,37,0,28,75
09,009,170,South Central Connecticut Planning Region,07310,Branford town,MALE,25--29,6,793,626,22,8,41,1,25,70
09,009,170,South Central Connecticut Planning Region,07310,Branford town,MALE,30--34,7,809,656,27,0,59,0,23,44
09,009,170,South Central Connecticut Planning Region,07310,Branford town,MALE,35--39,8,838,653,35,0,55,2,11,82
09,009,170,South Central Connecticut Planning Region,07310,Branford town,MALE,40--44,9,715,552,27,0,51,0,16,69
09,009,170,South Central Connecticut Planning Region,07310,Branford town,MALE,45--49,10,681,547,19,1,41,0,12,61
09,009,170,South Central Connecticut Planning Region,07310,Branford town,MALE,50--54,11,917,787,27,0,43,2,6,52
09,009,170,South Central Connecticut Planning Region,07310,Branford town,MALE,55--59,12,1096,973,19,0,46,0,7,51
09,009,170,South Central Connecticut Planning Region,07310,Branford town,MALE,60--64,13,1278,1175,12,0,34,0,18,39
09,009,170,South Central Connecticut Planning Region,07310,Branford town,MALE,65--69,14,1086,1011,10,0,27,0,1,37
09,009,170,South Central Connecticut Planning Region,07310,Branford town,MALE,70--74,15,838,807,9,2,8,0,6,6
09,009,170,South Central Connecticut Planning Region,07310,Branford town,MALE,75--79,16,588,554,4,2,13,0,5,10
09,009,170,South Central Connecticut Planning Region,07310,Branford town,MALE,80--84,17,335,318,3,0,8,0,3,3
09,009,170,South Central Connecticut Planning Region,07310,Branford town,MALE,85+,18,318,296,5,0,3,0,3,11
09,009,170,South Central Connecticut Planning Region,07310,Branford town,FEMALE,00--04,1,485,320,19,1,36,0,35,74
09,009,170,South Central Connecticut Planning Region,07310,Branford town,FEMALE,05--09,2,517,324,21,0,32,0,45,95
09,009,170,South Central Connecticut Planning Region,07310,Branford town,FEMALE,10--14,3,563,405,19,4,33,0,36,66
09,009,170,South Central Connecticut Planning Region,07310,Branford town,FEMALE,15--19,4,619,482,13,1,37,2,11,73
09,009,170,South Central Connecticut Planning Region,07310,Branford town,FEMALE,20--24,5,681,533,25,0,41,0,18,64
09,009,170,South Central Connecticut Planning Region,07310,Branford town,FEMALE,25--29,6,782,605,28,1,58,3,29,58
09,009,170,South Central Connecticut Planning Region,07310,Branford town,FEMALE,30--34,7,914,702,45,2,70,0,18,77
09,009,170,South Central Connecticut Planning Region,07310,Branford town,FEMALE,35--39,8,848,655,25,0,55,0,33,80
09,009,170,South Central Connecticut Planning Region,07310,Branford town,FEMALE,40--44,9,706,530,16,1,63,0,20,76
09,009,170,South Central Connecticut Planning Region,07310,Branford town,FEMALE,45--49,10,773,610,32,0,60,0,15,56
09,009,170,South Central Connecticut Planning Region,07310,Branford town,FEMALE,50--54,11,1058,892,25,1,64,0,15,61
09,009,170,South Central Connecticut Planning Region,07310,Branford town,FEMALE,55--59,12,1274,1124,34,0,51,0,10,55
09,009,170,South Central Connecticut Planning Region,07310,Branford town,FEMALE,60--64,13,1449,1334,29,2,43,0,4,37
09,009,170,South Central Connecticut Planning Region,07310,Branford town,FEMALE,65--69,14,1244,1181,9,0,14,0,7,33
09,009,170,South Central Connecticut Planning Region,07310,Branford town,FEMALE,70--74,15,1091,1029,13,0,18,0,5,26
09,009,170,South Central Connecticut Planning Region,07310,Branford town,FEMALE,75--79,16,768,725,13,0,16,0,7,7
09,009,170,South Central Connecticut Planning Region,07310,Branford town,FEMALE,80--84,17,482,449,13,0,13,0,4,3
09,009,170,South Central Connecticut Planning Region,07310,Branford town,FEMALE,85+,18,623,590,10,0,7,0,3,13
09,009,140,Naugatuck Valley Planning Region,14160,Cheshire town,MALE,00--04,1,655,508,20,1,24,0,35,67
09,009,140,Naugatuck Valley Planning Region,14160,Cheshire town,MALE,05--09,2,792,592,23,0,68,0,51,58
09,009,140,Naugatuck Valley Planning Region,14160,Cheshire town,MALE,10--14,3,882,651,17,0,79,0,40,95
09,009,140,Naugatuck Valley Planning Region,14160,Cheshire town,MALE,15--19,4,1185,803,121,0,99,0,42,120
09,009,140,Naugatuck Valley Planning Region,14160,Cheshire town,MALE,20--24,5,984,661,141,5,38,0,16,123
09,009,140,Naugatuck Valley Planning Region,14160,Cheshire town,MALE,25--29,6,761,487,121,0,34,0,10,109
09,009,140,Naugatuck Valley Planning Region,14160,Cheshire town,MALE,30--34,7,776,560,84,3,25,0,11,93
09,009,140,Naugatuck Valley Planning Region,14160,Cheshire town,MALE,35--39,8,949,680,94,0,46,0,14,115
09,009,140,Naugatuck Valley Planning Region,14160,Cheshire town,MALE,40--44,9,923,657,91,0,76,0,15,84
09,009,140,Naugatuck Valley Planning Region,14160,Cheshire town,MALE,45--49,10,964,718,73,0,87,0,4,82
09,009,140,Naugatuck Valley Planning Region,14160,Cheshire town,MALE,50--54,11,1191,951,84,0,85,0,12,59
09,009,140,Naugatuck Valley Planning Region,14160,Cheshire town,MALE,55--59,12,1125,958,48,0,72,0,9,38
09,009,140,Naugatuck Valley Planning Region,14160,Cheshire town,MALE,60--64,13,976,845,33,0,52,0,15,31
09,009,140,Naugatuck Valley Planning Region,14160,Cheshire town,MALE,65--69,14,882,819,18,1,22,0,9,13
09,009,140,Naugatuck Valley Planning Region,14160,Cheshire town,MALE,70--74,15,731,680,6,1,28,0,3,13
09,009,140,Naugatuck Valley Planning Region,14160,Cheshire town,MALE,75--79,16,487,454,10,0,17,0,0,6
09,009,140,Naugatuck Valley Planning Region,14160,Cheshire town,MALE,80--84,17,266,245,3,0,8,0,0,10
09,009,140,Naugatuck Valley Planning Region,14160,Cheshire town,MALE,85+,18,246,234,2,0,6,0,2,2
09,009,140,Naugatuck Valley Planning Region,14160,Cheshire town,FEMALE,00--04,1,631,495,17,0,39,0,28,52
09,009,140,Naugatuck Valley Planning Region,14160,Cheshire town,FEMALE,05--09,2,691,518,19,0,54,0,28,72
09,009,140,Naugatuck Valley Planning Region,14160,Cheshire town,FEMALE,10--14,3,857,635,22,0,78,1,36,85
09,009,140,Naugatuck Valley Planning Region,14160,Cheshire town,FEMALE,15--19,4,971,712,34,0,97,0,42,86
09,009,140,Naugatuck Valley Planning Region,14160,Cheshire town,FEMALE,20--24,5,629,496,17,0,50,0,21,45
09,009,140,Naugatuck Valley Planning Region,14160,Cheshire town,FEMALE,25--29,6,490,413,10,1,24,1,11,30
09,009,140,Naugatuck Valley Planning Region,14160,Cheshire town,FEMALE,30--34,7,610,522,10,0,33,0,16,29
09,009,140,Naugatuck Valley Planning Region,14160,Cheshire town,FEMALE,35--39,8,808,635,24,2,73,0,14,60
09,009,140,Naugatuck Valley Planning Region,14160,Cheshire town,FEMALE,40--44,9,840,668,23,0,88,0,11,50
09,009,140,Naugatuck Valley Planning Region,14160,Cheshire town,FEMALE,45--49,10,917,748,26,0,88,0,20,35
09,009,140,Naugatuck Valley Planning Region,14160,Cheshire town,FEMALE,50--54,11,1105,930,22,0,105,0,9,39
09,009,140,Naugatuck Valley Planning Region,14160,Cheshire town,FEMALE,55--59,12,1100,972,15,1,65,0,17,30
09,009,140,Naugatuck Valley Planning Region,14160,Cheshire town,FEMALE,60--64,13,1025,944,3,0,35,0,12,31
09,009,140,Naugatuck Valley Planning Region,14160,Cheshire town,FEMALE,65--69,14,904,839,13,0,30,0,5,17
09,009,140,Naugatuck Valley Planning Region,14160,Cheshire town,FEMALE,70--74,15,819,782,10,0,19,0,4,4
09,009,140,Naugatuck Valley Planning Region,14160,Cheshire town,FEMALE,75--79,16,558,512,11,1,16,0,5,13
09,009,140,Naugatuck Valley Planning Region,14160,Cheshire town,FEMALE,80--84,17,373,343,4,0,10,0,5,11
09,009,140,Naugatuck Valley Planning Region,14160,Cheshire town,FEMALE,85+,18,526,496,3,0,13,0,5,9
09,009,140,Naugatuck Valley Planning Region,19550,Derby town,MALE,00--04,1,300,126,51,2,9,0,14,98
09,009,140,Naugatuck Valley Planning Region,19550,Derby town,MALE,05--09,2,282,95,77,0,3,0,12,95
09,009,140,Naugatuck Valley Planning Region,19550,Derby town,MALE,10--14,3,349,134,73,1,8,0,22,111
09,009,140,Naugatuck Valley Planning Region,19550,Derby town,MALE,15--19,4,365,154,61,0,20,0,11,119
09,009,140,Naugatuck Valley Planning Region,19550,Derby town,MALE,20--24,5,326,172,35,0,10,0,10,99
09,009,140,Naugatuck Valley Planning Region,19550,Derby town,MALE,25--29,6,435,250,62,0,10,1,9,103
09,009,140,Naugatuck Valley Planning Region,19550,Derby town,MALE,30--34,7,421,253,50,1,18,0,4,95
09,009,140,Naugatuck Valley Planning Region,19550,Derby town,MALE,35--39,8,412,237,57,1,16,0,8,93
09,009,140,Naugatuck Valley Planning Region,19550,Derby town,MALE,40--44,9,307,179,37,0,11,0,2,78
09,009,140,Naugatuck Valley Planning Region,19550,Derby town,MALE,45--49,10,332,204,36,0,19,0,4,69
09,009,140,Naugatuck Valley Planning Region,19550,Derby town,MALE,50--54,11,450,307,33,0,18,0,6,86
09,009,140,Naugatuck Valley Planning Region,19550,Derby town,MALE,55--59,12,463,364,30,1,6,1,3,58
09,009,140,Naugatuck Valley Planning Region,19550,Derby town,MALE,60--64,13,481,405,21,3,6,0,5,41
09,009,140,Naugatuck Valley Planning Region,19550,Derby town,MALE,65--69,14,364,299,25,0,8,0,2,30
09,009,140,Naugatuck Valley Planning Region,19550,Derby town,MALE,70--74,15,258,218,11,0,0,0,2,27
09,009,140,Naugatuck Valley Planning Region,19550,Derby town,MALE,75--79,16,174,159,5,1,0,0,3,6
09,009,140,Naugatuck Valley Planning Region,19550,Derby town,MALE,80--84,17,97,83,2,0,0,0,0,12
09,009,140,Naugatuck Valley Planning Region,19550,Derby town,MALE,85+,18,71,63,2,0,4,0,0,2
09,009,140,Naugatuck Valley Planning Region,19550,Derby town,FEMALE,00--04,1,325,142,41,2,5,1,32,102
09,009,140,Naugatuck Valley Planning Region,19550,Derby town,FEMALE,05--09,2,266,102,44,0,6,0,17,97
09,009,140,Naugatuck Valley Planning Region,19550,Derby town,FEMALE,10--14,3,331,134,66,2,5,0,14,110
09,009,140,Naugatuck Valley Planning Region,19550,Derby town,FEMALE,15--19,4,365,152,60,0,20,0,16,117
09,009,140,Naugatuck Valley Planning Region,19550,Derby town,FEMALE,20--24,5,349,174,52,0,4,0,12,107
09,009,140,Naugatuck Valley Planning Region,19550,Derby town,FEMALE,25--29,6,438,251,65,0,15,0,10,97
09,009,140,Naugatuck Valley Planning Region,19550,Derby town,FEMALE,30--34,7,461,261,55,0,7,0,13,125
09,009,140,Naugatuck Valley Planning Region,19550,Derby town,FEMALE,35--39,8,431,237,75,2,14,1,8,94
09,009,140,Naugatuck Valley Planning Region,19550,Derby town,FEMALE,40--44,9,362,185,70,0,21,0,1,85
09,009,140,Naugatuck Valley Planning Region,19550,Derby town,FEMALE,45--49,10,395,228,54,0,17,0,8,88
09,009,140,Naugatuck Valley Planning Region,19550,Derby town,FEMALE,50--54,11,441,311,38,3,16,0,4,69
09,009,140,Naugatuck Valley Planning Region,19550,Derby town,FEMALE,55--59,12,504,393,49,0,5,0,1,56
09,009,140,Naugatuck Valley Planning Region,19550,Derby town,FEMALE,60--64,13,486,371,31,0,11,0,3,70
09,009,140,Naugatuck Valley Planning Region,19550,Derby town,FEMALE,65--69,14,377,304,20,1,10,1,6,35
09,009,140,Naugatuck Valley Planning Region,19550,Derby town,FEMALE,70--74,15,309,264,17,0,5,0,2,21
09,009,140,Naugatuck Valley Planning Region,19550,Derby town,FEMALE,75--79,16,235,204,6,0,5,0,0,20
09,009,140,Naugatuck Valley Planning Region,19550,Derby town,FEMALE,80--84,17,155,138,0,0,6,0,0,11
09,009,140,Naugatuck Valley Planning Region,19550,Derby town,FEMALE,85+,18,159,147,5,0,1,0,1,5
09,009,170,South Central Connecticut Planning Region,22910,East Haven town,MALE,00--04,1,613,332,30,0,27,0,33,191
09,009,170,South Central Connecticut Planning Region,22910,East Haven town,MALE,05--09,2,563,270,39,0,30,0,20,204
09,009,170,South Central Connecticut Planning Region,22910,East Haven town,MALE,10--14,3,686,368,43,0,23,0,16,236
09,009,170,South Central Connecticut Planning Region,22910,East Haven town,MALE,15--19,4,762,430,48,0,42,0,17,225
09,009,170,South Central Connecticut Planning Region,22910,East Haven town,MALE,20--24,5,773,502,59,0,31,0,16,165
09,009,170,South Central Connecticut Planning Region,22910,East Haven town,MALE,25--29,6,935,597,58,2,48,0,16,214
09,009,170,South Central Connecticut Planning Region,22910,East Haven town,MALE,30--34,7,970,636,62,2,46,1,25,198
09,009,170,South Central Connecticut Planning Region,22910,East Haven town,MALE,35--39,8,985,605,62,0,48,0,12,258
09,009,170,South Central Connecticut Planning Region,22910,East Haven town,MALE,40--44,9,754,488,52,0,28,0,8,178
09,009,170,South Central Connecticut Planning Region,22910,East Haven town,MALE,45--49,10,814,551,33,0,41,0,19,170
09,009,170,South Central Connecticut Planning Region,22910,East Haven town,MALE,50--54,11,941,711,41,0,40,0,18,131
09,009,170,South Central Connecticut Planning Region,22910,East Haven town,MALE,55--59,12,1092,887,34,1,34,0,20,116
09,009,170,South Central Connecticut Planning Region,22910,East Haven town,MALE,60--64,13,1002,856,30,3,30,0,7,76
09,009,170,South Central Connecticut Planning Region,22910,East Haven town,MALE,65--69,14,837,745,7,0,23,0,6,56
09,009,170,South Central Connecticut Planning Region,22910,East Haven town,MALE,70--74,15,661,584,20,3,7,0,10,37
09,009,170,South Central Connecticut Planning Region,22910,East Haven town,MALE,75--79,16,435,407,8,0,8,0,3,9
09,009,170,South Central Connecticut Planning Region,22910,East Haven town,MALE,80--84,17,263,240,5,2,6,0,0,10
09,009,170,South Central Connecticut Planning Region,22910,East Haven town,MALE,85+,18,289,272,3,0,4,0,0,10
09,009,170,South Central Connecticut Planning Region,22910,East Haven town,FEMALE,00--04,1,608,296,35,0,26,0,42,209
09,009,170,South Central Connecticut Planning Region,22910,East Haven town,FEMALE,05--09,2,596,271,46,1,25,2,27,224
09,009,170,South Central Connecticut Planning Region,22910,East Haven town,FEMALE,10--14,3,647,347,45,0,18,0,23,214
09,009,170,South Central Connecticut Planning Region,22910,East Haven town,FEMALE,15--19,4,696,389,33,3,37,0,24,210
09,009,170,South Central Connecticut Planning Region,22910,East Haven town,FEMALE,20--24,5,743,462,30,0,41,0,24,186
09,009,170,South Central Connecticut Planning Region,22910,East Haven town,FEMALE,25--29,6,889,557,57,0,48,0,30,197
09,009,170,South Central Connecticut Planning Region,22910,East Haven town,FEMALE,30--34,7,989,647,59,1,35,0,31,216
09,009,170,South Central Connecticut Planning Region,22910,East Haven town,FEMALE,35--39,8,877,536,50,0,47,0,19,225
09,009,170,South Central Connecticut Planning Region,22910,East Haven town,FEMALE,40--44,9,808,534,45,3,46,0,11,169
09,009,170,South Central Connecticut Planning Region,22910,East Haven town,FEMALE,45--49,10,839,555,55,2,58,0,7,162
09,009,170,South Central Connecticut Planning Region,22910,East Haven town,FEMALE,50--54,11,1080,796,65,0,35,0,8,176
09,009,170,South Central Connecticut Planning Region,22910,East Haven town,FEMALE,55--59,12,1146,937,44,3,47,0,22,93
09,009,170,South Central Connecticut Planning Region,22910,East Haven town,FEMALE,60--64,13,1111,936,25,1,32,0,7,110
09,009,170,South Central Connecticut Planning Region,22910,East Haven town,FEMALE,65--69,14,1019,864,33,1,27,0,17,77
09,009,170,South Central Connecticut Planning Region,22910,East Haven town,FEMALE,70--74,15,837,756,21,0,20,0,1,39
09,009,170,South Central Connecticut Planning Region,22910,East Haven town,FEMALE,75--79,16,594,545,19,0,11,0,4,15
09,009,170,South Central Connecticut Planning Region,22910,East Haven town,FEMALE,80--84,17,417,391,7,0,2,0,2,15
09,009,170,South Central Connecticut Planning Region,22910,East Haven town,FEMALE,85+,18,533,494,10,0,7,0,2,20
09,009,170,South Central Connecticut Planning Region,34950,Guilford town,MALE,00--04,1,432,352,5,0,12,0,22,41
09,009,170,South Central Connecticut Planning Region,34950,Guilford town,MALE,05--09,2,630,503,14,0,30,0,37,46
09,009,170,South Central Connecticut Planning Region,34950,Guilford town,MALE,10--14,3,739,579,11,0,32,0,39,78
09,009,170,South Central Connecticut Planning Region,34950,Guilford town,MALE,15--19,4,720,597,4,2,20,0,38,59
09,009,170,South Central Connecticut Planning Region,34950,Guilford town,MALE,20--24,5,488,418,4,0,13,0,9,44
09,009,170,South Central Connecticut Planning Region,34950,Guilford town,MALE,25--29,6,360,318,2,1,11,0,4,24
09,009,170,South Central Connecticut Planning Region,34950,Guilford town,MALE,30--34,7,399,349,3,0,8,0,9,30
09,009,170,South Central Connecticut Planning Region,34950,Guilford town,MALE,35--39,8,582,489,13,0,36,2,13,29
09,009,170,South Central Connecticut Planning Region,34950,Guilford town,MALE,40--44,9,602,517,0,0,39,0,12,34
09,009,170,South Central Connecticut Planning Region,34950,Guilford town,MALE,45--49,10,619,549,9,0,36,0,7,18
09,009,170,South Central Connecticut Planning Region,34950,Guilford town,MALE,50--54,11,820,734,3,1,34,0,13,35
09,009,170,South Central Connecticut Planning Region,34950,Guilford town,MALE,55--59,12,850,761,7,0,43,0,9,30
09,009,170,South Central Connecticut Planning Region,34950,Guilford town,MALE,60--64,13,917,858,10,0,12,0,7,30
09,009,170,South Central Connecticut Planning Region,34950,Guilford town,MALE,65--69,14,840,794,8,0,8,0,6,24
09,009,170,South Central Connecticut Planning Region,34950,Guilford town,MALE,70--74,15,743,705,11,0,17,0,4,6
09,009,170,South Central Connecticut Planning Region,34950,Guilford town,MALE,75--79,16,502,478,8,0,3,0,2,11
09,009,170,South Central Connecticut Planning Region,34950,Guilford town,MALE,80--84,17,273,250,8,1,4,0,5,5
09,009,170,South Central Connecticut Planning Region,34950,Guilford town,MALE,85+,18,228,220,0,0,2,0,5,1
09,009,170,South Central Connecticut Planning Region,34950,Guilford town,FEMALE,00--04,1,422,318,4,2,6,0,37,55
09,009,170,South Central Connecticut Planning Region,34950,Guilford town,FEMALE,05--09,2,551,428,5,0,28,0,34,56
09,009,170,South Central Connecticut Planning Region,34950,Guilford town,FEMALE,10--14,3,701,546,6,0,46,0,43,60
09,009,170,South Central Connecticut Planning Region,34950,Guilford town,FEMALE,15--19,4,678,547,2,1,37,0,32,59
09,009,170,South Central Connecticut Planning Region,34950,Guilford town,FEMALE,20--24,5,435,362,6,1,20,0,14,32
09,009,170,South Central Connecticut Planning Region,34950,Guilford town,FEMALE,25--29,6,331,279,2,1,6,0,12,31
09,009,170,South Central Connecticut Planning Region,34950,Guilford town,FEMALE,30--34,7,425,362,3,0,21,0,12,27
09,009,170,South Central Connecticut Planning Region,34950,Guilford town,FEMALE,35--39,8,553,457,6,0,44,0,10,36
09,009,170,South Central Connecticut Planning Region,34950,Guilford town,FEMALE,40--44,9,668,554,10,0,48,0,17,39
09,009,170,South Central Connecticut Planning Region,34950,Guilford town,FEMALE,45--49,10,687,568,11,0,53,0,19,36
09,009,170,South Central Connecticut Planning Region,34950,Guilford town,FEMALE,50--54,11,903,807,11,0,34,0,17,34
09,009,170,South Central Connecticut Planning Region,34950,Guilford town,FEMALE,55--59,12,910,830,7,0,24,0,14,35
09,009,170,South Central Connecticut Planning Region,34950,Guilford town,FEMALE,60--64,13,953,883,7,0,22,0,19,22
09,009,170,South Central Connecticut Planning Region,34950,Guilford town,FEMALE,65--69,14,927,874,12,0,7,0,9,25
09,009,170,South Central Connecticut Planning Region,34950,Guilford town,FEMALE,70--74,15,881,840,7,0,18,0,6,10
09,009,170,South Central Connecticut Planning Region,34950,Guilford town,FEMALE,75--79,16,577,548,7,0,3,0,1,18
09,009,170,South Central Connecticut Planning Region,34950,Guilford town,FEMALE,80--84,17,325,309,2,0,5,0,1,8
09,009,170,South Central Connecticut Planning Region,34950,Guilford town,FEMALE,85+,18,360,348,1,0,6,0,2,3
09,009,170,South Central Connecticut Planning Region,35650,Hamden town,MALE,00--04,1,1336,509,356,1,116,1,91,262
09,009,170,South Central Connecticut Planning Region,35650,Hamden town,MALE,05--09,2,1350,461,413,4,82,0,103,287
09,009,170,South Central Connecticut Planning Region,35650,Hamden town,MALE,10--14,3,1590,519,504,0,102,1,103,361
09,009,170,South Central Connecticut Planning Region,35650,Hamden town,MALE,15--19,4,2267,1113,514,13,141,1,90,395
09,009,170,South Central Connecticut Planning Region,35650,Hamden town,MALE,20--24,5,2615,1448,581,30,119,0,79,358
09,009,170,South Central Connecticut Planning Region,35650,Hamden town,MALE,25--29,6,1825,944,431,7,103,0,72,268
09,009,170,South Central Connecticut Planning Region,35650,Hamden town,MALE,30--34,7,1966,1000,434,2,181,0,42,307
09,009,170,South Central Connecticut Planning Region,35650,Hamden town,MALE,35--39,8,1730,823,461,4,146,1,38,257
09,009,170,South Central Connecticut Planning Region,35650,Hamden town,MALE,40--44,9,1616,765,408,1,139,1,32,270
09,009,170,South Central Connecticut Planning Region,35650,Hamden town,MALE,45--49,10,1633,783,446,3,123,0,45,233
09,009,170,South Central Connecticut Planning Region,35650,Hamden town,MALE,50--54,11,1717,874,480,2,117,2,48,194
09,009,170,South Central Connecticut Planning Region,35650,Hamden town,MALE,55--59,12,1862,1065,529,2,59,1,27,179
09,009,170,South Central Connecticut Planning Region,35650,Hamden town,MALE,60--64,13,1888,1282,387,0,78,0,9,132
09,009,170,South Central Connecticut Planning Region,35650,Hamden town,MALE,65--69,14,1640,1182,284,3,57,0,20,94
09,009,170,South Central Connecticut Planning Region,35650,Hamden town,MALE,70--74,15,1334,1004,202,4,48,0,8,68
09,009,170,South Central Connecticut Planning Region,35650,Hamden town,MALE,75--79,16,786,597,119,1,23,1,2,43
09,009,170,South Central Connecticut Planning Region,35650,Hamden town,MALE,80--84,17,526,386,86,1,18,0,11,24
09,009,170,South Central Connecticut Planning Region,35650,Hamden town,MALE,85+,18,565,469,61,1,10,0,5,19
09,009,170,South Central Connecticut Planning Region,35650,Hamden town,FEMALE,00--04,1,1298,489,365,0,109,0,94,241
09,009,170,South Central Connecticut Planning Region,35650,Hamden town,FEMALE,05--09,2,1395,451,461,2,69,0,90,322
09,009,170,South Central Connecticut Planning Region,35650,Hamden town,FEMALE,10--14,3,1510,524,504,3,82,0,87,310
09,009,170,South Central Connecticut Planning Region,35650,Hamden town,FEMALE,15--19,4,2843,1580,555,17,150,3,88,450
09,009,170,South Central Connecticut Planning Region,35650,Hamden town,FEMALE,20--24,5,3182,1864,633,33,165,3,63,421
09,009,170,South Central Connecticut Planning Region,35650,Hamden town,FEMALE,25--29,6,1937,940,498,1,128,2,57,311
09,009,170,South Central Connecticut Planning Region,35650,Hamden town,FEMALE,30--34,7,1994,921,540,0,167,1,61,304
09,009,170,South Central Connecticut Planning Region,35650,Hamden town,FEMALE,35--39,8,1958,835,613,3,168,0,41,298
09,009,170,South Central Connecticut Planning Region,35650,Hamden town,FEMALE,40--44,9,1915,790,581,3,151,1,63,326
09,009,170,South Central Connecticut Planning Region,35650,Hamden town,FEMALE,45--49,10,1765,784,500,6,161,4,44,266
09,009,170,South Central Connecticut Planning Region,35650,Hamden town,FEMALE,50--54,11,1952,929,653,4,122,2,41,201
09,009,170,South Central Connecticut Planning Region,35650,Hamden town,FEMALE,55--59,12,2152,1177,664,16,90,0,43,162
09,009,170,South Central Connecticut Planning Region,35650,Hamden town,FEMALE,60--64,13,2134,1326,508,0,93,0,35,172
09,009,170,South Central Connecticut Planning Region,35650,Hamden town,FEMALE,65--69,14,1927,1360,391,4,58,0,15,99
09,009,170,South Central Connecticut Planning Region,35650,Hamden town,FEMALE,70--74,15,1654,1138,367,2,57,1,14,75
09,009,170,South Central Connecticut Planning Region,35650,Hamden town,FEMALE,75--79,16,1135,836,211,3,24,0,12,49
09,009,170,South Central Connecticut Planning Region,35650,Hamden town,FEMALE,80--84,17,818,637,140,0,14,0,7,20
09,009,170,South Central Connecticut Planning Region,35650,Hamden town,FEMALE,85+,18,1111,903,149,0,16,0,7,36
09,009,170,South Central Connecticut Planning Region,44560,Madison town,MALE,00--04,1,337,272,3,0,12,0,22,28
09,009,170,South Central Connecticut Planning Region,44560,Madison town,MALE,05--09,2,417,329,4,0,20,0,33,31
09,009,170,South Central Connecticut Planning Region,44560,Madison town,MALE,10--14,3,548,438,5,1,25,0,46,33
09,009,170,South Central Connecticut Planning Region,44560,Madison town,MALE,15--19,4,671,575,8,0,17,0,20,51
09,009,170,South Central Connecticut Planning Region,44560,Madison town,MALE,20--24,5,435,381,5,0,14,0,14,21
09,009,170,South Central Connecticut Planning Region,44560,Madison town,MALE,25--29,6,324,300,3,0,1,0,3,17
09,009,170,South Central Connecticut Planning Region,44560,Madison town,MALE,30--34,7,281,248,3,1,2,0,6,21
09,009,170,South Central Connecticut Planning Region,44560,Madison town,MALE,35--39,8,401,362,5,0,14,0,10,10
09,009,170,South Central Connecticut Planning Region,44560,Madison town,MALE,40--44,9,397,331,3,0,25,0,14,24
09,009,170,South Central Connecticut Planning Region,44560,Madison town,MALE,45--49,10,490,436,7,0,25,0,6,16
09,009,170,South Central Connecticut Planning Region,44560,Madison town,MALE,50--54,11,706,650,8,3,28,0,6,11
09,009,170,South Central Connecticut Planning Region,44560,Madison town,MALE,55--59,12,779,719,13,3,27,0,8,9
09,009,170,South Central Connecticut Planning Region,44560,Madison town,MALE,60--64,13,768,717,6,1,27,0,4,13
09,009,170,South Central Connecticut Planning Region,44560,Madison town,MALE,65--69,14,601,576,1,1,9,0,3,11
09,009,170,South Central Connecticut Planning Region,44560,Madison town,MALE,70--74,15,572,558,2,0,10,0,0,2
09,009,170,South Central Connecticut Planning Region,44560,Madison town,MALE,75--79,16,419,400,0,4,3,0,8,4
09,009,170,South Central Connecticut Planning Region,44560,Madison town,MALE,80--84,17,234,226,2,0,5,0,0,1
09,009,170,South Central Connecticut Planning Region,44560,Madison town,MALE,85+,18,185,181,0,0,0,0,2,2
09,009,170,South Central Connecticut Planning Region,44560,Madison town,FEMALE,00--04,1,377,322,0,0,7,0,24,24
09,009,170,South Central Connecticut Planning Region,44560,Madison town,FEMALE,05--09,2,395,328,4,1,9,0,28,25
09,009,170,South Central Connecticut Planning Region,44560,Madison town,FEMALE,10--14,3,534,446,4,1,23,0,36,24
09,009,170,South Central Connecticut Planning Region,44560,Madison town,FEMALE,15--19,4,612,519,5,0,22,0,33,33
09,009,170,South Central Connecticut Planning Region,44560,Madison town,FEMALE,20--24,5,378,336,5,1,11,0,8,17
09,009,170,South Central Connecticut Planning Region,44560,Madison town,FEMALE,25--29,6,264,227,2,0,4,0,6,25
09,009,170,South Central Connecticut Planning Region,44560,Madison town,FEMALE,30--34,7,326,288,2,0,9,0,6,21
09,009,170,South Central Connecticut Planning Region,44560,Madison town,FEMALE,35--39,8,406,341,4,0,29,0,5,27
09,009,170,South Central Connecticut Planning Region,44560,Madison town,FEMALE,40--44,9,402,347,2,0,31,0,2,20
09,009,170,South Central Connecticut Planning Region,44560,Madison town,FEMALE,45--49,10,544,471,11,2,39,0,7,14
09,009,170,South Central Connecticut Planning Region,44560,Madison town,FEMALE,50--54,11,794,703,8,3,28,0,19,33
09,009,170,South Central Connecticut Planning Region,44560,Madison town,FEMALE,55--59,12,858,792,4,0,34,0,8,20
09,009,170,South Central Connecticut Planning Region,44560,Madison town,FEMALE,60--64,13,807,753,7,0,19,0,6,22
09,009,170,South Central Connecticut Planning Region,44560,Madison town,FEMALE,65--69,14,653,627,3,0,9,0,3,11
09,009,170,South Central Connecticut Planning Region,44560,Madison town,FEMALE,70--74,15,634,609,4,0,11,0,5,5
09,009,170,South Central Connecticut Planning Region,44560,Madison town,FEMALE,75--79,16,474,455,2,1,5,0,3,8
09,009,170,South Central Connecticut Planning Region,44560,Madison town,FEMALE,80--84,17,294,286,0,0,5,0,1,2
09,009,170,South Central Connecticut Planning Region,44560,Madison town,FEMALE,85+,18,306,294,0,0,8,0,1,3
09,009,170,South Central Connecticut Planning Region,46520,Meriden town,MALE,00--04,1,1643,466,148,3,44,4,93,885
09,009,170,South Central Connecticut Planning Region,46520,Meriden town,MALE,05--09,2,1772,513,180,3,31,1,100,944
09,009,170,South Central Connecticut Planning Region,46520,Meriden town,MALE,10--14,3,1993,577,211,4,33,5,103,1060
09,009,170,South Central Connecticut Planning Region,46520,Meriden town,MALE,15--19,4,1843,562,182,8,74,3,62,952
09,009,170,South Central Connecticut Planning Region,46520,Meriden town,MALE,20--24,5,1832,702,185,7,32,3,57,846
09,009,170,South Central Connecticut Planning Region,46520,Meriden town,MALE,25--29,6,2131,907,243,0,57,0,76,848
09,009,170,South Central Connecticut Planning Region,46520,Meriden town,MALE,30--34,7,2165,1001,227,6,53,0,44,834
09,009,170,South Central Connecticut Planning Region,46520,Meriden town,MALE,35--39,8,2028,940,221,0,56,0,57,754
09,009,170,South Central Connecticut Planning Region,46520,Meriden town,MALE,40--44,9,1908,842,189,0,52,1,51,773
09,009,170,South Central Connecticut Planning Region,46520,Meriden town,MALE,45--49,10,1821,857,234,0,43,0,38,649
09,009,170,South Central Connecticut Planning Region,46520,Meriden town,MALE,50--54,11,1959,1096,204,2,57,2,38,560
09,009,170,South Central Connecticut Planning Region,46520,Meriden town,MALE,55--59,12,2113,1314,194,2,43,1,34,525
09,009,170,South Central Connecticut Planning Region,46520,Meriden town,MALE,60--64,13,2014,1405,145,7,54,0,22,381
09,009,170,South Central Connecticut Planning Region,46520,Meriden town,MALE,65--69,14,1536,1145,111,0,26,0,12,242
09,009,170,South Central Connecticut Planning Region,46520,Meriden town,MALE,70--74,15,1191,902,65,1,18,0,5,200
09,009,170,South Central Connecticut Planning Region,46520,Meriden town,MALE,75--79,16,748,539,41,0,14,0,8,146
09,009,170,South Central Connecticut Planning Region,46520,Meriden town,MALE,80--84,17,411,301,31,0,8,0,2,69
09,009,170,South Central Connecticut Planning Region,46520,Meriden town,MALE,85+,18,333,269,16,0,0,0,4,44
09,009,170,South Central Connecticut Planning Region,46520,Meriden town,FEMALE,00--04,1,1703,467,154,1,32,0,106,943
09,009,170,South Central Connecticut Planning Region,46520,Meriden town,FEMALE,05--09,2,1803,519,170,0,36,0,76,1002
09,009,170,South Central Connecticut Planning Region,46520,Meriden town,FEMALE,10--14,3,1913,534,215,1,42,0,113,1008
09,009,170,South Central Connecticut Planning Region,46520,Meriden town,FEMALE,15--19,4,1799,562,194,0,42,0,103,898
09,009,170,South Central Connecticut Planning Region,46520,Meriden town,FEMALE,20--24,5,1753,632,185,4,42,0,59,831
09,009,170,South Central Connecticut Planning Region,46520,Meriden town,FEMALE,25--29,6,2212,933,201,4,59,0,80,935
09,009,170,South Central Connecticut Planning Region,46520,Meriden town,FEMALE,30--34,7,2164,944,251,2,47,1,44,875
09,009,170,South Central Connecticut Planning Region,46520,Meriden town,FEMALE,35--39,8,2209,983,215,4,50,2,68,887
09,009,170,South Central Connecticut Planning Region,46520,Meriden town,FEMALE,40--44,9,2107,921,224,2,66,0,64,830
09,009,170,South Central Connecticut Planning Region,46520,Meriden town,FEMALE,45--49,10,1887,852,203,1,60,2,70,699
09,009,170,South Central Connecticut Planning Region,46520,Meriden town,FEMALE,50--54,11,2070,1086,225,1,40,1,55,662
09,009,170,South Central Connecticut Planning Region,46520,Meriden town,FEMALE,55--59,12,2115,1301,195,3,37,3,27,549
09,009,170,South Central Connecticut Planning Region,46520,Meriden town,FEMALE,60--64,13,2086,1413,144,1,33,0,43,452
09,009,170,South Central Connecticut Planning Region,46520,Meriden town,FEMALE,65--69,14,1682,1224,109,2,25,1,13,308
09,009,170,South Central Connecticut Planning Region,46520,Meriden town,FEMALE,70--74,15,1350,997,80,1,14,0,12,246
09,009,170,South Central Connecticut Planning Region,46520,Meriden town,FEMALE,75--79,16,846,624,35,0,5,0,11,171
09,009,170,South Central Connecticut Planning Region,46520,Meriden town,FEMALE,80--84,17,612,475,22,0,10,0,3,102
09,009,170,South Central Connecticut Planning Region,46520,Meriden town,FEMALE,85+,18,764,670,18,1,11,0,14,50
09,009,140,Naugatuck Valley Planning Region,46940,Middlebury town,MALE,00--04,1,160,118,0,0,10,0,18,14
09,009,140,Naugatuck Valley Planning Region,46940,Middlebury town,MALE,05--09,2,243,195,3,0,22,0,12,11
09,009,140,Naugatuck Valley Planning Region,46940,Middlebury town,MALE,10--14,3,236,199,2,0,16,0,6,13
09,009,140,Naugatuck Valley Planning Region,46940,Middlebury town,MALE,15--19,4,285,243,3,0,17,0,9,13
09,009,140,Naugatuck Valley Planning Region,46940,Middlebury town,MALE,20--24,5,177,156,1,0,5,1,4,10
09,009,140,Naugatuck Valley Planning Region,46940,Middlebury town,MALE,25--29,6,134,121,0,0,3,0,3,7
09,009,140,Naugatuck Valley Planning Region,46940,Middlebury town,MALE,30--34,7,174,149,1,0,7,0,5,12
09,009,140,Naugatuck Valley Planning Region,46940,Middlebury town,MALE,35--39,8,212,183,1,0,15,0,2,11
09,009,140,Naugatuck Valley Planning Region,46940,Middlebury town,MALE,40--44,9,224,194,4,0,20,0,1,5
09,009,140,Naugatuck Valley Planning Region,46940,Middlebury town,MALE,45--49,10,281,248,2,0,27,0,0,4
09,009,140,Naugatuck Valley Planning Region,46940,Middlebury town,MALE,50--54,11,278,245,6,0,13,1,1,12
09,009,140,Naugatuck Valley Planning Region,46940,Middlebury town,MALE,55--59,12,290,271,2,0,5,0,1,11
09,009,140,Naugatuck Valley Planning Region,46940,Middlebury town,MALE,60--64,13,250,238,0,0,3,0,0,9
09,009,140,Naugatuck Valley Planning Region,46940,Middlebury town,MALE,65--69,14,237,216,7,0,11,0,0,3
09,009,140,Naugatuck Valley Planning Region,46940,Middlebury town,MALE,70--74,15,229,212,1,0,4,0,4,8
09,009,140,Naugatuck Valley Planning Region,46940,Middlebury town,MALE,75--79,16,174,166,0,0,4,0,0,4
09,009,140,Naugatuck Valley Planning Region,46940,Middlebury town,MALE,80--84,17,89,83,0,0,5,0,0,1
09,009,140,Naugatuck Valley Planning Region,46940,Middlebury town,MALE,85+,18,62,59,0,0,2,0,0,1
09,009,140,Naugatuck Valley Planning Region,46940,Middlebury town,FEMALE,00--04,1,177,141,3,0,10,0,3,20
09,009,140,Naugatuck Valley Planning Region,46940,Middlebury town,FEMALE,05--09,2,204,175,2,0,6,0,5,16
09,009,140,Naugatuck Valley Planning Region,46940,Middlebury town,FEMALE,10--14,3,269,211,4,0,17,0,7,30
09,009,140,Naugatuck Valley Planning Region,46940,Middlebury town,FEMALE,15--19,4,258,219,2,0,15,0,8,14
09,009,140,Naugatuck Valley Planning Region,46940,Middlebury town,FEMALE,20--24,5,165,144,0,0,4,0,5,12
09,009,140,Naugatuck Valley Planning Region,46940,Middlebury town,FEMALE,25--29,6,132,107,2,0,9,1,4,9
09,009,140,Naugatuck Valley Planning Region,46940,Middlebury town,FEMALE,30--34,7,160,132,1,0,8,0,5,14
09,009,140,Naugatuck Valley Planning Region,46940,Middlebury town,FEMALE,35--39,8,226,186,3,0,18,0,6,13
09,009,140,Naugatuck Valley Planning Region,46940,Middlebury town,FEMALE,40--44,9,242,206,3,0,21,0,1,11
09,009,140,Naugatuck Valley Planning Region,46940,Middlebury town,FEMALE,45--49,10,293,250,3,0,27,0,3,10
09,009,140,Naugatuck Valley Planning Region,46940,Middlebury town,FEMALE,50--54,11,287,261,6,0,15,0,2,3
09,009,140,Naugatuck Valley Planning Region,46940,Middlebury town,FEMALE,55--59,12,304,275,5,0,8,0,4,12
09,009,140,Naugatuck Valley Planning Region,46940,Middlebury town,FEMALE,60--64,13,302,288,0,0,7,0,0,7
09,009,140,Naugatuck Valley Planning Region,46940,Middlebury town,FEMALE,65--69,14,274,260,0,0,9,0,2,3
09,009,140,Naugatuck Valley Planning Region,46940,Middlebury town,FEMALE,70--74,15,233,215,2,0,9,0,1,6
09,009,140,Naugatuck Valley Planning Region,46940,Middlebury town,FEMALE,75--79,16,173,167,1,0,4,0,0,1
09,009,140,Naugatuck Valley Planning Region,46940,Middlebury town,FEMALE,80--84,17,113,105,1,0,6,0,0,1
09,009,140,Naugatuck Valley Planning Region,46940,Middlebury town,FEMALE,85+,18,134,121,7,0,1,0,0,5
09,009,170,South Central Connecticut Planning Region,47535,Milford town,MALE,00--04,1,1143,807,45,0,61,5,61,164
09,009,170,South Central Connecticut Planning Region,47535,Milford town,MALE,05--09,2,1107,724,56,0,101,3,56,167
09,009,170,South Central Connecticut Planning Region,47535,Milford town,MALE,10--14,3,1258,853,40,0,118,1,65,181
09,009,170,South Central Connecticut Planning Region,47535,Milford town,MALE,15--19,4,1360,997,49,0,94,0,70,150
09,009,170,South Central Connecticut Planning Region,47535,Milford town,MALE,20--24,5,1402,1069,47,2,72,0,35,177
09,009,170,South Central Connecticut Planning Region,47535,Milford town,MALE,25--29,6,1675,1332,71,1,80,0,41,150
09,009,170,South Central Connecticut Planning Region,47535,Milford town,MALE,30--34,7,1770,1413,48,1,124,0,27,157
09,009,170,South Central Connecticut Planning Region,47535,Milford town,MALE,35--39,8,1654,1275,54,0,154,0,32,139
09,009,170,South Central Connecticut Planning Region,47535,Milford town,MALE,40--44,9,1451,1095,53,2,133,1,24,143
09,009,170,South Central Connecticut Planning Region,47535,Milford town,MALE,45--49,10,1504,1150,72,4,126,1,27,124
09,009,170,South Central Connecticut Planning Region,47535,Milford town,MALE,50--54,11,1934,1606,63,3,100,0,32,130
09,009,170,South Central Connecticut Planning Region,47535,Milford town,MALE,55--59,12,2096,1842,73,1,83,0,28,69
09,009,170,South Central Connecticut Planning Region,47535,Milford town,MALE,60--64,13,2158,1953,43,0,60,1,13,88
09,009,170,South Central Connecticut Planning Region,47535,Milford town,MALE,65--69,14,1775,1619,25,1,40,0,11,79
09,009,170,South Central Connecticut Planning Region,47535,Milford town,MALE,70--74,15,1335,1234,24,1,20,0,6,50
09,009,170,South Central Connecticut Planning Region,47535,Milford town,MALE,75--79,16,902,846,14,1,7,0,7,27
09,009,170,South Central Connecticut Planning Region,47535,Milford town,MALE,80--84,17,479,433,4,3,26,0,2,11
09,009,170,South Central Connecticut Planning Region,47535,Milford town,MALE,85+,18,448,417,12,3,8,0,3,5
09,009,170,South Central Connecticut Planning Region,47535,Milford town,FEMALE,00--04,1,1043,710,28,0,76,2,64,163
09,009,170,South Central Connecticut Planning Region,47535,Milford town,FEMALE,05--09,2,1059,691,44,1,99,0,67,157
09,009,170,South Central Connecticut Planning Region,47535,Milford town,FEMALE,10--14,3,1195,819,62,2,96,0,42,174
09,009,170,South Central Connecticut Planning Region,47535,Milford town,FEMALE,15--19,4,1242,887,52,3,94,0,47,159
09,009,170,South Central Connecticut Planning Region,47535,Milford town,FEMALE,20--24,5,1258,985,39,0,60,0,39,135
09,009,170,South Central Connecticut Planning Region,47535,Milford town,FEMALE,25--29,6,1670,1282,45,0,116,1,58,168
09,009,170,South Central Connecticut Planning Region,47535,Milford town,FEMALE,30--34,7,1768,1352,72,4,117,0,41,182
09,009,170,South Central Connecticut Planning Region,47535,Milford town,FEMALE,35--39,8,1616,1191,70,4,163,1,22,165
09,009,170,South Central Connecticut Planning Region,47535,Milford town,FEMALE,40--44,9,1484,1119,51,0,148,0,39,127
09,009,170,South Central Connecticut Planning Region,47535,Milford town,FEMALE,45--49,10,1653,1264,65,0,151,1,45,127
09,009,170,South Central Connecticut Planning Region,47535,Milford town,FEMALE,50--54,11,2019,1638,68,4,119,0,28,162
09,009,170,South Central Connecticut Planning Region,47535,Milford town,FEMALE,55--59,12,2327,2008,75,0,79,2,32,131
09,009,170,South Central Connecticut Planning Region,47535,Milford town,FEMALE,60--64,13,2259,2008,77,0,55,0,23,96
09,009,170,South Central Connecticut Planning Region,47535,Milford town,FEMALE,65--69,14,1961,1807,35,6,39,0,21,53
09,009,170,South Central Connecticut Planning Region,47535,Milford town,FEMALE,70--74,15,1619,1486,48,0,32,0,11,42
09,009,170,South Central Connecticut Planning Region,47535,Milford town,FEMALE,75--79,16,1198,1094,22,4,29,0,7,42
09,009,170,South Central Connecticut Planning Region,47535,Milford town,FEMALE,80--84,17,728,667,11,0,20,0,6,24
09,009,170,South Central Connecticut Planning Region,47535,Milford town,FEMALE,85+,18,841,791,21,0,8,0,3,18
09,009,140,Naugatuck Valley Planning Region,49950,Naugatuck town,MALE,00--04,1,798,438,73,5,23,0,45,214
09,009,140,Naugatuck Valley Planning Region,49950,Naugatuck town,MALE,05--09,2,953,531,105,2,34,0,61,220
09,009,140,Naugatuck Valley Planning Region,49950,Naugatuck town,MALE,10--14,3,1024,557,101,0,29,0,44,293
09,009,140,Naugatuck Valley Planning Region,49950,Naugatuck town,MALE,15--19,4,969,569,83,2,35,0,41,239
09,009,140,Naugatuck Valley Planning Region,49950,Naugatuck town,MALE,20--24,5,936,606,91,0,35,1,38,165
09,009,140,Naugatuck Valley Planning Region,49950,Naugatuck town,MALE,25--29,6,1118,767,95,0,35,0,31,190
09,009,140,Naugatuck Valley Planning Region,49950,Naugatuck town,MALE,30--34,7,1082,755,105,2,31,0,21,168
09,009,140,Naugatuck Valley Planning Region,49950,Naugatuck town,MALE,35--39,8,1108,778,93,0,18,0,20,199
09,009,140,Naugatuck Valley Planning Region,49950,Naugatuck town,MALE,40--44,9,926,597,103,1,31,0,19,175
09,009,140,Naugatuck Valley Planning Region,49950,Naugatuck town,MALE,45--49,10,928,667,98,4,29,0,20,110
09,009,140,Naugatuck Valley Planning Region,49950,Naugatuck town,MALE,50--54,11,1112,861,84,1,32,2,21,111
09,009,140,Naugatuck Valley Planning Region,49950,Naugatuck town,MALE,55--59,12,1194,983,82,0,18,1,16,94
09,009,140,Naugatuck Valley Planning Region,49950,Naugatuck town,MALE,60--64,13,1079,913,53,0,13,0,12,88
09,009,140,Naugatuck Valley Planning Region,49950,Naugatuck town,MALE,65--69,14,803,713,39,0,6,1,9,35
09,009,140,Naugatuck Valley Planning Region,49950,Naugatuck town,MALE,70--74,15,639,567,23,1,9,0,6,33
09,009,140,Naugatuck Valley Planning Region,49950,Naugatuck town,MALE,75--79,16,409,347,19,0,4,0,10,29
09,009,140,Naugatuck Valley Planning Region,49950,Naugatuck town,MALE,80--84,17,217,198,1,0,8,1,3,6
09,009,140,Naugatuck Valley Planning Region,49950,Naugatuck town,MALE,85+,18,158,153,0,0,0,0,0,5
09,009,140,Naugatuck Valley Planning Region,49950,Naugatuck town,FEMALE,00--04,1,785,421,80,1,11,0,63,209
09,009,140,Naugatuck Valley Planning Region,49950,Naugatuck town,FEMALE,05--09,2,920,480,97,1,28,0,61,253
09,009,140,Naugatuck Valley Planning Region,49950,Naugatuck town,FEMALE,10--14,3,940,516,76,0,35,0,47,266
09,009,140,Naugatuck Valley Planning Region,49950,Naugatuck town,FEMALE,15--19,4,830,505,72,2,40,0,44,167
09,009,140,Naugatuck Valley Planning Region,49950,Naugatuck town,FEMALE,20--24,5,891,557,85,3,19,0,41,186
09,009,140,Naugatuck Valley Planning Region,49950,Naugatuck town,FEMALE,25--29,6,1079,732,97,0,23,0,39,188
09,009,140,Naugatuck Valley Planning Region,49950,Naugatuck town,FEMALE,30--34,7,1078,722,87,3,42,0,22,202
09,009,140,Naugatuck Valley Planning Region,49950,Naugatuck town,FEMALE,35--39,8,1106,725,83,0,35,1,40,222
09,009,140,Naugatuck Valley Planning Region,49950,Naugatuck town,FEMALE,40--44,9,1015,665,95,2,39,0,14,200
09,009,140,Naugatuck Valley Planning Region,49950,Naugatuck town,FEMALE,45--49,10,991,685,77,0,33,0,32,164
09,009,140,Naugatuck Valley Planning Region,49950,Naugatuck town,FEMALE,50--54,11,1107,849,88,0,35,0,17,118
09,009,140,Naugatuck Valley Planning Region,49950,Naugatuck town,FEMALE,55--59,12,1239,1013,71,2,22,0,23,108
09,009,140,Naugatuck Valley Planning Region,49950,Naugatuck town,FEMALE,60--64,13,1160,989,78,2,10,0,10,71
09,009,140,Naugatuck Valley Planning Region,49950,Naugatuck town,FEMALE,65--69,14,877,784,28,1,18,0,8,38
09,009,140,Naugatuck Valley Planning Region,49950,Naugatuck town,FEMALE,70--74,15,779,684,37,0,13,0,8,37
09,009,140,Naugatuck Valley Planning Region,49950,Naugatuck town,FEMALE,75--79,16,495,440,12,0,9,0,8,26
09,009,140,Naugatuck Valley Planning Region,49950,Naugatuck town,FEMALE,80--84,17,319,292,12,0,1,0,1,13
09,009,140,Naugatuck Valley Planning Region,49950,Naugatuck town,FEMALE,85+,18,369,346,7,0,0,0,2,14
09,009,170,South Central Connecticut Planning Region,52070,New Haven town,MALE,00--04,1,3892,645,1238,12,213,1,178,1605
09,009,170,South Central Connecticut Planning Region,52070,New Haven town,MALE,05--09,2,4088,514,1367,12,192,2,188,1813
09,009,170,South Central Connecticut Planning Region,52070,New Haven town,MALE,10--14,3,4421,513,1547,6,127,4,183,2041
09,009,170,South Central Connecticut Planning Region,52070,New Haven town,MALE,15--19,4,5586,1275,1713,16,384,0,238,1960
09,009,170,South Central Connecticut Planning Region,52070,New Haven town,MALE,20--24,5,6876,2302,1701,24,810,6,228,1805
09,009,170,South Central Connecticut Planning Region,52070,New Haven town,MALE,25--29,6,6897,2493,1591,24,885,7,185,1712
09,009,170,South Central Connecticut Planning Region,52070,New Haven town,MALE,30--34,7,6110,2124,1427,17,668,2,134,1738
09,009,170,South Central Connecticut Planning Region,52070,New Haven town,MALE,35--39,8,4694,1445,1205,1,352,2,99,1590
09,009,170,South Central Connecticut Planning Region,52070,New Haven town,MALE,40--44,9,4042,1036,1184,15,185,2,98,1522
09,009,170,South Central Connecticut Planning Region,52070,New Haven town,MALE,45--49,10,3091,797,983,9,119,5,59,1119
09,009,170,South Central Connecticut Planning Region,52070,New Haven town,MALE,50--54,11,3292,998,1078,5,108,0,70,1033
09,009,170,South Central Connecticut Planning Region,52070,New Haven town,MALE,55--59,12,3156,989,1212,15,93,0,47,800
09,009,170,South Central Connecticut Planning Region,52070,New Haven town,MALE,60--64,13,2835,1126,1021,13,88,3,34,550
09,009,170,South Central Connecticut Planning Region,52070,New Haven town,MALE,65--69,14,2248,979,752,12,63,1,38,403
09,009,170,South Central Connecticut Planning Region,52070,New Haven town,MALE,70--74,15,1825,877,543,6,44,1,25,329
09,009,170,South Central Connecticut Planning Region,52070,New Haven town,MALE,75--79,16,1043,535,305,13,13,0,7,170
09,009,170,South Central Connecticut Planning Region,52070,New Haven town,MALE,80--84,17,606,287,210,2,5,0,13,89
09,009,170,South Central Connecticut Planning Region,52070,New Haven town,MALE,85+,18,499,300,127,2,2,0,4,64
09,009,170,South Central Connecticut Planning Region,52070,New Haven town,FEMALE,00--04,1,3798,657,1163,2,242,0,191,1543
09,009,170,South Central Connecticut Planning Region,52070,New Haven town,FEMALE,05--09,2,3920,536,1364,4,173,1,167,1675
09,009,170,South Central Connecticut Planning Region,52070,New Haven town,FEMALE,10--14,3,4124,487,1483,6,127,3,188,1830
09,009,170,South Central Connecticut Planning Region,52070,New Haven town,FEMALE,15--19,4,5769,1426,1683,11,447,4,259,1939
09,009,170,South Central Connecticut Planning Region,52070,New Haven town,FEMALE,20--24,5,7219,2363,1677,22,1085,4,288,1780
09,009,170,South Central Connecticut Planning Region,52070,New Haven town,FEMALE,25--29,6,7281,2524,1679,5,989,1,249,1834
09,009,170,South Central Connecticut Planning Region,52070,New Haven town,FEMALE,30--34,7,6113,1857,1689,4,634,4,139,1786
09,009,170,South Central Connecticut Planning Region,52070,New Haven town,FEMALE,35--39,8,5085,1239,1594,5,297,5,135,1810
09,009,170,South Central Connecticut Planning Region,52070,New Haven town,FEMALE,40--44,9,4307,887,1553,9,178,5,105,1570
09,009,170,South Central Connecticut Planning Region,52070,New Haven town,FEMALE,45--49,10,3434,767,1181,8,175,1,91,1211
09,009,170,South Central Connecticut Planning Region,52070,New Haven town,FEMALE,50--54,11,3571,808,1468,15,134,1,92,1053
09,009,170,South Central Connecticut Planning Region,52070,New Haven town,FEMALE,55--59,12,3407,902,1444,17,99,2,74,869
09,009,170,South Central Connecticut Planning Region,52070,New Haven town,FEMALE,60--64,13,3256,1032,1284,16,80,0,77,767
09,009,170,South Central Connecticut Planning Region,52070,New Haven town,FEMALE,65--69,14,2771,1054,1017,15,68,0,66,551
09,009,170,South Central Connecticut Planning Region,52070,New Haven town,FEMALE,70--74,15,2296,970,823,6,37,0,44,416
09,009,170,South Central Connecticut Planning Region,52070,New Haven town,FEMALE,75--79,16,1519,653,585,1,39,0,21,220
09,009,170,South Central Connecticut Planning Region,52070,New Haven town,FEMALE,80--84,17,1030,423,409,2,21,0,20,155
09,009,170,South Central Connecticut Planning Region,52070,New Haven town,FEMALE,85+,18,982,554,318,0,13,1,11,85
09,009,170,South Central Connecticut Planning Region,53890,North Branford town,MALE,00--04,1,259,233,3,2,4,0,3,14
09,009,170,South Central Connecticut Planning Region,53890,North Branford town,MALE,05--09,2,315,266,5,0,4,0,22,18
09,009,170,South Central Connecticut Planning Region,53890,North Branford town,MALE,10--14,3,396,338,6,0,7,0,5,40
09,009,170,South Central Connecticut Planning Region,53890,North Branford town,MALE,15--19,4,385,341,0,0,10,0,11,23
09,009,170,South Central Connecticut Planning Region,53890,North Branford town,MALE,20--24,5,348,313,6,0,3,0,11,15
09,009,170,South Central Connecticut Planning Region,53890,North Branford town,MALE,25--29,6,358,324,6,0,2,0,4,22
09,009,170,South Central Connecticut Planning Region,53890,North Branford town,MALE,30--34,7,376,331,2,0,11,0,2,30
09,009,170,South Central Connecticut Planning Region,53890,North Branford town,MALE,35--39,8,391,339,3,1,14,0,8,26
09,009,170,South Central Connecticut Planning Region,53890,North Branford town,MALE,40--44,9,387,353,5,2,4,0,2,21
09,009,170,South Central Connecticut Planning Region,53890,North Branford town,MALE,45--49,10,380,337,4,1,7,0,4,27
09,009,170,South Central Connecticut Planning Region,53890,North Branford town,MALE,50--54,11,497,463,5,0,13,0,2,14
09,009,170,South Central Connecticut Planning Region,53890,North Branford town,MALE,55--59,12,585,559,8,0,6,0,3,9
09,009,170,South Central Connecticut Planning Region,53890,North Branford town,MALE,60--64,13,525,490,8,1,6,0,4,16
09,009,170,South Central Connecticut Planning Region,53890,North Branford town,MALE,65--69,14,449,436,1,0,4,0,3,5
09,009,170,South Central Connecticut Planning Region,53890,North Branford town,MALE,70--74,15,375,347,7,0,8,0,1,12
09,009,170,South Central Connecticut Planning Region,53890,North Branford town,MALE,75--79,16,237,224,1,0,5,0,0,7
09,009,170,South Central Connecticut Planning Region,53890,North Branford town,MALE,80--84,17,157,151,3,0,0,0,0,3
09,009,170,South Central Connecticut Planning Region,53890,North Branford town,MALE,85+,18,158,157,0,0,0,0,0,1
09,009,170,South Central Connecticut Planning Region,53890,North Branford town,FEMALE,00--04,1,318,277,0,0,0,0,10,31
09,009,170,South Central Connecticut Planning Region,53890,North Branford town,FEMALE,05--09,2,308,257,2,0,4,0,10,35
09,009,170,South Central Connecticut Planning Region,53890,North Branford town,FEMALE,10--14,3,314,247,4,0,8,0,11,44
09,009,170,South Central Connecticut Planning Region,53890,North Branford town,FEMALE,15--19,4,405,337,9,0,10,0,12,37
09,009,170,South Central Connecticut Planning Region,53890,North Branford town,FEMALE,20--24,5,338,291,1,0,11,0,4,31
09,009,170,South Central Connecticut Planning Region,53890,North Branford town,FEMALE,25--29,6,344,300,10,0,6,0,9,19
09,009,170,South Central Connecticut Planning Region,53890,North Branford town,FEMALE,30--34,7,343,295,11,0,14,0,1,22
09,009,170,South Central Connecticut Planning Region,53890,North Branford town,FEMALE,35--39,8,399,354,1,0,12,0,7,25
09,009,170,South Central Connecticut Planning Region,53890,North Branford town,FEMALE,40--44,9,407,366,2,1,9,0,10,19
09,009,170,South Central Connecticut Planning Region,53890,North Branford town,FEMALE,45--49,10,371,332,6,0,11,0,5,17
09,009,170,South Central Connecticut Planning Region,53890,North Branford town,FEMALE,50--54,11,559,510,3,0,16,0,3,27
09,009,170,South Central Connecticut Planning Region,53890,North Branford town,FEMALE,55--59,12,589,542,5,0,4,0,17,21
09,009,170,South Central Connecticut Planning Region,53890,North Branford town,FEMALE,60--64,13,539,507,7,0,4,0,8,13
09,009,170,South Central Connecticut Planning Region,53890,North Branford town,FEMALE,65--69,14,494,469,5,0,8,0,3,9
09,009,170,South Central Connecticut Planning Region,53890,North Branford town,FEMALE,70--74,15,384,374,2,0,2,0,1,5
09,009,170,South Central Connecticut Planning Region,53890,North Branford town,FEMALE,75--79,16,312,302,2,0,6,0,0,2
09,009,170,South Central Connecticut Planning Region,53890,North Branford town,FEMALE,80--84,17,214,209,5,0,0,0,0,0
09,009,170,South Central Connecticut Planning Region,53890,North Branford town,FEMALE,85+,18,281,267,5,1,2,0,1,5
09,009,170,South Central Connecticut Planning Region,54870,North Haven town,MALE,00--04,1,568,395,33,1,34,0,50,55
09,009,170,South Central Connecticut Planning Region,54870,North Haven town,MALE,05--09,2,612,442,17,0,52,0,28,73
09,009,170,South Central Connecticut Planning Region,54870,North Haven town,MALE,10--14,3,648,450,35,0,52,3,30,78
09,009,170,South Central Connecticut Planning Region,54870,North Haven town,MALE,15--19,4,703,539,30,0,40,1,16,77
09,009,170,South Central Connecticut Planning Region,54870,North Haven town,MALE,20--24,5,653,515,22,2,49,0,13,52
09,009,170,South Central Connecticut Planning Region,54870,North Haven town,MALE,25--29,6,643,516,30,2,40,2,5,48
09,009,170,South Central Connecticut Planning Region,54870,North Haven town,MALE,30--34,7,644,503,30,0,39,0,12,60
09,009,170,South Central Connecticut Planning Region,54870,North Haven town,MALE,35--39,8,795,614,40,0,69,0,13,59
09,009,170,South Central Connecticut Planning Region,54870,North Haven town,MALE,40--44,9,691,554,37,0,45,0,11,44
09,009,170,South Central Connecticut Planning Region,54870,North Haven town,MALE,45--49,10,711,575,36,0,51,0,14,35
09,009,170,South Central Connecticut Planning Region,54870,North Haven town,MALE,50--54,11,824,698,22,0,54,1,6,43
09,009,170,South Central Connecticut Planning Region,54870,North Haven town,MALE,55--59,12,932,789,43,1,45,0,11,43
09,009,170,South Central Connecticut Planning Region,54870,North Haven town,MALE,60--64,13,899,791,27,4,47,0,4,26
09,009,170,South Central Connecticut Planning Region,54870,North Haven town,MALE,65--69,14,764,696,17,0,33,0,2,16
09,009,170,South Central Connecticut Planning Region,54870,North Haven town,MALE,70--74,15,659,588,26,2,12,0,6,25
09,009,170,South Central Connecticut Planning Region,54870,North Haven town,MALE,75--79,16,437,408,13,0,9,0,1,6
09,009,170,South Central Connecticut Planning Region,54870,North Haven town,MALE,80--84,17,344,325,2,0,9,0,0,8
09,009,170,South Central Connecticut Planning Region,54870,North Haven town,MALE,85+,18,259,237,13,0,6,0,0,3
09,009,170,South Central Connecticut Planning Region,54870,North Haven town,FEMALE,00--04,1,538,378,28,1,38,0,39,54
09,009,170,South Central Connecticut Planning Region,54870,North Haven town,FEMALE,05--09,2,596,428,30,2,39,0,30,67
09,009,170,South Central Connecticut Planning Region,54870,North Haven town,FEMALE,10--14,3,624,442,32,1,62,0,27,60
09,009,170,South Central Connecticut Planning Region,54870,North Haven town,FEMALE,15--19,4,633,500,10,0,37,0,24,62
09,009,170,South Central Connecticut Planning Region,54870,North Haven town,FEMALE,20--24,5,624,492,23,0,40,0,9,60
09,009,170,South Central Connecticut Planning Region,54870,North Haven town,FEMALE,25--29,6,563,437,32,1,44,1,8,40
09,009,170,South Central Connecticut Planning Region,54870,North Haven town,FEMALE,30--34,7,649,508,21,2,57,0,15,46
09,009,170,South Central Connecticut Planning Region,54870,North Haven town,FEMALE,35--39,8,744,561,28,0,71,0,24,60
09,009,170,South Central Connecticut Planning Region,54870,North Haven town,FEMALE,40--44,9,696,538,32,0,53,0,11,62
09,009,170,South Central Connecticut Planning Region,54870,North Haven town,FEMALE,45--49,10,752,586,34,1,72,0,10,49
09,009,170,South Central Connecticut Planning Region,54870,North Haven town,FEMALE,50--54,11,893,729,43,0,63,0,12,46
09,009,170,South Central Connecticut Planning Region,54870,North Haven town,FEMALE,55--59,12,928,791,26,0,72,0,4,35
09,009,170,South Central Connecticut Planning Region,54870,North Haven town,FEMALE,60--64,13,967,856,27,1,55,0,2,26
09,009,170,South Central Connecticut Planning Region,54870,North Haven town,FEMALE,65--69,14,875,806,12,0,25,0,9,23
09,009,170,South Central Connecticut Planning Region,54870,North Haven town,FEMALE,70--74,15,795,732,27,0,11,0,6,19
09,009,170,South Central Connecticut Planning Region,54870,North Haven town,FEMALE,75--79,16,602,553,21,2,15,0,0,11
09,009,170,South Central Connecticut Planning Region,54870,North Haven town,FEMALE,80--84,17,418,378,16,0,14,0,0,10
09,009,170,South Central Connecticut Planning Region,54870,North Haven town,FEMALE,85+,18,485,449,14,0,17,0,0,5
09,009,170,South Central Connecticut Planning Region,57600,Orange town,MALE,00--04,1,344,265,1,0,28,0,30,20
09,009,170,South Central Connecticut Planning Region,57600,Orange town,MALE,05--09,2,435,308,7,0,46,0,30,44
09,009,170,South Central Connecticut Planning Region,57600,Orange town,MALE,10--14,3,480,333,4,0,63,0,35,45
09,009,170,South Central Connecticut Planning Region,57600,Orange town,MALE,15--19,4,439,313,14,0,59,0,17,36
09,009,170,South Central Connecticut Planning Region,57600,Orange town,MALE,20--24,5,356,270,4,0,48,1,8,25
09,009,170,South Central Connecticut Planning Region,57600,Orange town,MALE,25--29,6,268,215,9,0,17,0,12,15
09,009,170,South Central Connecticut Planning Region,57600,Orange town,MALE,30--34,7,269,208,7,0,27,0,5,22
09,009,170,South Central Connecticut Planning Region,57600,Orange town,MALE,35--39,8,390,326,9,2,27,0,3,23
09,009,170,South Central Connecticut Planning Region,57600,Orange town,MALE,40--44,9,419,322,10,0,63,0,3,21
09,009,170,South Central Connecticut Planning Region,57600,Orange town,MALE,45--49,10,452,340,14,0,70,0,6,22
09,009,170,South Central Connecticut Planning Region,57600,Orange town,MALE,50--54,11,540,426,8,0,68,0,11,27
09,009,170,South Central Connecticut Planning Region,57600,Orange town,MALE,55--59,12,564,494,10,2,41,0,7,10
09,009,170,South Central Connecticut Planning Region,57600,Orange town,MALE,60--64,13,522,455,13,0,41,0,5,8
09,009,170,South Central Connecticut Planning Region,57600,Orange town,MALE,65--69,14,434,382,8,0,27,0,2,15
09,009,170,South Central Connecticut Planning Region,57600,Orange town,MALE,70--74,15,397,350,13,1,24,0,3,6
09,009,170,South Central Connecticut Planning Region,57600,Orange town,MALE,75--79,16,253,230,3,0,20,0,0,0
09,009,170,South Central Connecticut Planning Region,57600,Orange town,MALE,80--84,17,199,186,0,0,7,0,0,6
09,009,170,South Central Connecticut Planning Region,57600,Orange town,MALE,85+,18,232,221,0,0,4,0,1,6
09,009,170,South Central Connecticut Planning Region,57600,Orange town,FEMALE,00--04,1,328,258,8,0,18,0,10,34
09,009,170,South Central Connecticut Planning Region,57600,Orange town,FEMALE,05--09,2,407,295,14,0,57,0,15,26
09,009,170,South Central Connecticut Planning Region,57600,Orange town,FEMALE,10--14,3,431,297,8,0,67,0,19,40
09,009,170,South Central Connecticut Planning Region,57600,Orange town,FEMALE,15--19,4,444,328,12,0,58,0,11,35
09,009,170,South Central Connecticut Planning Region,57600,Orange town,FEMALE,20--24,5,331,254,8,0,31,0,20,18
09,009,170,South Central Connecticut Planning Region,57600,Orange town,FEMALE,25--29,6,235,183,4,0,22,0,6,20
09,009,170,South Central Connecticut Planning Region,57600,Orange town,FEMALE,30--34,7,298,250,0,1,28,0,4,15
09,009,170,South Central Connecticut Planning Region,57600,Orange town,FEMALE,35--39,8,402,308,10,0,59,0,2,23
09,009,170,South Central Connecticut Planning Region,57600,Orange town,FEMALE,40--44,9,467,327,11,0,87,0,8,34
09,009,170,South Central Connecticut Planning Region,57600,Orange town,FEMALE,45--49,10,474,347,16,0,88,0,4,19
09,009,170,South Central Connecticut Planning Region,57600,Orange town,FEMALE,50--54,11,549,422,13,0,83,0,8,23
09,009,170,South Central Connecticut Planning Region,57600,Orange town,FEMALE,55--59,12,545,456,6,0,42,0,8,33
09,009,170,South Central Connecticut Planning Region,57600,Orange town,FEMALE,60--64,13,518,456,9,0,42,0,2,9
09,009,170,South Central Connecticut Planning Region,57600,Orange town,FEMALE,65--69,14,481,421,8,4,29,0,6,13
09,009,170,South Central Connecticut Planning Region,57600,Orange town,FEMALE,70--74,15,444,391,9,1,27,0,2,14
09,009,170,South Central Connecticut Planning Region,57600,Orange town,FEMALE,75--79,16,310,276,3,0,31,0,0,0
09,009,170,South Central Connecticut Planning Region,57600,Orange town,FEMALE,80--84,17,233,219,5,0,3,0,3,3
09,009,170,South Central Connecticut Planning Region,57600,Orange town,FEMALE,85+,18,358,346,4,0,4,0,0,4
09,009,140,Naugatuck Valley Planning Region,58300,Oxford town,MALE,00--04,1,262,220,5,0,2,1,7,27
09,009,140,Naugatuck Valley Planning Region,58300,Oxford town,MALE,05--09,2,349,275,6,0,12,0,18,38
09,009,140,Naugatuck Valley Planning Region,58300,Oxford town,MALE,10--14,3,390,324,4,0,11,0,11,40
09,009,140,Naugatuck Valley Planning Region,58300,Oxford town,MALE,15--19,4,397,337,3,0,10,0,7,40
09,009,140,Naugatuck Valley Planning Region,58300,Oxford town,MALE,20--24,5,302,262,5,0,7,1,6,21
09,009,140,Naugatuck Valley Planning Region,58300,Oxford town,MALE,25--29,6,259,216,6,0,8,0,6,23
09,009,140,Naugatuck Valley Planning Region,58300,Oxford town,MALE,30--34,7,316,284,1,0,2,0,4,25
09,009,140,Naugatuck Valley Planning Region,58300,Oxford town,MALE,35--39,8,326,284,4,0,3,0,9,26
09,009,140,Naugatuck Valley Planning Region,58300,Oxford town,MALE,40--44,9,363,331,4,0,6,0,2,20
09,009,140,Naugatuck Valley Planning Region,58300,Oxford town,MALE,45--49,10,414,378,10,0,2,0,7,17
09,009,140,Naugatuck Valley Planning Region,58300,Oxford town,MALE,50--54,11,520,478,4,2,6,0,6,24
09,009,140,Naugatuck Valley Planning Region,58300,Oxford town,MALE,55--59,12,548,512,8,0,12,0,5,11
09,009,140,Naugatuck Valley Planning Region,58300,Oxford town,MALE,60--64,13,507,483,1,1,7,0,4,11
09,009,140,Naugatuck Valley Planning Region,58300,Oxford town,MALE,65--69,14,465,445,4,0,8,0,4,4
09,009,140,Naugatuck Valley Planning Region,58300,Oxford town,MALE,70--74,15,417,392,1,0,9,1,6,8
09,009,140,Naugatuck Valley Planning Region,58300,Oxford town,MALE,75--79,16,267,260,2,0,2,0,2,1
09,009,140,Naugatuck Valley Planning Region,58300,Oxford town,MALE,80--84,17,155,150,0,0,1,0,1,3
09,009,140,Naugatuck Valley Planning Region,58300,Oxford town,MALE,85+,18,96,92,0,0,2,0,0,2
09,009,140,Naugatuck Valley Planning Region,58300,Oxford town,FEMALE,00--04,1,268,222,7,0,2,0,11,26
09,009,140,Naugatuck Valley Planning Region,58300,Oxford town,FEMALE,05--09,2,295,245,3,0,6,0,5,36
09,009,140,Naugatuck Valley Planning Region,58300,Oxford town,FEMALE,10--14,3,405,344,5,0,13,0,10,33
09,009,140,Naugatuck Valley Planning Region,58300,Oxford town,FEMALE,15--19,4,399,357,5,0,3,0,8,26
09,009,140,Naugatuck Valley Planning Region,58300,Oxford town,FEMALE,20--24,5,303,255,8,0,1,0,11,28
09,009,140,Naugatuck Valley Planning Region,58300,Oxford town,FEMALE,25--29,6,235,203,8,0,6,0,5,13
09,009,140,Naugatuck Valley Planning Region,58300,Oxford town,FEMALE,30--34,7,283,254,1,0,9,0,4,15
09,009,140,Naugatuck Valley Planning Region,58300,Oxford town,FEMALE,35--39,8,335,288,0,0,8,0,2,37
09,009,140,Naugatuck Valley Planning Region,58300,Oxford town,FEMALE,40--44,9,357,316,10,0,8,0,5,18
09,009,140,Naugatuck Valley Planning Region,58300,Oxford town,FEMALE,45--49,10,442,396,5,0,10,0,5,26
09,009,140,Naugatuck Valley Planning Region,58300,Oxford town,FEMALE,50--54,11,514,473,0,0,11,0,9,21
09,009,140,Naugatuck Valley Planning Region,58300,Oxford town,FEMALE,55--59,12,522,474,8,0,14,0,3,23
09,009,140,Naugatuck Valley Planning Region,58300,Oxford town,FEMALE,60--64,13,538,501,7,0,8,0,8,14
09,009,140,Naugatuck Valley Planning Region,58300,Oxford town,FEMALE,65--69,14,487,465,4,0,5,0,2,11
09,009,140,Naugatuck Valley Planning Region,58300,Oxford town,FEMALE,70--74,15,438,424,4,0,4,1,2,3
09,009,140,Naugatuck Valley Planning Region,58300,Oxford town,FEMALE,75--79,16,317,302,1,4,4,0,0,6
09,009,140,Naugatuck Valley Planning Region,58300,Oxford town,FEMALE,80--84,17,155,154,0,0,1,0,0,0
09,009,140,Naugatuck Valley Planning Region,58300,Oxford town,FEMALE,85+,18,123,113,3,0,1,0,0,6
09,009,140,Naugatuck Valley Planning Region,62290,Prospect town,MALE,00--04,1,197,169,4,0,1,0,11,12
09,009,140,Naugatuck Valley Planning Region,62290,Prospect town,MALE,05--09,2,247,213,10,0,1,0,9,14
09,009,140,Naugatuck Valley Planning Region,62290,Prospect town,MALE,10--14,3,243,205,6,0,3,0,9,20
09,009,140,Naugatuck Valley Planning Region,62290,Prospect town,MALE,15--19,4,307,250,17,0,4,1,8,27
09,009,140,Naugatuck Valley Planning Region,62290,Prospect town,MALE,20--24,5,219,190,3,0,1,0,5,20
09,009,140,Naugatuck Valley Planning Region,62290,Prospect town,MALE,25--29,6,235,204,10,0,3,0,6,12
09,009,140,Naugatuck Valley Planning Region,62290,Prospect town,MALE,30--34,7,282,250,6,0,4,0,10,12
09,009,140,Naugatuck Valley Planning Region,62290,Prospect town,MALE,35--39,8,300,273,9,0,1,0,4,13
09,009,140,Naugatuck Valley Planning Region,62290,Prospect town,MALE,40--44,9,251,222,5,0,1,0,5,18
09,009,140,Naugatuck Valley Planning Region,62290,Prospect town,MALE,45--49,10,252,235,6,0,3,0,3,5
09,009,140,Naugatuck Valley Planning Region,62290,Prospect town,MALE,50--54,11,356,332,8,1,6,0,6,3
09,009,140,Naugatuck Valley Planning Region,62290,Prospect town,MALE,55--59,12,367,336,4,1,7,0,4,15
09,009,140,Naugatuck Valley Planning Region,62290,Prospect town,MALE,60--64,13,415,384,13,0,2,0,3,13
09,009,140,Naugatuck Valley Planning Region,62290,Prospect town,MALE,65--69,14,318,303,5,0,2,0,2,6
09,009,140,Naugatuck Valley Planning Region,62290,Prospect town,MALE,70--74,15,268,250,7,0,5,0,0,6
09,009,140,Naugatuck Valley Planning Region,62290,Prospect town,MALE,75--79,16,173,165,5,1,1,0,1,0
09,009,140,Naugatuck Valley Planning Region,62290,Prospect town,MALE,80--84,17,105,96,4,0,3,0,0,2
09,009,140,Naugatuck Valley Planning Region,62290,Prospect town,MALE,85+,18,68,64,1,0,1,0,0,2
09,009,140,Naugatuck Valley Planning Region,62290,Prospect town,FEMALE,00--04,1,201,173,4,0,0,0,2,22
09,009,140,Naugatuck Valley Planning Region,62290,Prospect town,FEMALE,05--09,2,221,176,13,0,4,0,11,17
09,009,140,Naugatuck Valley Planning Region,62290,Prospect town,FEMALE,10--14,3,291,241,9,1,1,0,15,24
09,009,140,Naugatuck Valley Planning Region,62290,Prospect town,FEMALE,15--19,4,254,216,8,0,8,0,9,13
09,009,140,Naugatuck Valley Planning Region,62290,Prospect town,FEMALE,20--24,5,220,195,8,3,2,0,3,9
09,009,140,Naugatuck Valley Planning Region,62290,Prospect town,FEMALE,25--29,6,189,174,3,0,1,1,4,6
09,009,140,Naugatuck Valley Planning Region,62290,Prospect town,FEMALE,30--34,7,233,193,5,0,6,0,5,24
09,009,140,Naugatuck Valley Planning Region,62290,Prospect town,FEMALE,35--39,8,295,257,7,0,6,0,9,16
09,009,140,Naugatuck Valley Planning Region,62290,Prospect town,FEMALE,40--44,9,216,198,0,0,0,0,8,10
09,009,140,Naugatuck Valley Planning Region,62290,Prospect town,FEMALE,45--49,10,308,289,5,2,1,0,0,11
09,009,140,Naugatuck Valley Planning Region,62290,Prospect town,FEMALE,50--54,11,356,323,8,0,2,0,4,19
09,009,140,Naugatuck Valley Planning Region,62290,Prospect town,FEMALE,55--59,12,407,383,6,0,5,0,4,9
09,009,140,Naugatuck Valley Planning Region,62290,Prospect town,FEMALE,60--64,13,435,406,5,0,4,0,10,10
09,009,140,Naugatuck Valley Planning Region,62290,Prospect town,FEMALE,65--69,14,328,313,2,0,4,0,2,7
09,009,140,Naugatuck Valley Planning Region,62290,Prospect town,FEMALE,70--74,15,319,301,6,1,0,0,2,9
09,009,140,Naugatuck Valley Planning Region,62290,Prospect town,FEMALE,75--79,16,257,247,2,0,1,0,1,6
09,009,140,Naugatuck Valley Planning Region,62290,Prospect town,FEMALE,80--84,17,112,96,2,0,3,0,0,11
09,009,140,Naugatuck Valley Planning Region,62290,Prospect town,FEMALE,85+,18,99,96,1,0,1,0,1,0
09,009,140,Naugatuck Valley Planning Region,67610,Seymour town,MALE,00--04,1,381,272,23,0,11,0,28,47
09,009,140,Naugatuck Valley Planning Region,67610,Seymour town,MALE,05--09,2,459,297,24,0,15,0,21,102
09,009,140,Naugatuck Valley Planning Region,67610,Seymour town,MALE,10--14,3,478,341,16,0,19,0,12,90
09,009,140,Naugatuck Valley Planning Region,67610,Seymour town,MALE,15--19,4,484,354,20,0,17,0,22,71
09,009,140,Naugatuck Valley Planning Region,67610,Seymour town,MALE,20--24,5,452,357,25,0,15,0,3,52
09,009,140,Naugatuck Valley Planning Region,67610,Seymour town,MALE,25--29,6,539,410,38,0,16,0,11,64
09,009,140,Naugatuck Valley Planning Region,67610,Seymour town,MALE,30--34,7,570,452,27,2,12,0,9,68
09,009,140,Naugatuck Valley Planning Region,67610,Seymour town,MALE,35--39,8,641,496,38,0,14,0,12,81
09,009,140,Naugatuck Valley Planning Region,67610,Seymour town,MALE,40--44,9,514,418,23,0,12,0,11,50
09,009,140,Naugatuck Valley Planning Region,67610,Seymour town,MALE,45--49,10,512,402,22,0,20,0,7,61
09,009,140,Naugatuck Valley Planning Region,67610,Seymour town,MALE,50--54,11,597,503,26,0,15,0,12,41
09,009,140,Naugatuck Valley Planning Region,67610,Seymour town,MALE,55--59,12,622,537,36,2,11,0,11,25
09,009,140,Naugatuck Valley Planning Region,67610,Seymour town,MALE,60--64,13,647,584,16,0,15,0,4,28
09,009,140,Naugatuck Valley Planning Region,67610,Seymour town,MALE,65--69,14,508,462,11,1,2,0,4,28
09,009,140,Naugatuck Valley Planning Region,67610,Seymour town,MALE,70--74,15,359,326,12,0,4,0,1,16
09,009,140,Naugatuck Valley Planning Region,67610,Seymour town,MALE,75--79,16,236,207,11,0,1,0,5,12
09,009,140,Naugatuck Valley Planning Region,67610,Seymour town,MALE,80--84,17,128,115,4,0,1,0,5,3
09,009,140,Naugatuck Valley Planning Region,67610,Seymour town,MALE,85+,18,107,102,2,0,2,0,0,1
09,009,140,Naugatuck Valley Planning Region,67610,Seymour town,FEMALE,00--04,1,453,298,13,0,13,2,16,111
09,009,140,Naugatuck Valley Planning Region,67610,Seymour town,FEMALE,05--09,2,396,272,16,1,14,1,20,72
09,009,140,Naugatuck Valley Planning Region,67610,Seymour town,FEMALE,10--14,3,446,317,24,0,6,0,28,71
09,009,140,Naugatuck Valley Planning Region,67610,Seymour town,FEMALE,15--19,4,488,364,23,0,17,0,13,71
09,009,140,Naugatuck Valley Planning Region,67610,Seymour town,FEMALE,20--24,5,394,293,13,0,8,0,14,66
09,009,140,Naugatuck Valley Planning Region,67610,Seymour town,FEMALE,25--29,6,536,417,24,0,8,0,12,75
09,009,140,Naugatuck Valley Planning Region,67610,Seymour town,FEMALE,30--34,7,593,438,33,0,26,0,14,82
09,009,140,Naugatuck Valley Planning Region,67610,Seymour town,FEMALE,35--39,8,553,410,33,1,33,0,11,65
09,009,140,Naugatuck Valley Planning Region,67610,Seymour town,FEMALE,40--44,9,490,398,24,5,8,1,9,45
09,009,140,Naugatuck Valley Planning Region,67610,Seymour town,FEMALE,45--49,10,578,466,33,0,14,1,1,63
09,009,140,Naugatuck Valley Planning Region,67610,Seymour town,FEMALE,50--54,11,606,516,30,0,18,0,9,33
09,009,140,Naugatuck Valley Planning Region,67610,Seymour town,FEMALE,55--59,12,662,569,17,0,14,0,8,54
09,009,140,Naugatuck Valley Planning Region,67610,Seymour town,FEMALE,60--64,13,653,566,14,1,16,0,6,50
09,009,140,Naugatuck Valley Planning Region,67610,Seymour town,FEMALE,65--69,14,485,456,6,0,4,0,0,19
09,009,140,Naugatuck Valley Planning Region,67610,Seymour town,FEMALE,70--74,15,454,414,6,0,13,0,5,16
09,009,140,Naugatuck Valley Planning Region,67610,Seymour town,FEMALE,75--79,16,265,241,11,0,4,0,1,8
09,009,140,Naugatuck Valley Planning Region,67610,Seymour town,FEMALE,80--84,17,171,161,3,0,4,0,3,0
09,009,140,Naugatuck Valley Planning Region,67610,Seymour town,FEMALE,85+,18,223,209,2,0,3,0,4,5
09,009,140,Naugatuck Valley Planning Region,69640,Southbury town,MALE,00--04,1,353,300,4,0,5,0,20,24
09,009,140,Naugatuck Valley Planning Region,69640,Southbury town,MALE,05--09,2,447,370,10,0,11,0,17,39
09,009,140,Naugatuck Valley Planning Region,69640,Southbury town,MALE,10--14,3,531,428,15,2,22,0,23,41
09,009,140,Naugatuck Valley Planning Region,69640,Southbury town,MALE,15--19,4,598,483,9,0,28,1,33,44
09,009,140,Naugatuck Valley Planning Region,69640,Southbury town,MALE,20--24,5,393,332,1,0,24,0,6,30
09,009,140,Naugatuck Valley Planning Region,69640,Southbury town,MALE,25--29,6,333,286,7,1,9,1,10,19
09,009,140,Naugatuck Valley Planning Region,69640,Southbury town,MALE,30--34,7,358,310,4,2,15,0,8,19
09,009,140,Naugatuck Valley Planning Region,69640,Southbury town,MALE,35--39,8,446,402,11,0,11,0,3,19
09,009,140,Naugatuck Valley Planning Region,69640,Southbury town,MALE,40--44,9,481,419,7,0,19,0,7,29
09,009,140,Naugatuck Valley Planning Region,69640,Southbury town,MALE,45--49,10,497,423,13,0,29,0,4,28
09,009,140,Naugatuck Valley Planning Region,69640,Southbury town,MALE,50--54,11,645,570,9,0,23,0,22,21
09,009,140,Naugatuck Valley Planning Region,69640,Southbury town,MALE,55--59,12,761,672,12,0,28,0,19,30
09,009,140,Naugatuck Valley Planning Region,69640,Southbury town,MALE,60--64,13,799,755,6,1,11,0,13,13
09,009,140,Naugatuck Valley Planning Region,69640,Southbury town,MALE,65--69,14,715,676,5,0,15,0,11,8
09,009,140,Naugatuck Valley Planning Region,69640,Southbury town,MALE,70--74,15,681,656,3,0,9,0,2,11
09,009,140,Naugatuck Valley Planning Region,69640,Southbury town,MALE,75--79,16,533,517,3,0,7,0,0,6
09,009,140,Naugatuck Valley Planning Region,69640,Southbury town,MALE,80--84,17,323,312,1,0,0,0,0,10
09,009,140,Naugatuck Valley Planning Region,69640,Southbury town,MALE,85+,18,376,368,0,0,4,0,0,4
09,009,140,Naugatuck Valley Planning Region,69640,Southbury town,FEMALE,00--04,1,336,276,5,0,4,1,19,31
09,009,140,Naugatuck Valley Planning Region,69640,Southbury town,FEMALE,05--09,2,413,332,11,1,6,0,29,34
09,009,140,Naugatuck Valley Planning Region,69640,Southbury town,FEMALE,10--14,3,485,392,9,0,24,0,20,40
09,009,140,Naugatuck Valley Planning Region,69640,Southbury town,FEMALE,15--19,4,542,439,14,0,32,0,17,40
09,009,140,Naugatuck Valley Planning Region,69640,Southbury town,FEMALE,20--24,5,318,257,6,0,16,0,14,25
09,009,140,Naugatuck Valley Planning Region,69640,Southbury town,FEMALE,25--29,6,306,260,5,0,4,0,5,32
09,009,140,Naugatuck Valley Planning Region,69640,Southbury town,FEMALE,30--34,7,364,315,6,0,17,0,5,21
09,009,140,Naugatuck Valley Planning Region,69640,Southbury town,FEMALE,35--39,8,459,411,7,0,13,0,4,24
09,009,140,Naugatuck Valley Planning Region,69640,Southbury town,FEMALE,40--44,9,485,423,8,1,19,1,9,24
09,009,140,Naugatuck Valley Planning Region,69640,Southbury town,FEMALE,45--49,10,520,441,5,0,35,0,9,30
09,009,140,Naugatuck Valley Planning Region,69640,Southbury town,FEMALE,50--54,11,673,587,10,0,42,0,5,29
09,009,140,Naugatuck Valley Planning Region,69640,Southbury town,FEMALE,55--59,12,821,740,12,0,33,0,9,27
09,009,140,Naugatuck Valley Planning Region,69640,Southbury town,FEMALE,60--64,13,848,809,5,0,3,0,10,21
09,009,140,Naugatuck Valley Planning Region,69640,Southbury town,FEMALE,65--69,14,823,786,6,0,12,0,0,19
09,009,140,Naugatuck Valley Planning Region,69640,Southbury town,FEMALE,70--74,15,907,880,3,0,9,0,7,8
09,009,140,Naugatuck Valley Planning Region,69640,Southbury town,FEMALE,75--79,16,755,728,3,0,7,0,8,9
09,009,140,Naugatuck Valley Planning Region,69640,Southbury town,FEMALE,80--84,17,570,561,2,0,1,0,0,6
09,009,140,Naugatuck Valley Planning Region,69640,Southbury town,FEMALE,85+,18,900,877,5,0,8,0,1,9
09,009,170,South Central Connecticut Planning Region,78740,Wallingford town,MALE,00--04,1,997,687,13,0,51,2,46,198
09,009,170,South Central Connecticut Planning Region,78740,Wallingford town,MALE,05--09,2,1057,726,28,0,43,4,32,224
09,009,170,South Central Connecticut Planning Region,78740,Wallingford town,MALE,10--14,3,1155,798,34,1,49,1,57,215
09,009,170,South Central Connecticut Planning Region,78740,Wallingford town,MALE,15--19,4,1342,903,50,1,97,0,39,252
09,009,170,South Central Connecticut Planning Region,78740,Wallingford town,MALE,20--24,5,1196,898,42,7,40,0,38,171
09,009,170,South Central Connecticut Planning Region,78740,Wallingford town,MALE,25--29,6,1391,1081,34,2,58,1,24,191
09,009,170,South Central Connecticut Planning Region,78740,Wallingford town,MALE,30--34,7,1442,1146,39,2,47,1,30,177
09,009,170,South Central Connecticut Planning Region,78740,Wallingford town,MALE,35--39,8,1405,1075,32,2,57,2,30,207
09,009,170,South Central Connecticut Planning Region,78740,Wallingford town,MALE,40--44,9,1282,992,40,1,50,1,21,177
09,009,170,South Central Connecticut Planning Region,78740,Wallingford town,MALE,45--49,10,1318,1026,33,3,82,0,25,149
09,009,170,South Central Connecticut Planning Region,78740,Wallingford town,MALE,50--54,11,1456,1204,27,3,60,0,12,150
09,009,170,South Central Connecticut Planning Region,78740,Wallingford town,MALE,55--59,12,1669,1448,32,2,62,1,24,100
09,009,170,South Central Connecticut Planning Region,78740,Wallingford town,MALE,60--64,13,1688,1522,27,0,41,0,15,83
09,009,170,South Central Connecticut Planning Region,78740,Wallingford town,MALE,65--69,14,1399,1300,9,3,43,0,13,31
09,009,170,South Central Connecticut Planning Region,78740,Wallingford town,MALE,70--74,15,1021,947,8,0,19,1,18,28
09,009,170,South Central Connecticut Planning Region,78740,Wallingford town,MALE,75--79,16,743,684,9,0,12,0,8,30
09,009,170,South Central Connecticut Planning Region,78740,Wallingford town,MALE,80--84,17,446,406,12,0,2,0,3,23
09,009,170,South Central Connecticut Planning Region,78740,Wallingford town,MALE,85+,18,452,429,2,0,4,0,4,13
09,009,170,South Central Connecticut Planning Region,78740,Wallingford town,FEMALE,00--04,1,914,659,20,0,33,0,32,170
09,009,170,South Central Connecticut Planning Region,78740,Wallingford town,FEMALE,05--09,2,944,663,20,0,44,0,39,178
09,009,170,South Central Connecticut Planning Region,78740,Wallingford town,FEMALE,10--14,3,1153,772,31,1,73,0,53,223
09,009,170,South Central Connecticut Planning Region,78740,Wallingford town,FEMALE,15--19,4,1337,908,42,4,108,1,51,223
09,009,170,South Central Connecticut Planning Region,78740,Wallingford town,FEMALE,20--24,5,1193,897,18,4,63,0,51,160
09,009,170,South Central Connecticut Planning Region,78740,Wallingford town,FEMALE,25--29,6,1345,1031,24,1,59,3,40,187
09,009,170,South Central Connecticut Planning Region,78740,Wallingford town,FEMALE,30--34,7,1420,1115,40,0,69,1,32,163
09,009,170,South Central Connecticut Planning Region,78740,Wallingford town,FEMALE,35--39,8,1449,1110,33,2,76,0,18,210
09,009,170,South Central Connecticut Planning Region,78740,Wallingford town,FEMALE,40--44,9,1335,1016,33,1,98,0,25,162
09,009,170,South Central Connecticut Planning Region,78740,Wallingford town,FEMALE,45--49,10,1327,1007,24,6,96,1,24,169
09,009,170,South Central Connecticut Planning Region,78740,Wallingford town,FEMALE,50--54,11,1492,1222,24,5,69,2,25,145
09,009,170,South Central Connecticut Planning Region,78740,Wallingford town,FEMALE,55--59,12,1788,1552,28,0,53,0,40,115
09,009,170,South Central Connecticut Planning Region,78740,Wallingford town,FEMALE,60--64,13,1740,1571,25,1,52,0,13,78
09,009,170,South Central Connecticut Planning Region,78740,Wallingford town,FEMALE,65--69,14,1520,1388,22,1,47,1,13,48
09,009,170,South Central Connecticut Planning Region,78740,Wallingford town,FEMALE,70--74,15,1287,1186,22,2,27,0,7,43
09,009,170,South Central Connecticut Planning Region,78740,Wallingford town,FEMALE,75--79,16,887,829,6,2,24,0,3,23
09,009,170,South Central Connecticut Planning Region,78740,Wallingford town,FEMALE,80--84,17,612,576,4,0,5,0,2,25
09,009,170,South Central Connecticut Planning Region,78740,Wallingford town,FEMALE,85+,18,988,938,16,1,10,0,7,16
09,009,140,Naugatuck Valley Planning Region,80070,Waterbury town,MALE,00--04,1,3950,818,725,7,115,0,137,2148
09,009,140,Naugatuck Valley Planning Region,80070,Waterbury town,MALE,05--09,2,3954,848,775,8,85,3,183,2052
09,009,140,Naugatuck Valley Planning Region,80070,Waterbury town,MALE,10--14,3,4100,856,840,12,102,0,165,2125
09,009,140,Naugatuck Valley Planning Region,80070,Waterbury town,MALE,15--19,4,3877,847,798,4,92,3,163,1970
09,009,140,Naugatuck Valley Planning Region,80070,Waterbury town,MALE,20--24,5,3745,916,871,8,91,5,125,1729
09,009,140,Naugatuck Valley Planning Region,80070,Waterbury town,MALE,25--29,6,4058,1147,878,9,117,1,114,1792
09,009,140,Naugatuck Valley Planning Region,80070,Waterbury town,MALE,30--34,7,3797,1196,843,13,85,1,87,1572
09,009,140,Naugatuck Valley Planning Region,80070,Waterbury town,MALE,35--39,8,3692,1249,751,11,117,3,66,1495
09,009,140,Naugatuck Valley Planning Region,80070,Waterbury town,MALE,40--44,9,3485,1170,721,9,70,2,60,1453
09,009,140,Naugatuck Valley Planning Region,80070,Waterbury town,MALE,45--49,10,3128,1062,672,12,81,3,67,1231
09,009,140,Naugatuck Valley Planning Region,80070,Waterbury town,MALE,50--54,11,3436,1358,817,13,69,2,53,1124
09,009,140,Naugatuck Valley Planning Region,80070,Waterbury town,MALE,55--59,12,3412,1636,663,14,89,1,57,952
09,009,140,Naugatuck Valley Planning Region,80070,Waterbury town,MALE,60--64,13,3334,1841,599,13,71,1,63,746
09,009,140,Naugatuck Valley Planning Region,80070,Waterbury town,MALE,65--69,14,2548,1533,403,13,67,2,39,491
09,009,140,Naugatuck Valley Planning Region,80070,Waterbury town,MALE,70--74,15,1841,1120,290,4,19,3,17,388
09,009,140,Naugatuck Valley Planning Region,80070,Waterbury town,MALE,75--79,16,1191,782,160,2,27,0,12,208
09,009,140,Naugatuck Valley Planning Region,80070,Waterbury town,MALE,80--84,17,679,460,80,5,4,0,8,122
09,009,140,Naugatuck Valley Planning Region,80070,Waterbury town,MALE,85+,18,635,483,56,4,8,0,4,80
09,009,140,Naugatuck Valley Planning Region,80070,Waterbury town,FEMALE,00--04,1,3594,730,684,8,76,0,198,1898
09,009,140,Naugatuck Valley Planning Region,80070,Waterbury town,FEMALE,05--09,2,3797,760,753,6,77,0,154,2047
09,009,140,Naugatuck Valley Planning Region,80070,Waterbury town,FEMALE,10--14,3,3952,702,858,18,82,0,180,2112
09,009,140,Naugatuck Valley Planning Region,80070,Waterbury town,FEMALE,15--19,4,3742,739,843,6,82,3,165,1904
09,009,140,Naugatuck Valley Planning Region,80070,Waterbury town,FEMALE,20--24,5,3643,906,823,3,81,2,164,1664
09,009,140,Naugatuck Valley Planning Region,80070,Waterbury town,FEMALE,25--29,6,4216,1098,904,8,114,4,125,1963
09,009,140,Naugatuck Valley Planning Region,80070,Waterbury town,FEMALE,30--34,7,4461,1262,960,10,110,3,133,1983
09,009,140,Naugatuck Valley Planning Region,80070,Waterbury town,FEMALE,35--39,8,4126,1256,906,9,95,2,102,1756
09,009,140,Naugatuck Valley Planning Region,80070,Waterbury town,FEMALE,40--44,9,3893,1140,872,13,92,3,99,1674
09,009,140,Naugatuck Valley Planning Region,80070,Waterbury town,FEMALE,45--49,10,3497,1107,829,14,94,2,75,1376
09,009,140,Naugatuck Valley Planning Region,80070,Waterbury town,FEMALE,50--54,11,3627,1342,840,21,84,1,79,1260
09,009,140,Naugatuck Valley Planning Region,80070,Waterbury town,FEMALE,55--59,12,3866,1800,820,14,68,9,58,1097
09,009,140,Naugatuck Valley Planning Region,80070,Waterbury town,FEMALE,60--64,13,3542,1852,665,15,86,2,52,870
09,009,140,Naugatuck Valley Planning Region,80070,Waterbury town,FEMALE,65--69,14,2803,1539,524,2,74,4,43,617
09,009,140,Naugatuck Valley Planning Region,80070,Waterbury town,FEMALE,70--74,15,2319,1354,379,17,25,1,8,535
09,009,140,Naugatuck Valley Planning Region,80070,Waterbury town,FEMALE,75--79,16,1500,970,223,7,23,0,10,267
09,009,140,Naugatuck Valley Planning Region,80070,Waterbury town,FEMALE,80--84,17,1077,684,169,7,14,0,13,190
09,009,140,Naugatuck Valley Planning Region,80070,Waterbury town,FEMALE,85+,18,1293,992,127,0,10,0,14,150
09,009,170,South Central Connecticut Planning Region,82870,West Haven town,MALE,00--04,1,1401,395,329,4,82,0,72,519
09,009,170,South Central Connecticut Planning Region,82870,West Haven town,MALE,05--09,2,1428,417,343,3,71,0,54,540
09,009,170,South Central Connecticut Planning Region,82870,West Haven town,MALE,10--14,3,1554,457,396,4,78,0,58,561
09,009,170,South Central Connecticut Planning Region,82870,West Haven town,MALE,15--19,4,2130,872,455,0,77,0,67,659
09,009,170,South Central Connecticut Planning Region,82870,West Haven town,MALE,20--24,5,2333,984,496,2,184,1,66,600
09,009,170,South Central Connecticut Planning Region,82870,West Haven town,MALE,25--29,6,1950,806,390,4,191,1,54,504
09,009,170,South Central Connecticut Planning Region,82870,West Haven town,MALE,30--34,7,1816,774,372,5,145,1,57,462
09,009,170,South Central Connecticut Planning Region,82870,West Haven town,MALE,35--39,8,1778,745,354,2,103,0,40,534
09,009,170,South Central Connecticut Planning Region,82870,West Haven town,MALE,40--44,9,1546,630,300,4,71,0,43,498
09,009,170,South Central Connecticut Planning Region,82870,West Haven town,MALE,45--49,10,1477,667,335,0,59,1,38,377
09,009,170,South Central Connecticut Planning Region,82870,West Haven town,MALE,50--54,11,1748,827,406,5,75,1,40,394
09,009,170,South Central Connecticut Planning Region,82870,West Haven town,MALE,55--59,12,1886,1097,366,14,75,0,26,308
09,009,170,South Central Connecticut Planning Region,82870,West Haven town,MALE,60--64,13,1864,1189,388,3,55,0,27,202
09,009,170,South Central Connecticut Planning Region,82870,West Haven town,MALE,65--69,14,1383,948,234,1,27,0,23,150
09,009,170,South Central Connecticut Planning Region,82870,West Haven town,MALE,70--74,15,1145,835,193,1,28,0,25,63
09,009,170,South Central Connecticut Planning Region,82870,West Haven town,MALE,75--79,16,687,527,88,3,19,0,3,47
09,009,170,South Central Connecticut Planning Region,82870,West Haven town,MALE,80--84,17,351,284,45,1,5,1,3,12
09,009,170,South Central Connecticut Planning Region,82870,West Haven town,MALE,85+,18,335,271,42,1,5,0,4,12
09,009,170,South Central Connecticut Planning Region,82870,West Haven town,FEMALE,00--04,1,1360,402,315,0,90,0,69,484
09,009,170,South Central Connecticut Planning Region,82870,West Haven town,FEMALE,05--09,2,1377,363,349,1,85,0,56,523
09,009,170,South Central Connecticut Planning Region,82870,West Haven town,FEMALE,10--14,3,1464,401,354,4,55,0,70,580
09,009,170,South Central Connecticut Planning Region,82870,West Haven town,FEMALE,15--19,4,2321,1042,440,10,95,0,71,663
09,009,170,South Central Connecticut Planning Region,82870,West Haven town,FEMALE,20--24,5,2453,1123,482,9,121,0,65,653
09,009,170,South Central Connecticut Planning Region,82870,West Haven town,FEMALE,25--29,6,1815,710,397,2,140,0,64,502
09,009,170,South Central Connecticut Planning Region,82870,West Haven town,FEMALE,30--34,7,1887,805,444,4,107,0,48,479
09,009,170,South Central Connecticut Planning Region,82870,West Haven town,FEMALE,35--39,8,1909,703,484,1,94,0,43,584
09,009,170,South Central Connecticut Planning Region,82870,West Haven town,FEMALE,40--44,9,1661,663,404,3,60,0,38,493
09,009,170,South Central Connecticut Planning Region,82870,West Haven town,FEMALE,45--49,10,1586,653,402,3,93,1,36,398
09,009,170,South Central Connecticut Planning Region,82870,West Haven town,FEMALE,50--54,11,1835,890,462,8,65,0,39,371
09,009,170,South Central Connecticut Planning Region,82870,West Haven town,FEMALE,55--59,12,1914,1064,457,2,76,3,24,288
09,009,170,South Central Connecticut Planning Region,82870,West Haven town,FEMALE,60--64,13,1974,1237,385,3,55,0,29,265
09,009,170,South Central Connecticut Planning Region,82870,West Haven town,FEMALE,65--69,14,1591,1111,261,2,51,0,14,152
09,009,170,South Central Connecticut Planning Region,82870,West Haven town,FEMALE,70--74,15,1333,939,218,6,37,0,19,114
09,009,170,South Central Connecticut Planning Region,82870,West Haven town,FEMALE,75--79,16,899,656,138,7,27,0,6,65
09,009,170,South Central Connecticut Planning Region,82870,West Haven town,FEMALE,80--84,17,515,385,79,0,20,0,4,27
09,009,170,South Central Connecticut Planning Region,82870,West Haven town,FEMALE,85+,18,586,485,49,2,8,1,8,33
09,009,140,Naugatuck Valley Planning Region,87560,Wolcott town,MALE,00--04,1,314,227,9,0,3,0,34,41
09,009,140,Naugatuck Valley Planning Region,87560,Wolcott town,MALE,05--09,2,408,304,16,0,12,0,18,58
09,009,140,Naugatuck Valley Planning Region,87560,Wolcott town,MALE,10--14,3,477,376,19,2,5,0,20,55
09,009,140,Naugatuck Valley Planning Region,87560,Wolcott town,MALE,15--19,4,550,443,23,0,3,0,14,67
09,009,140,Naugatuck Valley Planning Region,87560,Wolcott town,MALE,20--24,5,458,383,19,0,6,0,13,37
09,009,140,Naugatuck Valley Planning Region,87560,Wolcott town,MALE,25--29,6,442,371,18,2,9,0,8,34
09,009,140,Naugatuck Valley Planning Region,87560,Wolcott town,MALE,30--34,7,403,342,7,4,6,0,10,34
09,009,140,Naugatuck Valley Planning Region,87560,Wolcott town,MALE,35--39,8,448,368,15,0,12,0,19,34
09,009,140,Naugatuck Valley Planning Region,87560,Wolcott town,MALE,40--44,9,509,416,21,0,21,0,8,43
09,009,140,Naugatuck Valley Planning Region,87560,Wolcott town,MALE,45--49,10,536,464,17,1,11,0,3,40
09,009,140,Naugatuck Valley Planning Region,87560,Wolcott town,MALE,50--54,11,617,549,16,1,9,0,6,36
09,009,140,Naugatuck Valley Planning Region,87560,Wolcott town,MALE,55--59,12,722,684,9,0,3,0,4,22
09,009,140,Naugatuck Valley Planning Region,87560,Wolcott town,MALE,60--64,13,643,600,19,3,0,1,1,19
09,009,140,Naugatuck Valley Planning Region,87560,Wolcott town,MALE,65--69,14,544,508,11,3,10,0,3,9
09,009,140,Naugatuck Valley Planning Region,87560,Wolcott town,MALE,70--74,15,340,313,3,0,2,0,9,13
09,009,140,Naugatuck Valley Planning Region,87560,Wolcott town,MALE,75--79,16,275,260,3,0,0,0,2,10
09,009,140,Naugatuck Valley Planning Region,87560,Wolcott town,MALE,80--84,17,172,164,5,0,0,0,1,2
09,009,140,Naugatuck Valley Planning Region,87560,Wolcott town,MALE,85+,18,133,123,5,0,3,0,2,0
09,009,140,Naugatuck Valley Planning Region,87560,Wolcott town,FEMALE,00--04,1,326,249,18,0,6,0,18,35
09,009,140,Naugatuck Valley Planning Region,87560,Wolcott town,FEMALE,05--09,2,401,302,9,2,11,0,15,62
09,009,140,Naugatuck Valley Planning Region,87560,Wolcott town,FEMALE,10--14,3,472,353,21,2,10,0,20,66
09,009,140,Naugatuck Valley Planning Region,87560,Wolcott town,FEMALE,15--19,4,470,366,16,0,5,0,16,67
09,009,140,Naugatuck Valley Planning Region,87560,Wolcott town,FEMALE,20--24,5,402,331,12,0,9,0,11,39
09,009,140,Naugatuck Valley Planning Region,87560,Wolcott town,FEMALE,25--29,6,423,353,8,0,12,0,16,34
09,009,140,Naugatuck Valley Planning Region,87560,Wolcott town,FEMALE,30--34,7,393,344,8,0,6,0,12,23
09,009,140,Naugatuck Valley Planning Region,87560,Wolcott town,FEMALE,35--39,8,472,404,12,2,13,0,9,32
09,009,140,Naugatuck Valley Planning Region,87560,Wolcott town,FEMALE,40--44,9,483,388,27,0,8,2,15,43
09,009,140,Naugatuck Valley Planning Region,87560,Wolcott town,FEMALE,45--49,10,512,440,19,0,14,0,11,28
09,009,140,Naugatuck Valley Planning Region,87560,Wolcott town,FEMALE,50--54,11,691,628,3,2,5,0,20,33
09,009,140,Naugatuck Valley Planning Region,87560,Wolcott town,FEMALE,55--59,12,707,657,8,2,4,0,9,27
09,009,140,Naugatuck Valley Planning Region,87560,Wolcott town,FEMALE,60--64,13,648,604,9,1,14,0,7,13
09,009,140,Naugatuck Valley Planning Region,87560,Wolcott town,FEMALE,65--69,14,522,488,10,0,10,0,8,6
09,009,140,Naugatuck Valley Planning Region,87560,Wolcott town,FEMALE,70--74,15,439,411,12,0,7,0,0,9
09,009,140,Naugatuck Valley Planning Region,87560,Wolcott town,FEMALE,75--79,16,341,320,7,0,6,0,3,5
09,009,140,Naugatuck Valley Planning Region,87560,Wolcott town,FEMALE,80--84,17,232,224,3,0,0,0,0,5
09,009,140,Naugatuck Valley Planning Region,87560,Wolcott town,FEMALE,85+,18,236,224,0,0,3,0,2,7
09,009,170,South Central Connecticut Planning Region,87700,Woodbridge town,MALE,00--04,1,209,131,6,0,29,0,25,18
09,009,170,South Central Connecticut Planning Region,87700,Woodbridge town,MALE,05--09,2,315,194,1,2,45,0,32,41
09,009,170,South Central Connecticut Planning Region,87700,Woodbridge town,MALE,10--14,3,355,211,6,0,68,0,26,44
09,009,170,South Central Connecticut Planning Region,87700,Woodbridge town,MALE,15--19,4,288,189,11,0,49,0,10,29
09,009,170,South Central Connecticut Planning Region,87700,Woodbridge town,MALE,20--24,5,229,160,4,0,45,0,7,13
09,009,170,South Central Connecticut Planning Region,87700,Woodbridge town,MALE,25--29,6,137,109,1,0,15,0,1,11
09,009,170,South Central Connecticut Planning Region,87700,Woodbridge town,MALE,30--34,7,154,121,6,0,17,0,4,6
09,009,170,South Central Connecticut Planning Region,87700,Woodbridge town,MALE,35--39,8,250,182,5,0,32,0,6,25
09,009,170,South Central Connecticut Planning Region,87700,Woodbridge town,MALE,40--44,9,306,216,17,0,51,0,2,20
09,009,170,South Central Connecticut Planning Region,87700,Woodbridge town,MALE,45--49,10,277,191,11,1,56,0,8,10
09,009,170,South Central Connecticut Planning Region,87700,Woodbridge town,MALE,50--54,11,309,221,11,0,60,0,9,8
09,009,170,South Central Connecticut Planning Region,87700,Woodbridge town,MALE,55--59,12,354,280,12,0,48,1,3,10
09,009,170,South Central Connecticut Planning Region,87700,Woodbridge town,MALE,60--64,13,339,277,12,0,31,0,5,14
09,009,170,South Central Connecticut Planning Region,87700,Woodbridge town,MALE,65--69,14,338,301,9,0,18,0,3,7
09,009,170,South Central Connecticut Planning Region,87700,Woodbridge town,MALE,70--74,15,245,225,4,0,12,0,0,4
09,009,170,South Central Connecticut Planning Region,87700,Woodbridge town,MALE,75--79,16,171,145,6,0,15,0,2,3
09,009,170,South Central Connecticut Planning Region,87700,Woodbridge town,MALE,80--84,17,98,76,7,0,12,0,3,0
09,009,170,South Central Connecticut Planning Region,87700,Woodbridge town,MALE,85+,18,111,101,4,0,5,0,0,1
09,009,170,South Central Connecticut Planning Region,87700,Woodbridge town,FEMALE,00--04,1,223,160,8,0,16,0,13,26
09,009,170,South Central Connecticut Planning Region,87700,Woodbridge town,FEMALE,05--09,2,277,190,15,0,31,0,19,22
09,009,170,South Central Connecticut Planning Region,87700,Woodbridge town,FEMALE,10--14,3,299,183,14,0,57,0,23,22
09,009,170,South Central Connecticut Planning Region,87700,Woodbridge town,FEMALE,15--19,4,297,196,10,0,59,0,15,17
09,009,170,South Central Connecticut Planning Region,87700,Woodbridge town,FEMALE,20--24,5,164,125,6,0,19,0,2,12
09,009,170,South Central Connecticut Planning Region,87700,Woodbridge town,FEMALE,25--29,6,134,99,5,0,21,0,2,7
09,009,170,South Central Connecticut Planning Region,87700,Woodbridge town,FEMALE,30--34,7,175,119,1,0,29,0,6,20
09,009,170,South Central Connecticut Planning Region,87700,Woodbridge town,FEMALE,35--39,8,266,198,9,0,34,1,3,21
09,009,170,South Central Connecticut Planning Region,87700,Woodbridge town,FEMALE,40--44,9,320,207,12,1,67,1,12,20
09,009,170,South Central Connecticut Planning Region,87700,Woodbridge town,FEMALE,45--49,10,305,201,9,0,72,0,8,15
09,009,170,South Central Connecticut Planning Region,87700,Woodbridge town,FEMALE,50--54,11,330,234,9,0,62,0,7,18
09,009,170,South Central Connecticut Planning Region,87700,Woodbridge town,FEMALE,55--59,12,359,280,7,0,42,0,8,22
09,009,170,South Central Connecticut Planning Region,87700,Woodbridge town,FEMALE,60--64,13,370,314,12,0,26,0,2,16
09,009,170,South Central Connecticut Planning Region,87700,Woodbridge town,FEMALE,65--69,14,312,265,9,1,22,0,2,13
09,009,170,South Central Connecticut Planning Region,87700,Woodbridge town,FEMALE,70--74,15,247,220,1,0,16,0,0,10
09,009,170,South Central Connecticut Planning Region,87700,Woodbridge town,FEMALE,75--79,16,174,140,9,0,15,0,1,9
09,009,170,South Central Connecticut Planning Region,87700,Woodbridge town,FEMALE,80--84,17,106,98,6,0,1,0,0,1
09,009,170,South Central Connecticut Planning Region,87700,Woodbridge town,FEMALE,85+,18,202,175,14,0,5,0,1,7
09,011,180,Southeastern Connecticut Planning Region,06820,Bozrah town,MALE,00--04,1,46,34,1,0,0,0,4,7
09,011,180,Southeastern Connecticut Planning Region,06820,Bozrah town,MALE,05--09,2,53,43,1,0,0,0,2,7
09,011,180,Southeastern Connecticut Planning Region,06820,Bozrah town,MALE,10--14,3,67,55,1,0,0,0,6,5
09,011,180,Southeastern Connecticut Planning Region,06820,Bozrah town,MALE,15--19,4,61,54,1,3,0,0,1,2
09,011,180,Southeastern Connecticut Planning Region,06820,Bozrah town,MALE,20--24,5,78,73,0,0,1,0,2,2
09,011,180,Southeastern Connecticut Planning Region,06820,Bozrah town,MALE,25--29,6,84,72,2,1,2,0,3,4
09,011,180,Southeastern Connecticut Planning Region,06820,Bozrah town,MALE,30--34,7,63,55,3,0,1,0,3,1
09,011,180,Southeastern Connecticut Planning Region,06820,Bozrah town,MALE,35--39,8,64,53,2,0,0,0,6,3
09,011,180,Southeastern Connecticut Planning Region,06820,Bozrah town,MALE,40--44,9,62,51,3,0,0,0,3,5
09,011,180,Southeastern Connecticut Planning Region,06820,Bozrah town,MALE,45--49,10,79,76,0,0,0,1,0,2
09,011,180,Southeastern Connecticut Planning Region,06820,Bozrah town,MALE,50--54,11,105,96,4,0,0,0,3,2
09,011,180,Southeastern Connecticut Planning Region,06820,Bozrah town,MALE,55--59,12,107,102,1,0,0,1,2,1
09,011,180,Southeastern Connecticut Planning Region,06820,Bozrah town,MALE,60--64,13,114,105,3,0,0,0,2,4
09,011,180,Southeastern Connecticut Planning Region,06820,Bozrah town,MALE,65--69,14,83,79,0,0,1,0,1,2
09,011,180,Southeastern Connecticut Planning Region,06820,Bozrah town,MALE,70--74,15,70,67,0,0,0,0,2,1
09,011,180,Southeastern Connecticut Planning Region,06820,Bozrah town,MALE,75--79,16,41,41,0,0,0,0,0,0
09,011,180,Southeastern Connecticut Planning Region,06820,Bozrah town,MALE,80--84,17,26,25,0,0,0,0,0,1
09,011,180,Southeastern Connecticut Planning Region,06820,Bozrah town,MALE,85+,18,36,34,1,0,0,0,1,0
09,011,180,Southeastern Connecticut Planning Region,06820,Bozrah town,FEMALE,00--04,1,51,34,2,0,0,0,5,10
09,011,180,Southeastern Connecticut Planning Region,06820,Bozrah town,FEMALE,05--09,2,36,25,1,0,0,0,3,7
09,011,180,Southeastern Connecticut Planning Region,06820,Bozrah town,FEMALE,10--14,3,62,47,1,0,0,0,9,5
09,011,180,Southeastern Connecticut Planning Region,06820,Bozrah town,FEMALE,15--19,4,56,44,1,0,0,0,4,7
09,011,180,Southeastern Connecticut Planning Region,06820,Bozrah town,FEMALE,20--24,5,63,55,3,0,0,0,4,1
09,011,180,Southeastern Connecticut Planning Region,06820,Bozrah town,FEMALE,25--29,6,69,64,1,0,1,0,1,2
09,011,180,Southeastern Connecticut Planning Region,06820,Bozrah town,FEMALE,30--34,7,60,53,1,1,1,0,2,2
09,011,180,Southeastern Connecticut Planning Region,06820,Bozrah town,FEMALE,35--39,8,69,60,1,0,0,1,3,4
09,011,180,Southeastern Connecticut Planning Region,06820,Bozrah town,FEMALE,40--44,9,67,58,0,0,2,0,2,5
09,011,180,Southeastern Connecticut Planning Region,06820,Bozrah town,FEMALE,45--49,10,71,62,5,0,0,0,3,1
09,011,180,Southeastern Connecticut Planning Region,06820,Bozrah town,FEMALE,50--54,11,75,73,1,0,0,0,0,1
09,011,180,Southeastern Connecticut Planning Region,06820,Bozrah town,FEMALE,55--59,12,119,110,0,0,0,1,3,5
09,011,180,Southeastern Connecticut Planning Region,06820,Bozrah town,FEMALE,60--64,13,103,100,0,0,1,0,1,1
09,011,180,Southeastern Connecticut Planning Region,06820,Bozrah town,FEMALE,65--69,14,88,85,0,0,0,0,0,3
09,011,180,Southeastern Connecticut Planning Region,06820,Bozrah town,FEMALE,70--74,15,61,60,0,0,0,0,0,1
09,011,180,Southeastern Connecticut Planning Region,06820,Bozrah town,FEMALE,75--79,16,53,50,1,0,0,0,2,0
09,011,180,Southeastern Connecticut Planning Region,06820,Bozrah town,FEMALE,80--84,17,31,31,0,0,0,0,0,0
09,011,180,Southeastern Connecticut Planning Region,06820,Bozrah town,FEMALE,85+,18,43,41,1,0,0,0,0,1
09,011,180,Southeastern Connecticut Planning Region,15910,Colchester town,MALE,00--04,1,427,326,11,1,2,0,31,56
09,011,180,Southeastern Connecticut Planning Region,15910,Colchester town,MALE,05--09,2,382,309,5,0,4,0,26,38
09,011,180,Southeastern Connecticut Planning Region,15910,Colchester town,MALE,10--14,3,506,435,5,0,9,0,20,37
09,011,180,Southeastern Connecticut Planning Region,15910,Colchester town,MALE,15--19,4,579,487,11,3,21,1,21,35
09,011,180,Southeastern Connecticut Planning Region,15910,Colchester town,MALE,20--24,5,508,438,15,1,7,0,9,38
09,011,180,Southeastern Connecticut Planning Region,15910,Colchester town,MALE,25--29,6,459,418,11,1,1,0,4,24
09,011,180,Southeastern Connecticut Planning Region,15910,Colchester town,MALE,30--34,7,496,437,9,0,15,0,9,26
09,011,180,Southeastern Connecticut Planning Region,15910,Colchester town,MALE,35--39,8,437,372,10,1,8,0,22,24
09,011,180,Southeastern Connecticut Planning Region,15910,Colchester town,MALE,40--44,9,435,390,8,0,12,0,10,15
09,011,180,Southeastern Connecticut Planning Region,15910,Colchester town,MALE,45--49,10,431,385,9,2,8,0,9,18
09,011,180,Southeastern Connecticut Planning Region,15910,Colchester town,MALE,50--54,11,578,527,4,0,20,0,12,15
09,011,180,Southeastern Connecticut Planning Region,15910,Colchester town,MALE,55--59,12,675,632,12,7,8,0,3,13
09,011,180,Southeastern Connecticut Planning Region,15910,Colchester town,MALE,60--64,13,612,562,19,4,5,0,10,12
09,011,180,Southeastern Connecticut Planning Region,15910,Colchester town,MALE,65--69,14,426,392,2,0,2,0,5,25
09,011,180,Southeastern Connecticut Planning Region,15910,Colchester town,MALE,70--74,15,349,337,0,0,7,0,3,2
09,011,180,Southeastern Connecticut Planning Region,15910,Colchester town,MALE,75--79,16,234,220,7,0,3,0,3,1
09,011,180,Southeastern Connecticut Planning Region,15910,Colchester town,MALE,80--84,17,109,107,1,0,1,0,0,0
09,011,180,Southeastern Connecticut Planning Region,15910,Colchester town,MALE,85+,18,85,83,0,0,1,0,0,1
09,011,180,Southeastern Connecticut Planning Region,15910,Colchester town,FEMALE,00--04,1,378,315,5,6,0,1,27,24
09,011,180,Southeastern Connecticut Planning Region,15910,Colchester town,FEMALE,05--09,2,387,334,7,0,4,1,14,27
09,011,180,Southeastern Connecticut Planning Region,15910,Colchester town,FEMALE,10--14,3,465,372,12,3,12,1,27,38
09,011,180,Southeastern Connecticut Planning Region,15910,Colchester town,FEMALE,15--19,4,495,429,5,2,7,0,24,28
09,011,180,Southeastern Connecticut Planning Region,15910,Colchester town,FEMALE,20--24,5,443,372,6,7,11,0,21,26
09,011,180,Southeastern Connecticut Planning Region,15910,Colchester town,FEMALE,25--29,6,451,380,9,2,15,0,6,39
09,011,180,Southeastern Connecticut Planning Region,15910,Colchester town,FEMALE,30--34,7,479,412,11,0,7,0,24,25
09,011,180,Southeastern Connecticut Planning Region,15910,Colchester town,FEMALE,35--39,8,484,415,10,2,14,0,10,33
09,011,180,Southeastern Connecticut Planning Region,15910,Colchester town,FEMALE,40--44,9,443,387,3,0,7,0,17,29
09,011,180,Southeastern Connecticut Planning Region,15910,Colchester town,FEMALE,45--49,10,461,410,8,0,11,0,16,16
09,011,180,Southeastern Connecticut Planning Region,15910,Colchester town,FEMALE,50--54,11,615,564,13,0,11,0,10,17
09,011,180,Southeastern Connecticut Planning Region,15910,Colchester town,FEMALE,55--59,12,637,578,11,2,8,0,8,30
09,011,180,Southeastern Connecticut Planning Region,15910,Colchester town,FEMALE,60--64,13,626,586,3,0,9,0,14,14
09,011,180,Southeastern Connecticut Planning Region,15910,Colchester town,FEMALE,65--69,14,422,398,5,0,3,0,4,12
09,011,180,Southeastern Connecticut Planning Region,15910,Colchester town,FEMALE,70--74,15,400,374,1,0,8,0,9,8
09,011,180,Southeastern Connecticut Planning Region,15910,Colchester town,FEMALE,75--79,16,254,241,4,0,1,0,3,5
09,011,180,Southeastern Connecticut Planning Region,15910,Colchester town,FEMALE,80--84,17,153,140,7,0,0,0,1,5
09,011,180,Southeastern Connecticut Planning Region,15910,Colchester town,FEMALE,85+,18,180,170,4,0,1,0,3,2
09,011,180,Southeastern Connecticut Planning Region,23400,East Lyme town,MALE,00--04,1,327,239,3,0,21,2,38,24
09,011,180,Southeastern Connecticut Planning Region,23400,East Lyme town,MALE,05--09,2,449,310,8,1,43,0,36,51
09,011,180,Southeastern Connecticut Planning Region,23400,East Lyme town,MALE,10--14,3,541,381,7,2,74,0,34,43
09,011,180,Southeastern Connecticut Planning Region,23400,East Lyme town,MALE,15--19,4,573,441,9,3,32,0,41,47
09,011,180,Southeastern Connecticut Planning Region,23400,East Lyme town,MALE,20--24,5,475,376,8,0,42,0,12,37
09,011,180,Southeastern Connecticut Planning Region,23400,East Lyme town,MALE,25--29,6,388,312,7,0,33,0,16,20
09,011,180,Southeastern Connecticut Planning Region,23400,East Lyme town,MALE,30--34,7,452,382,5,0,18,1,28,18
09,011,180,Southeastern Connecticut Planning Region,23400,East Lyme town,MALE,35--39,8,402,337,13,1,27,0,11,13
09,011,180,Southeastern Connecticut Planning Region,23400,East Lyme town,MALE,40--44,9,480,372,15,1,48,0,15,29
09,011,180,Southeastern Connecticut Planning Region,23400,East Lyme town,MALE,45--49,10,487,383,16,5,47,0,9,27
09,011,180,Southeastern Connecticut Planning Region,23400,East Lyme town,MALE,50--54,11,612,514,16,0,48,0,8,26
09,011,180,Southeastern Connecticut Planning Region,23400,East Lyme town,MALE,55--59,12,722,625,10,2,54,0,14,17
09,011,180,Southeastern Connecticut Planning Region,23400,East Lyme town,MALE,60--64,13,706,645,12,2,20,0,12,15
09,011,180,Southeastern Connecticut Planning Region,23400,East Lyme town,MALE,65--69,14,622,573,2,4,23,0,3,17
09,011,180,Southeastern Connecticut Planning Region,23400,East Lyme town,MALE,70--74,15,545,513,1,0,17,0,5,9
09,011,180,Southeastern Connecticut Planning Region,23400,East Lyme town,MALE,75--79,16,435,424,3,0,2,0,4,2
09,011,180,Southeastern Connecticut Planning Region,23400,East Lyme town,MALE,80--84,17,276,252,4,0,7,0,2,11
09,011,180,Southeastern Connecticut Planning Region,23400,East Lyme town,MALE,85+,18,202,184,5,0,2,0,4,7
09,011,180,Southeastern Connecticut Planning Region,23400,East Lyme town,FEMALE,00--04,1,338,251,6,1,27,0,16,37
09,011,180,Southeastern Connecticut Planning Region,23400,East Lyme town,FEMALE,05--09,2,421,323,3,0,22,1,30,42
09,011,180,Southeastern Connecticut Planning Region,23400,East Lyme town,FEMALE,10--14,3,517,387,7,0,54,0,29,40
09,011,180,Southeastern Connecticut Planning Region,23400,East Lyme town,FEMALE,15--19,4,514,369,11,1,49,0,43,41
09,011,180,Southeastern Connecticut Planning Region,23400,East Lyme town,FEMALE,20--24,5,453,306,33,2,35,1,25,51
09,011,180,Southeastern Connecticut Planning Region,23400,East Lyme town,FEMALE,25--29,6,504,372,46,0,17,0,16,53
09,011,180,Southeastern Connecticut Planning Region,23400,East Lyme town,FEMALE,30--34,7,569,431,41,0,26,0,14,57
09,011,180,Southeastern Connecticut Planning Region,23400,East Lyme town,FEMALE,35--39,8,648,458,57,0,58,0,14,61
09,011,180,Southeastern Connecticut Planning Region,23400,East Lyme town,FEMALE,40--44,9,607,431,30,5,68,0,12,61
09,011,180,Southeastern Connecticut Planning Region,23400,East Lyme town,FEMALE,45--49,10,565,431,19,0,64,0,10,41
09,011,180,Southeastern Connecticut Planning Region,23400,East Lyme town,FEMALE,50--54,11,699,587,20,3,55,0,4,30
09,011,180,Southeastern Connecticut Planning Region,23400,East Lyme town,FEMALE,55--59,12,829,729,16,0,51,0,8,25
09,011,180,Southeastern Connecticut Planning Region,23400,East Lyme town,FEMALE,60--64,13,828,739,14,0,43,0,15,17
09,011,180,Southeastern Connecticut Planning Region,23400,East Lyme town,FEMALE,65--69,14,685,642,4,0,19,0,11,9
09,011,180,Southeastern Connecticut Planning Region,23400,East Lyme town,FEMALE,70--74,15,685,645,6,0,26,0,2,6
09,011,180,Southeastern Connecticut Planning Region,23400,East Lyme town,FEMALE,75--79,16,558,544,1,1,4,0,5,3
09,011,180,Southeastern Connecticut Planning Region,23400,East Lyme town,FEMALE,80--84,17,370,344,7,1,12,0,1,5
09,011,180,Southeastern Connecticut Planning Region,23400,East Lyme town,FEMALE,85+,18,362,340,3,2,8,0,3,6
09,011,180,Southeastern Connecticut Planning Region,29910,Franklin town,MALE,00--04,1,48,36,2,0,2,0,3,5
09,011,180,Southeastern Connecticut Planning Region,29910,Franklin town,MALE,05--09,2,54,41,0,0,0,0,4,9
09,011,180,Southeastern Connecticut Planning Region,29910,Franklin town,MALE,10--14,3,43,32,2,0,0,0,4,5
09,011,180,Southeastern Connecticut Planning Region,29910,Franklin town,MALE,15--19,4,68,55,1,0,0,0,5,7
09,011,180,Southeastern Connecticut Planning Region,29910,Franklin town,MALE,20--24,5,69,62,0,0,1,0,6,0
09,011,180,Southeastern Connecticut Planning Region,29910,Franklin town,MALE,25--29,6,56,46,0,5,0,0,2,3
09,011,180,Southeastern Connecticut Planning Region,29910,Franklin town,MALE,30--34,7,39,35,0,1,0,0,1,2
09,011,180,Southeastern Connecticut Planning Region,29910,Franklin town,MALE,35--39,8,48,42,3,0,1,0,2,0
09,011,180,Southeastern Connecticut Planning Region,29910,Franklin town,MALE,40--44,9,49,42,0,1,0,0,3,3
09,011,180,Southeastern Connecticut Planning Region,29910,Franklin town,MALE,45--49,10,54,49,1,0,1,0,1,2
09,011,180,Southeastern Connecticut Planning Region,29910,Franklin town,MALE,50--54,11,70,64,0,2,0,0,2,2
09,011,180,Southeastern Connecticut Planning Region,29910,Franklin town,MALE,55--59,12,80,70,3,1,0,0,1,5
09,011,180,Southeastern Connecticut Planning Region,29910,Franklin town,MALE,60--64,13,81,76,0,0,1,0,3,1
09,011,180,Southeastern Connecticut Planning Region,29910,Franklin town,MALE,65--69,14,72,67,1,0,0,0,3,1
09,011,180,Southeastern Connecticut Planning Region,29910,Franklin town,MALE,70--74,15,40,39,0,1,0,0,0,0
09,011,180,Southeastern Connecticut Planning Region,29910,Franklin town,MALE,75--79,16,42,40,0,0,2,0,0,0
09,011,180,Southeastern Connecticut Planning Region,29910,Franklin town,MALE,80--84,17,26,24,1,0,0,0,0,1
09,011,180,Southeastern Connecticut Planning Region,29910,Franklin town,MALE,85+,18,15,15,0,0,0,0,0,0
09,011,180,Southeastern Connecticut Planning Region,29910,Franklin town,FEMALE,00--04,1,38,30,0,1,0,0,2,5
09,011,180,Southeastern Connecticut Planning Region,29910,Franklin town,FEMALE,05--09,2,41,28,0,1,0,0,6,6
09,011,180,Southeastern Connecticut Planning Region,29910,Franklin town,FEMALE,10--14,3,46,40,1,3,1,0,1,0
09,011,180,Southeastern Connecticut Planning Region,29910,Franklin town,FEMALE,15--19,4,56,48,0,1,0,0,3,4
09,011,180,Southeastern Connecticut Planning Region,29910,Franklin town,FEMALE,20--24,5,38,27,3,0,1,0,0,7
09,011,180,Southeastern Connecticut Planning Region,29910,Franklin town,FEMALE,25--29,6,49,45,1,1,0,0,0,2
09,011,180,Southeastern Connecticut Planning Region,29910,Franklin town,FEMALE,30--34,7,40,35,1,0,0,0,0,4
09,011,180,Southeastern Connecticut Planning Region,29910,Franklin town,FEMALE,35--39,8,55,45,1,1,2,0,4,2
09,011,180,Southeastern Connecticut Planning Region,29910,Franklin town,FEMALE,40--44,9,46,43,1,0,1,0,0,1
09,011,180,Southeastern Connecticut Planning Region,29910,Franklin town,FEMALE,45--49,10,50,47,0,0,1,0,1,1
09,011,180,Southeastern Connecticut Planning Region,29910,Franklin town,FEMALE,50--54,11,73,64,0,0,1,0,4,4
09,011,180,Southeastern Connecticut Planning Region,29910,Franklin town,FEMALE,55--59,12,86,74,1,0,3,0,6,2
09,011,180,Southeastern Connecticut Planning Region,29910,Franklin town,FEMALE,60--64,13,69,65,0,1,1,0,0,2
09,011,180,Southeastern Connecticut Planning Region,29910,Franklin town,FEMALE,65--69,14,72,70,0,0,1,0,0,1
09,011,180,Southeastern Connecticut Planning Region,29910,Franklin town,FEMALE,70--74,15,49,47,1,0,0,0,1,0
09,011,180,Southeastern Connecticut Planning Region,29910,Franklin town,FEMALE,75--79,16,46,45,0,0,1,0,0,0
09,011,180,Southeastern Connecticut Planning Region,29910,Franklin town,FEMALE,80--84,17,35,33,0,0,0,0,0,2
09,011,180,Southeastern Connecticut Planning Region,29910,Franklin town,FEMALE,85+,18,21,21,0,0,0,0,0,0
09,011,180,Southeastern Connecticut Planning Region,33900,Griswold town,MALE,00--04,1,299,231,3,7,7,0,24,27
09,011,180,Southeastern Connecticut Planning Region,33900,Griswold town,MALE,05--09,2,299,214,9,0,2,0,22,52
09,011,180,Southeastern Connecticut Planning Region,33900,Griswold town,MALE,10--14,3,390,277,13,1,4,0,52,43
09,011,180,Southeastern Connecticut Planning Region,33900,Griswold town,MALE,15--19,4,393,303,8,8,11,0,29,34
09,011,180,Southeastern Connecticut Planning Region,33900,Griswold town,MALE,20--24,5,359,293,16,0,19,0,17,14
09,011,180,Southeastern Connecticut Planning Region,33900,Griswold town,MALE,25--29,6,331,256,23,2,9,0,21,20
09,011,180,Southeastern Connecticut Planning Region,33900,Griswold town,MALE,30--34,7,368,299,18,4,13,0,17,17
09,011,180,Southeastern Connecticut Planning Region,33900,Griswold town,MALE,35--39,8,367,308,9,1,13,0,20,16
09,011,180,Southeastern Connecticut Planning Region,33900,Griswold town,MALE,40--44,9,324,275,9,5,4,0,11,20
09,011,180,Southeastern Connecticut Planning Region,33900,Griswold town,MALE,45--49,10,370,328,6,4,6,0,12,14
09,011,180,Southeastern Connecticut Planning Region,33900,Griswold town,MALE,50--54,11,409,374,8,2,1,0,9,15
09,011,180,Southeastern Connecticut Planning Region,33900,Griswold town,MALE,55--59,12,461,411,13,0,9,0,14,14
09,011,180,Southeastern Connecticut Planning Region,33900,Griswold town,MALE,60--64,13,461,423,4,7,4,0,11,12
09,011,180,Southeastern Connecticut Planning Region,33900,Griswold town,MALE,65--69,14,358,318,11,2,10,0,12,5
09,011,180,Southeastern Connecticut Planning Region,33900,Griswold town,MALE,70--74,15,282,275,2,0,2,0,2,1
09,011,180,Southeastern Connecticut Planning Region,33900,Griswold town,MALE,75--79,16,159,149,1,0,4,0,5,0
09,011,180,Southeastern Connecticut Planning Region,33900,Griswold town,MALE,80--84,17,69,62,0,1,0,0,2,4
09,011,180,Southeastern Connecticut Planning Region,33900,Griswold town,MALE,85+,18,63,60,0,0,2,0,1,0
09,011,180,Southeastern Connecticut Planning Region,33900,Griswold town,FEMALE,00--04,1,275,206,5,3,6,0,30,25
09,011,180,Southeastern Connecticut Planning Region,33900,Griswold town,FEMALE,05--09,2,317,224,16,6,9,0,26,36
09,011,180,Southeastern Connecticut Planning Region,33900,Griswold town,FEMALE,10--14,3,339,243,8,1,11,0,29,47
09,011,180,Southeastern Connecticut Planning Region,33900,Griswold town,FEMALE,15--19,4,309,244,7,3,3,0,35,17
09,011,180,Southeastern Connecticut Planning Region,33900,Griswold town,FEMALE,20--24,5,271,226,8,3,3,0,13,18
09,011,180,Southeastern Connecticut Planning Region,33900,Griswold town,FEMALE,25--29,6,341,277,7,6,13,0,17,21
09,011,180,Southeastern Connecticut Planning Region,33900,Griswold town,FEMALE,30--34,7,338,292,10,5,10,0,10,11
09,011,180,Southeastern Connecticut Planning Region,33900,Griswold town,FEMALE,35--39,8,379,327,8,0,12,0,15,17
09,011,180,Southeastern Connecticut Planning Region,33900,Griswold town,FEMALE,40--44,9,333,277,10,10,8,0,16,12
09,011,180,Southeastern Connecticut Planning Region,33900,Griswold town,FEMALE,45--49,10,386,319,9,3,15,0,21,19
09,011,180,Southeastern Connecticut Planning Region,33900,Griswold town,FEMALE,50--54,11,423,376,5,2,12,0,11,17
09,011,180,Southeastern Connecticut Planning Region,33900,Griswold town,FEMALE,55--59,12,491,437,12,5,14,0,12,11
09,011,180,Southeastern Connecticut Planning Region,33900,Griswold town,FEMALE,60--64,13,455,414,8,0,7,0,12,14
09,011,180,Southeastern Connecticut Planning Region,33900,Griswold town,FEMALE,65--69,14,346,317,3,1,6,0,7,12
09,011,180,Southeastern Connecticut Planning Region,33900,Griswold town,FEMALE,70--74,15,268,251,2,5,3,0,3,4
09,011,180,Southeastern Connecticut Planning Region,33900,Griswold town,FEMALE,75--79,16,161,147,3,2,7,0,0,2
09,011,180,Southeastern Connecticut Planning Region,33900,Griswold town,FEMALE,80--84,17,94,91,0,1,0,0,0,2
09,011,180,Southeastern Connecticut Planning Region,33900,Griswold town,FEMALE,85+,18,120,110,1,0,1,0,1,7
09,011,180,Southeastern Connecticut Planning Region,34250,Groton town,MALE,00--04,1,1133,590,77,3,68,1,137,257
09,011,180,Southeastern Connecticut Planning Region,34250,Groton town,MALE,05--09,2,1021,548,72,9,39,0,102,251
09,011,180,Southeastern Connecticut Planning Region,34250,Groton town,MALE,10--14,3,946,498,61,11,51,2,111,212
09,011,180,Southeastern Connecticut Planning Region,34250,Groton town,MALE,15--19,4,1012,595,55,1,62,2,95,202
09,011,180,Southeastern Connecticut Planning Region,34250,Groton town,MALE,20--24,5,2389,1753,125,15,91,5,91,309
09,011,180,Southeastern Connecticut Planning Region,34250,Groton town,MALE,25--29,6,2366,1730,138,9,96,4,106,283
09,011,180,Southeastern Connecticut Planning Region,34250,Groton town,MALE,30--34,7,1744,1191,120,6,135,4,75,213
09,011,180,Southeastern Connecticut Planning Region,34250,Groton town,MALE,35--39,8,1439,1032,83,11,94,0,54,165
09,011,180,Southeastern Connecticut Planning Region,34250,Groton town,MALE,40--44,9,956,653,73,7,66,6,37,114
09,011,180,Southeastern Connecticut Planning Region,34250,Groton town,MALE,45--49,10,820,553,77,10,58,0,38,84
09,011,180,Southeastern Connecticut Planning Region,34250,Groton town,MALE,50--54,11,963,729,71,6,34,1,39,83
09,011,180,Southeastern Connecticut Planning Region,34250,Groton town,MALE,55--59,12,1122,882,60,4,67,6,43,60
09,011,180,Southeastern Connecticut Planning Region,34250,Groton town,MALE,60--64,13,1231,998,74,10,51,1,26,71
09,011,180,Southeastern Connecticut Planning Region,34250,Groton town,MALE,65--69,14,1016,847,48,3,43,2,23,50
09,011,180,Southeastern Connecticut Planning Region,34250,Groton town,MALE,70--74,15,798,714,20,2,18,0,21,23
09,011,180,Southeastern Connecticut Planning Region,34250,Groton town,MALE,75--79,16,553,511,11,0,15,0,11,5
09,011,180,Southeastern Connecticut Planning Region,34250,Groton town,MALE,80--84,17,318,280,12,2,7,0,1,16
09,011,180,Southeastern Connecticut Planning Region,34250,Groton town,MALE,85+,18,346,319,16,1,4,0,4,2
09,011,180,Southeastern Connecticut Planning Region,34250,Groton town,FEMALE,00--04,1,1002,553,70,2,51,0,110,216
09,011,180,Southeastern Connecticut Planning Region,34250,Groton town,FEMALE,05--09,2,1029,517,79,7,56,1,134,235
09,011,180,Southeastern Connecticut Planning Region,34250,Groton town,FEMALE,10--14,3,919,504,57,8,48,5,98,199
09,011,180,Southeastern Connecticut Planning Region,34250,Groton town,FEMALE,15--19,4,840,434,79,11,50,3,97,166
09,011,180,Southeastern Connecticut Planning Region,34250,Groton town,FEMALE,20--24,5,1226,782,65,4,76,1,91,207
09,011,180,Southeastern Connecticut Planning Region,34250,Groton town,FEMALE,25--29,6,1529,992,90,18,93,6,86,244
09,011,180,Southeastern Connecticut Planning Region,34250,Groton town,FEMALE,30--34,7,1389,905,92,10,115,0,77,190
09,011,180,Southeastern Connecticut Planning Region,34250,Groton town,FEMALE,35--39,8,1242,781,94,9,100,4,79,175
09,011,180,Southeastern Connecticut Planning Region,34250,Groton town,FEMALE,40--44,9,876,574,66,3,74,0,30,129
09,011,180,Southeastern Connecticut Planning Region,34250,Groton town,FEMALE,45--49,10,890,614,53,1,81,2,36,103
09,011,180,Southeastern Connecticut Planning Region,34250,Groton town,FEMALE,50--54,11,1018,758,53,10,66,3,34,94
09,011,180,Southeastern Connecticut Planning Region,34250,Groton town,FEMALE,55--59,12,1182,931,66,3,62,0,47,73
09,011,180,Southeastern Connecticut Planning Region,34250,Groton town,FEMALE,60--64,13,1290,1047,57,7,63,2,39,75
09,011,180,Southeastern Connecticut Planning Region,34250,Groton town,FEMALE,65--69,14,1126,958,43,1,54,0,16,54
09,011,180,Southeastern Connecticut Planning Region,34250,Groton town,FEMALE,70--74,15,924,798,39,2,23,0,25,37
09,011,180,Southeastern Connecticut Planning Region,34250,Groton town,FEMALE,75--79,16,684,578,24,3,28,1,17,33
09,011,180,Southeastern Connecticut Planning Region,34250,Groton town,FEMALE,80--84,17,484,420,7,6,17,0,6,28
09,011,180,Southeastern Connecticut Planning Region,34250,Groton town,FEMALE,85+,18,632,570,17,0,7,1,13,24
09,011,180,Southeastern Connecticut Planning Region,42390,Lebanon town,MALE,00--04,1,159,137,2,0,1,0,10,9
09,011,180,Southeastern Connecticut Planning Region,42390,Lebanon town,MALE,05--09,2,212,183,2,0,0,0,14,13
09,011,180,Southeastern Connecticut Planning Region,42390,Lebanon town,MALE,10--14,3,221,186,2,0,3,0,16,14
09,011,180,Southeastern Connecticut Planning Region,42390,Lebanon town,MALE,15--19,4,226,203,4,1,4,1,6,7
09,011,180,Southeastern Connecticut Planning Region,42390,Lebanon town,MALE,20--24,5,227,191,1,0,4,0,6,25
09,011,180,Southeastern Connecticut Planning Region,42390,Lebanon town,MALE,25--29,6,233,198,1,2,0,0,6,26
09,011,180,Southeastern Connecticut Planning Region,42390,Lebanon town,MALE,30--34,7,210,178,0,4,1,0,5,22
09,011,180,Southeastern Connecticut Planning Region,42390,Lebanon town,MALE,35--39,8,224,199,0,1,1,0,9,14
09,011,180,Southeastern Connecticut Planning Region,42390,Lebanon town,MALE,40--44,9,184,164,0,4,0,0,6,10
09,011,180,Southeastern Connecticut Planning Region,42390,Lebanon town,MALE,45--49,10,185,167,1,2,2,0,5,8
09,011,180,Southeastern Connecticut Planning Region,42390,Lebanon town,MALE,50--54,11,258,240,0,3,0,0,6,9
09,011,180,Southeastern Connecticut Planning Region,42390,Lebanon town,MALE,55--59,12,337,314,4,3,0,0,5,11
09,011,180,Southeastern Connecticut Planning Region,42390,Lebanon town,MALE,60--64,13,312,293,2,2,0,0,3,12
09,011,180,Southeastern Connecticut Planning Region,42390,Lebanon town,MALE,65--69,14,279,264,1,0,1,0,2,11
09,011,180,Southeastern Connecticut Planning Region,42390,Lebanon town,MALE,70--74,15,205,195,2,1,3,0,2,2
09,011,180,Southeastern Connecticut Planning Region,42390,Lebanon town,MALE,75--79,16,105,101,0,1,1,0,1,1
09,011,180,Southeastern Connecticut Planning Region,42390,Lebanon town,MALE,80--84,17,51,48,0,0,0,0,2,1
09,011,180,Southeastern Connecticut Planning Region,42390,Lebanon town,MALE,85+,18,41,39,0,0,0,0,1,1
09,011,180,Southeastern Connecticut Planning Region,42390,Lebanon town,FEMALE,00--04,1,149,131,4,0,3,0,4,7
09,011,180,Southeastern Connecticut Planning Region,42390,Lebanon town,FEMALE,05--09,2,163,137,2,0,4,0,10,10
09,011,180,Southeastern Connecticut Planning Region,42390,Lebanon town,FEMALE,10--14,3,191,157,0,1,1,0,19,13
09,011,180,Southeastern Connecticut Planning Region,42390,Lebanon town,FEMALE,15--19,4,206,177,2,0,2,0,7,18
09,011,180,Southeastern Connecticut Planning Region,42390,Lebanon town,FEMALE,20--24,5,193,168,4,7,0,0,5,9
09,011,180,Southeastern Connecticut Planning Region,42390,Lebanon town,FEMALE,25--29,6,197,171,2,0,2,0,4,18
09,011,180,Southeastern Connecticut Planning Region,42390,Lebanon town,FEMALE,30--34,7,180,156,1,0,2,0,12,9
09,011,180,Southeastern Connecticut Planning Region,42390,Lebanon town,FEMALE,35--39,8,220,197,1,2,1,0,6,13
09,011,180,Southeastern Connecticut Planning Region,42390,Lebanon town,FEMALE,40--44,9,175,157,2,3,4,0,4,5
09,011,180,Southeastern Connecticut Planning Region,42390,Lebanon town,FEMALE,45--49,10,209,194,5,0,1,0,3,6
09,011,180,Southeastern Connecticut Planning Region,42390,Lebanon town,FEMALE,50--54,11,276,255,3,5,1,0,7,5
09,011,180,Southeastern Connecticut Planning Region,42390,Lebanon town,FEMALE,55--59,12,302,293,0,0,2,0,2,5
09,011,180,Southeastern Connecticut Planning Region,42390,Lebanon town,FEMALE,60--64,13,325,309,1,1,0,0,7,7
09,011,180,Southeastern Connecticut Planning Region,42390,Lebanon town,FEMALE,65--69,14,240,230,3,0,1,0,1,5
09,011,180,Southeastern Connecticut Planning Region,42390,Lebanon town,FEMALE,70--74,15,199,189,2,0,2,0,2,4
09,011,180,Southeastern Connecticut Planning Region,42390,Lebanon town,FEMALE,75--79,16,111,106,0,0,0,0,3,2
09,011,180,Southeastern Connecticut Planning Region,42390,Lebanon town,FEMALE,80--84,17,53,52,0,0,0,0,0,1
09,011,180,Southeastern Connecticut Planning Region,42390,Lebanon town,FEMALE,85+,18,52,47,0,1,0,0,2,2
09,011,180,Southeastern Connecticut Planning Region,42600,Ledyard town,MALE,00--04,1,439,303,7,21,15,0,35,58
09,011,180,Southeastern Connecticut Planning Region,42600,Ledyard town,MALE,05--09,2,541,377,13,21,18,0,62,50
09,011,180,Southeastern Connecticut Planning Region,42600,Ledyard town,MALE,10--14,3,571,385,15,23,22,0,57,69
09,011,180,Southeastern Connecticut Planning Region,42600,Ledyard town,MALE,15--19,4,466,317,20,23,11,0,27,68
09,011,180,Southeastern Connecticut Planning Region,42600,Ledyard town,MALE,20--24,5,506,363,14,21,24,0,37,47
09,011,180,Southeastern Connecticut Planning Region,42600,Ledyard town,MALE,25--29,6,479,349,11,14,14,2,35,54
09,011,180,Southeastern Connecticut Planning Region,42600,Ledyard town,MALE,30--34,7,563,461,13,13,7,1,19,49
09,011,180,Southeastern Connecticut Planning Region,42600,Ledyard town,MALE,35--39,8,507,380,24,23,23,0,12,45
09,011,180,Southeastern Connecticut Planning Region,42600,Ledyard town,MALE,40--44,9,509,405,25,16,23,0,10,30
09,011,180,Southeastern Connecticut Planning Region,42600,Ledyard town,MALE,45--49,10,387,298,25,7,13,2,12,30
09,011,180,Southeastern Connecticut Planning Region,42600,Ledyard town,MALE,50--54,11,515,417,36,5,23,0,12,22
09,011,180,Southeastern Connecticut Planning Region,42600,Ledyard town,MALE,55--59,12,542,470,17,11,11,0,17,16
09,011,180,Southeastern Connecticut Planning Region,42600,Ledyard town,MALE,60--64,13,506,433,9,10,17,0,17,20
09,011,180,Southeastern Connecticut Planning Region,42600,Ledyard town,MALE,65--69,14,451,395,14,9,13,0,8,12
09,011,180,Southeastern Connecticut Planning Region,42600,Ledyard town,MALE,70--74,15,340,306,10,4,9,0,4,7
09,011,180,Southeastern Connecticut Planning Region,42600,Ledyard town,MALE,75--79,16,252,232,3,3,7,0,4,3
09,011,180,Southeastern Connecticut Planning Region,42600,Ledyard town,MALE,80--84,17,139,128,1,5,3,0,0,2
09,011,180,Southeastern Connecticut Planning Region,42600,Ledyard town,MALE,85+,18,103,93,1,1,4,0,1,3
09,011,180,Southeastern Connecticut Planning Region,42600,Ledyard town,FEMALE,00--04,1,438,299,13,23,5,0,38,60
09,011,180,Southeastern Connecticut Planning Region,42600,Ledyard town,FEMALE,05--09,2,448,305,12,16,13,0,57,45
09,011,180,Southeastern Connecticut Planning Region,42600,Ledyard town,FEMALE,10--14,3,487,330,18,14,12,0,57,56
09,011,180,Southeastern Connecticut Planning Region,42600,Ledyard town,FEMALE,15--19,4,431,281,22,16,13,2,53,44
09,011,180,Southeastern Connecticut Planning Region,42600,Ledyard town,FEMALE,20--24,5,378,266,10,13,12,0,25,52
09,011,180,Southeastern Connecticut Planning Region,42600,Ledyard town,FEMALE,25--29,6,423,301,10,15,21,2,30,44
09,011,180,Southeastern Connecticut Planning Region,42600,Ledyard town,FEMALE,30--34,7,545,434,15,16,16,3,21,40
09,011,180,Southeastern Connecticut Planning Region,42600,Ledyard town,FEMALE,35--39,8,553,413,10,30,26,0,26,48
09,011,180,Southeastern Connecticut Planning Region,42600,Ledyard town,FEMALE,40--44,9,441,352,22,7,14,0,17,29
09,011,180,Southeastern Connecticut Planning Region,42600,Ledyard town,FEMALE,45--49,10,417,323,18,7,24,0,13,32
09,011,180,Southeastern Connecticut Planning Region,42600,Ledyard town,FEMALE,50--54,11,470,377,15,14,22,1,24,17
09,011,180,Southeastern Connecticut Planning Region,42600,Ledyard town,FEMALE,55--59,12,539,446,25,10,18,0,10,30
09,011,180,Southeastern Connecticut Planning Region,42600,Ledyard town,FEMALE,60--64,13,567,486,8,19,14,2,14,24
09,011,180,Southeastern Connecticut Planning Region,42600,Ledyard town,FEMALE,65--69,14,431,369,16,14,9,0,10,13
09,011,180,Southeastern Connecticut Planning Region,42600,Ledyard town,FEMALE,70--74,15,406,359,2,11,15,0,8,11
09,011,180,Southeastern Connecticut Planning Region,42600,Ledyard town,FEMALE,75--79,16,257,242,3,4,3,0,3,2
09,011,180,Southeastern Connecticut Planning Region,42600,Ledyard town,FEMALE,80--84,17,160,150,0,4,5,0,0,1
09,011,180,Southeastern Connecticut Planning Region,42600,Ledyard town,FEMALE,85+,18,129,117,5,3,2,0,0,2
09,011,180,Southeastern Connecticut Planning Region,43230,Lisbon town,MALE,00--04,1,108,86,0,0,3,0,14,5
09,011,180,Southeastern Connecticut Planning Region,43230,Lisbon town,MALE,05--09,2,113,87,2,1,1,0,10,12
09,011,180,Southeastern Connecticut Planning Region,43230,Lisbon town,MALE,10--14,3,109,83,0,4,0,0,13,9
09,011,180,Southeastern Connecticut Planning Region,43230,Lisbon town,MALE,15--19,4,135,118,1,1,0,0,10,5
09,011,180,Southeastern Connecticut Planning Region,43230,Lisbon town,MALE,20--24,5,154,134,1,1,4,1,6,7
09,011,180,Southeastern Connecticut Planning Region,43230,Lisbon town,MALE,25--29,6,107,92,1,0,1,0,5,8
09,011,180,Southeastern Connecticut Planning Region,43230,Lisbon town,MALE,30--34,7,125,109,2,0,1,0,9,4
09,011,180,Southeastern Connecticut Planning Region,43230,Lisbon town,MALE,35--39,8,118,104,1,0,2,0,2,9
09,011,180,Southeastern Connecticut Planning Region,43230,Lisbon town,MALE,40--44,9,126,114,1,3,0,0,4,4
09,011,180,Southeastern Connecticut Planning Region,43230,Lisbon town,MALE,45--49,10,113,105,1,2,1,0,3,1
09,011,180,Southeastern Connecticut Planning Region,43230,Lisbon town,MALE,50--54,11,177,150,4,2,9,0,11,1
09,011,180,Southeastern Connecticut Planning Region,43230,Lisbon town,MALE,55--59,12,182,172,0,1,1,0,0,8
09,011,180,Southeastern Connecticut Planning Region,43230,Lisbon town,MALE,60--64,13,184,179,1,0,0,0,1,3
09,011,180,Southeastern Connecticut Planning Region,43230,Lisbon town,MALE,65--69,14,136,129,0,0,1,0,2,4
09,011,180,Southeastern Connecticut Planning Region,43230,Lisbon town,MALE,70--74,15,124,121,0,0,0,0,1,2
09,011,180,Southeastern Connecticut Planning Region,43230,Lisbon town,MALE,75--79,16,68,64,0,0,4,0,0,0
09,011,180,Southeastern Connecticut Planning Region,43230,Lisbon town,MALE,80--84,17,34,34,0,0,0,0,0,0
09,011,180,Southeastern Connecticut Planning Region,43230,Lisbon town,MALE,85+,18,31,26,0,0,0,0,2,3
09,011,180,Southeastern Connecticut Planning Region,43230,Lisbon town,FEMALE,00--04,1,87,68,1,1,0,0,10,7
09,011,180,Southeastern Connecticut Planning Region,43230,Lisbon town,FEMALE,05--09,2,111,84,3,0,2,0,14,8
09,011,180,Southeastern Connecticut Planning Region,43230,Lisbon town,FEMALE,10--14,3,119,97,1,0,2,0,9,10
09,011,180,Southeastern Connecticut Planning Region,43230,Lisbon town,FEMALE,15--19,4,115,103,0,0,3,0,4,5
09,011,180,Southeastern Connecticut Planning Region,43230,Lisbon town,FEMALE,20--24,5,105,86,1,3,4,0,3,8
09,011,180,Southeastern Connecticut Planning Region,43230,Lisbon town,FEMALE,25--29,6,101,92,1,0,2,0,3,3
09,011,180,Southeastern Connecticut Planning Region,43230,Lisbon town,FEMALE,30--34,7,127,99,5,2,2,1,8,10
09,011,180,Southeastern Connecticut Planning Region,43230,Lisbon town,FEMALE,35--39,8,118,113,0,0,1,0,1,3
09,011,180,Southeastern Connecticut Planning Region,43230,Lisbon town,FEMALE,40--44,9,114,102,1,0,0,1,6,4
09,011,180,Southeastern Connecticut Planning Region,43230,Lisbon town,FEMALE,45--49,10,113,100,4,1,5,0,2,1
09,011,180,Southeastern Connecticut Planning Region,43230,Lisbon town,FEMALE,50--54,11,160,145,1,0,4,0,5,5
09,011,180,Southeastern Connecticut Planning Region,43230,Lisbon town,FEMALE,55--59,12,203,191,3,0,0,0,3,6
09,011,180,Southeastern Connecticut Planning Region,43230,Lisbon town,FEMALE,60--64,13,156,144,3,0,4,0,2,3
09,011,180,Southeastern Connecticut Planning Region,43230,Lisbon town,FEMALE,65--69,14,124,116,0,1,1,0,3,3
09,011,180,Southeastern Connecticut Planning Region,43230,Lisbon town,FEMALE,70--74,15,112,105,0,1,3,0,1,2
09,011,180,Southeastern Connecticut Planning Region,43230,Lisbon town,FEMALE,75--79,16,86,83,0,1,0,0,2,0
09,011,180,Southeastern Connecticut Planning Region,43230,Lisbon town,FEMALE,80--84,17,52,47,1,0,0,2,1,1
09,011,180,Southeastern Connecticut Planning Region,43230,Lisbon town,FEMALE,85+,18,51,46,1,0,0,0,1,3
09,011,130,Lower Connecticut River Valley Planning Region,44210,Lyme town,MALE,00--04,1,33,32,1,0,0,0,0,0
09,011,130,Lower Connecticut River Valley Planning Region,44210,Lyme town,MALE,05--09,2,37,32,1,0,0,0,3,1
09,011,130,Lower Connecticut River Valley Planning Region,44210,Lyme town,MALE,10--14,3,57,53,2,0,0,0,1,1
09,011,130,Lower Connecticut River Valley Planning Region,44210,Lyme town,MALE,15--19,4,76,71,0,0,0,0,2,3
09,011,130,Lower Connecticut River Valley Planning Region,44210,Lyme town,MALE,20--24,5,81,75,0,0,0,0,1,5
09,011,130,Lower Connecticut River Valley Planning Region,44210,Lyme town,MALE,25--29,6,50,43,0,0,3,0,0,4
09,011,130,Lower Connecticut River Valley Planning Region,44210,Lyme town,MALE,30--34,7,60,56,0,0,1,0,2,1
09,011,130,Lower Connecticut River Valley Planning Region,44210,Lyme town,MALE,35--39,8,30,27,0,0,0,0,3,0
09,011,130,Lower Connecticut River Valley Planning Region,44210,Lyme town,MALE,40--44,9,39,35,0,0,0,0,2,2
09,011,130,Lower Connecticut River Valley Planning Region,44210,Lyme town,MALE,45--49,10,46,45,0,0,0,0,0,1
09,011,130,Lower Connecticut River Valley Planning Region,44210,Lyme town,MALE,50--54,11,69,66,0,0,0,0,1,2
09,011,130,Lower Connecticut River Valley Planning Region,44210,Lyme town,MALE,55--59,12,114,111,1,0,2,0,0,0
09,011,130,Lower Connecticut River Valley Planning Region,44210,Lyme town,MALE,60--64,13,118,115,0,0,2,0,1,0
09,011,130,Lower Connecticut River Valley Planning Region,44210,Lyme town,MALE,65--69,14,133,126,0,0,1,0,3,3
09,011,130,Lower Connecticut River Valley Planning Region,44210,Lyme town,MALE,70--74,15,106,105,0,0,0,0,0,1
09,011,130,Lower Connecticut River Valley Planning Region,44210,Lyme town,MALE,75--79,16,82,81,0,0,0,0,0,1
09,011,130,Lower Connecticut River Valley Planning Region,44210,Lyme town,MALE,80--84,17,39,39,0,0,0,0,0,0
09,011,130,Lower Connecticut River Valley Planning Region,44210,Lyme town,MALE,85+,18,26,26,0,0,0,0,0,0
09,011,130,Lower Connecticut River Valley Planning Region,44210,Lyme town,FEMALE,00--04,1,31,25,3,0,0,0,2,1
09,011,130,Lower Connecticut River Valley Planning Region,44210,Lyme town,FEMALE,05--09,2,28,22,1,0,0,0,1,4
09,011,130,Lower Connecticut River Valley Planning Region,44210,Lyme town,FEMALE,10--14,3,53,45,1,0,0,0,5,2
09,011,130,Lower Connecticut River Valley Planning Region,44210,Lyme town,FEMALE,15--19,4,68,65,1,0,0,0,1,1
09,011,130,Lower Connecticut River Valley Planning Region,44210,Lyme town,FEMALE,20--24,5,55,54,0,0,1,0,0,0
09,011,130,Lower Connecticut River Valley Planning Region,44210,Lyme town,FEMALE,25--29,6,35,30,0,0,4,0,1,0
09,011,130,Lower Connecticut River Valley Planning Region,44210,Lyme town,FEMALE,30--34,7,44,39,1,0,0,0,2,2
09,011,130,Lower Connecticut River Valley Planning Region,44210,Lyme town,FEMALE,35--39,8,41,36,0,0,1,0,0,4
09,011,130,Lower Connecticut River Valley Planning Region,44210,Lyme town,FEMALE,40--44,9,51,49,0,0,1,0,0,1
09,011,130,Lower Connecticut River Valley Planning Region,44210,Lyme town,FEMALE,45--49,10,55,52,0,0,2,0,0,1
09,011,130,Lower Connecticut River Valley Planning Region,44210,Lyme town,FEMALE,50--54,11,83,79,0,0,1,0,0,3
09,011,130,Lower Connecticut River Valley Planning Region,44210,Lyme town,FEMALE,55--59,12,129,125,1,0,0,0,1,2
09,011,130,Lower Connecticut River Valley Planning Region,44210,Lyme town,FEMALE,60--64,13,115,112,0,0,1,0,0,2
09,011,130,Lower Connecticut River Valley Planning Region,44210,Lyme town,FEMALE,65--69,14,122,120,0,0,0,0,0,2
09,011,130,Lower Connecticut River Valley Planning Region,44210,Lyme town,FEMALE,70--74,15,89,87,0,0,0,0,0,2
09,011,130,Lower Connecticut River Valley Planning Region,44210,Lyme town,FEMALE,75--79,16,86,82,0,0,0,0,0,4
09,011,130,Lower Connecticut River Valley Planning Region,44210,Lyme town,FEMALE,80--84,17,38,36,0,0,0,0,1,1
09,011,130,Lower Connecticut River Valley Planning Region,44210,Lyme town,FEMALE,85+,18,28,27,0,0,0,0,1,0
09,011,180,Southeastern Connecticut Planning Region,48900,Montville town,MALE,00--04,1,417,280,13,8,26,0,34,56
09,011,180,Southeastern Connecticut Planning Region,48900,Montville town,MALE,05--09,2,473,315,37,6,30,0,27,58
09,011,180,Southeastern Connecticut Planning Region,48900,Montville town,MALE,10--14,3,521,328,19,12,25,0,56,81
09,011,180,Southeastern Connecticut Planning Region,48900,Montville town,MALE,15--19,4,532,340,27,13,38,0,33,81
09,011,180,Southeastern Connecticut Planning Region,48900,Montville town,MALE,20--24,5,708,404,110,11,42,0,31,110
09,011,180,Southeastern Connecticut Planning Region,48900,Montville town,MALE,25--29,6,773,462,107,11,38,3,33,119
09,011,180,Southeastern Connecticut Planning Region,48900,Montville town,MALE,30--34,7,835,553,109,13,22,0,19,119
09,011,180,Southeastern Connecticut Planning Region,48900,Montville town,MALE,35--39,8,704,443,103,10,39,5,17,87
09,011,180,Southeastern Connecticut Planning Region,48900,Montville town,MALE,40--44,9,666,403,83,9,46,0,15,110
09,011,180,Southeastern Connecticut Planning Region,48900,Montville town,MALE,45--49,10,603,415,53,16,53,0,14,52
09,011,180,Southeastern Connecticut Planning Region,48900,Montville town,MALE,50--54,11,699,533,59,4,47,1,15,40
09,011,180,Southeastern Connecticut Planning Region,48900,Montville town,MALE,55--59,12,764,609,46,9,48,1,18,33
09,011,180,Southeastern Connecticut Planning Region,48900,Montville town,MALE,60--64,13,693,566,28,10,47,0,18,24
09,011,180,Southeastern Connecticut Planning Region,48900,Montville town,MALE,65--69,14,542,456,19,10,31,0,8,18
09,011,180,Southeastern Connecticut Planning Region,48900,Montville town,MALE,70--74,15,452,390,18,6,17,0,10,11
09,011,180,Southeastern Connecticut Planning Region,48900,Montville town,MALE,75--79,16,282,240,7,3,12,0,7,13
09,011,180,Southeastern Connecticut Planning Region,48900,Montville town,MALE,80--84,17,174,151,11,1,8,0,1,2
09,011,180,Southeastern Connecticut Planning Region,48900,Montville town,MALE,85+,18,133,125,2,1,0,0,4,1
09,011,180,Southeastern Connecticut Planning Region,48900,Montville town,FEMALE,00--04,1,416,266,15,19,15,0,39,62
09,011,180,Southeastern Connecticut Planning Region,48900,Montville town,FEMALE,05--09,2,404,259,23,19,23,0,25,55
09,011,180,Southeastern Connecticut Planning Region,48900,Montville town,FEMALE,10--14,3,473,297,28,20,35,0,39,54
09,011,180,Southeastern Connecticut Planning Region,48900,Montville town,FEMALE,15--19,4,512,333,18,18,42,2,42,57
09,011,180,Southeastern Connecticut Planning Region,48900,Montville town,FEMALE,20--24,5,413,279,11,11,34,1,26,51
09,011,180,Southeastern Connecticut Planning Region,48900,Montville town,FEMALE,25--29,6,509,363,16,7,28,0,32,63
09,011,180,Southeastern Connecticut Planning Region,48900,Montville town,FEMALE,30--34,7,520,394,9,7,31,0,19,60
09,011,180,Southeastern Connecticut Planning Region,48900,Montville town,FEMALE,35--39,8,499,369,13,10,37,2,34,34
09,011,180,Southeastern Connecticut Planning Region,48900,Montville town,FEMALE,40--44,9,489,343,25,7,52,1,20,41
09,011,180,Southeastern Connecticut Planning Region,48900,Montville town,FEMALE,45--49,10,509,387,14,11,47,0,23,27
09,011,180,Southeastern Connecticut Planning Region,48900,Montville town,FEMALE,50--54,11,595,464,22,8,47,1,13,40
09,011,180,Southeastern Connecticut Planning Region,48900,Montville town,FEMALE,55--59,12,712,572,20,10,60,0,19,31
09,011,180,Southeastern Connecticut Planning Region,48900,Montville town,FEMALE,60--64,13,593,469,23,10,46,1,15,29
09,011,180,Southeastern Connecticut Planning Region,48900,Montville town,FEMALE,65--69,14,580,500,7,5,42,0,8,18
09,011,180,Southeastern Connecticut Planning Region,48900,Montville town,FEMALE,70--74,15,473,401,9,11,26,0,8,18
09,011,180,Southeastern Connecticut Planning Region,48900,Montville town,FEMALE,75--79,16,328,293,3,5,9,0,8,10
09,011,180,Southeastern Connecticut Planning Region,48900,Montville town,FEMALE,80--84,17,241,221,4,7,4,0,3,2
09,011,180,Southeastern Connecticut Planning Region,48900,Montville town,FEMALE,85+,18,241,214,6,6,2,2,0,11
09,011,180,Southeastern Connecticut Planning Region,52350,New London town,MALE,00--04,1,693,149,109,3,15,1,86,330
09,011,180,Southeastern Connecticut Planning Region,52350,New London town,MALE,05--09,2,751,143,136,5,5,0,79,383
09,011,180,Southeastern Connecticut Planning Region,52350,New London town,MALE,10--14,3,753,108,143,7,15,0,60,420
09,011,180,Southeastern Connecticut Planning Region,52350,New London town,MALE,15--19,4,1162,384,164,6,38,0,72,498
09,011,180,Southeastern Connecticut Planning Region,52350,New London town,MALE,20--24,5,1972,1002,275,12,77,0,73,533
09,011,180,Southeastern Connecticut Planning Region,52350,New London town,MALE,25--29,6,1286,639,163,3,34,1,61,385
09,011,180,Southeastern Connecticut Planning Region,52350,New London town,MALE,30--34,7,1047,465,173,1,32,0,42,334
09,011,180,Southeastern Connecticut Planning Region,52350,New London town,MALE,35--39,8,937,391,151,8,22,1,39,325
09,011,180,Southeastern Connecticut Planning Region,52350,New London town,MALE,40--44,9,820,300,170,0,5,1,45,299
09,011,180,Southeastern Connecticut Planning Region,52350,New London town,MALE,45--49,10,648,241,108,5,17,0,19,258
09,011,180,Southeastern Connecticut Planning Region,52350,New London town,MALE,50--54,11,692,284,132,3,14,0,22,237
09,011,180,Southeastern Connecticut Planning Region,52350,New London town,MALE,55--59,12,781,403,141,12,15,2,18,190
09,011,180,Southeastern Connecticut Planning Region,52350,New London town,MALE,60--64,13,758,413,131,4,18,1,35,156
09,011,180,Southeastern Connecticut Planning Region,52350,New London town,MALE,65--69,14,657,399,105,1,6,4,18,124
09,011,180,Southeastern Connecticut Planning Region,52350,New London town,MALE,70--74,15,460,293,66,2,6,2,9,82
09,011,180,Southeastern Connecticut Planning Region,52350,New London town,MALE,75--79,16,259,171,26,0,4,0,5,53
09,011,180,Southeastern Connecticut Planning Region,52350,New London town,MALE,80--84,17,154,97,27,0,4,0,8,18
09,011,180,Southeastern Connecticut Planning Region,52350,New London town,MALE,85+,18,118,91,11,1,2,0,1,12
09,011,180,Southeastern Connecticut Planning Region,52350,New London town,FEMALE,00--04,1,652,150,100,4,11,0,54,333
09,011,180,Southeastern Connecticut Planning Region,52350,New London town,FEMALE,05--09,2,699,149,117,5,5,1,68,354
09,011,180,Southeastern Connecticut Planning Region,52350,New London town,FEMALE,10--14,3,696,121,116,5,14,4,55,381
09,011,180,Southeastern Connecticut Planning Region,52350,New London town,FEMALE,15--19,4,1301,540,155,5,63,0,69,469
09,011,180,Southeastern Connecticut Planning Region,52350,New London town,FEMALE,20--24,5,1696,932,163,6,75,4,91,425
09,011,180,Southeastern Connecticut Planning Region,52350,New London town,FEMALE,25--29,6,1020,429,133,3,25,0,44,386
09,011,180,Southeastern Connecticut Planning Region,52350,New London town,FEMALE,30--34,7,972,343,180,3,17,1,56,372
09,011,180,Southeastern Connecticut Planning Region,52350,New London town,FEMALE,35--39,8,869,335,144,2,5,0,45,338
09,011,180,Southeastern Connecticut Planning Region,52350,New London town,FEMALE,40--44,9,825,277,113,6,19,0,33,377
09,011,180,Southeastern Connecticut Planning Region,52350,New London town,FEMALE,45--49,10,663,234,108,8,22,2,21,268
09,011,180,Southeastern Connecticut Planning Region,52350,New London town,FEMALE,50--54,11,746,290,146,15,13,1,23,258
09,011,180,Southeastern Connecticut Planning Region,52350,New London town,FEMALE,55--59,12,791,375,148,6,18,0,21,223
09,011,180,Southeastern Connecticut Planning Region,52350,New London town,FEMALE,60--64,13,797,441,117,2,24,0,20,193
09,011,180,Southeastern Connecticut Planning Region,52350,New London town,FEMALE,65--69,14,661,386,106,5,15,0,12,137
09,011,180,Southeastern Connecticut Planning Region,52350,New London town,FEMALE,70--74,15,538,322,84,1,5,0,14,112
09,011,180,Southeastern Connecticut Planning Region,52350,New London town,FEMALE,75--79,16,330,209,52,3,4,0,8,54
09,011,180,Southeastern Connecticut Planning Region,52350,New London town,FEMALE,80--84,17,195,113,31,1,4,0,0,46
09,011,180,Southeastern Connecticut Planning Region,52350,New London town,FEMALE,85+,18,236,181,12,0,7,0,5,31
09,011,180,Southeastern Connecticut Planning Region,55500,North Stonington town,MALE,00--04,1,118,97,0,2,0,1,11,7
09,011,180,Southeastern Connecticut Planning Region,55500,North Stonington town,MALE,05--09,2,143,116,3,0,2,0,6,16
09,011,180,Southeastern Connecticut Planning Region,55500,North Stonington town,MALE,10--14,3,175,150,0,2,1,0,14,8
09,011,180,Southeastern Connecticut Planning Region,55500,North Stonington town,MALE,15--19,4,169,141,0,1,3,3,10,11
09,011,180,Southeastern Connecticut Planning Region,55500,North Stonington town,MALE,20--24,5,149,126,1,1,1,0,6,14
09,011,180,Southeastern Connecticut Planning Region,55500,North Stonington town,MALE,25--29,6,108,97,1,1,3,1,2,3
09,011,180,Southeastern Connecticut Planning Region,55500,North Stonington town,MALE,30--34,7,132,124,1,2,0,0,2,3
09,011,180,Southeastern Connecticut Planning Region,55500,North Stonington town,MALE,35--39,8,147,132,6,2,1,0,2,4
09,011,180,Southeastern Connecticut Planning Region,55500,North Stonington town,MALE,40--44,9,173,153,2,3,0,0,7,8
09,011,180,Southeastern Connecticut Planning Region,55500,North Stonington town,MALE,45--49,10,143,130,4,0,2,0,6,1
09,011,180,Southeastern Connecticut Planning Region,55500,North Stonington town,MALE,50--54,11,207,182,6,2,4,1,9,3
09,011,180,Southeastern Connecticut Planning Region,55500,North Stonington town,MALE,55--59,12,236,216,2,3,2,0,6,7
09,011,180,Southeastern Connecticut Planning Region,55500,North Stonington town,MALE,60--64,13,221,206,2,0,1,0,2,10
09,011,180,Southeastern Connecticut Planning Region,55500,North Stonington town,MALE,65--69,14,214,204,1,3,1,0,2,3
09,011,180,Southeastern Connecticut Planning Region,55500,North Stonington town,MALE,70--74,15,133,129,1,0,3,0,0,0
09,011,180,Southeastern Connecticut Planning Region,55500,North Stonington town,MALE,75--79,16,114,111,1,0,0,0,1,1
09,011,180,Southeastern Connecticut Planning Region,55500,North Stonington town,MALE,80--84,17,55,52,0,0,1,0,1,1
09,011,180,Southeastern Connecticut Planning Region,55500,North Stonington town,MALE,85+,18,37,34,1,0,0,0,2,0
09,011,180,Southeastern Connecticut Planning Region,55500,North Stonington town,FEMALE,00--04,1,111,98,0,0,0,0,4,9
09,011,180,Southeastern Connecticut Planning Region,55500,North Stonington town,FEMALE,05--09,2,135,114,0,1,0,0,10,10
09,011,180,Southeastern Connecticut Planning Region,55500,North Stonington town,FEMALE,10--14,3,144,128,0,0,1,0,9,6
09,011,180,Southeastern Connecticut Planning Region,55500,North Stonington town,FEMALE,15--19,4,128,104,0,1,2,0,11,10
09,011,180,Southeastern Connecticut Planning Region,55500,North Stonington town,FEMALE,20--24,5,99,85,2,1,1,0,3,7
09,011,180,Southeastern Connecticut Planning Region,55500,North Stonington town,FEMALE,25--29,6,104,96,0,0,1,1,3,3
09,011,180,Southeastern Connecticut Planning Region,55500,North Stonington town,FEMALE,30--34,7,139,118,0,4,5,0,5,7
09,011,180,Southeastern Connecticut Planning Region,55500,North Stonington town,FEMALE,35--39,8,156,142,3,4,1,0,3,3
09,011,180,Southeastern Connecticut Planning Region,55500,North Stonington town,FEMALE,40--44,9,155,130,2,0,6,1,9,7
09,011,180,Southeastern Connecticut Planning Region,55500,North Stonington town,FEMALE,45--49,10,128,122,0,2,1,0,2,1
09,011,180,Southeastern Connecticut Planning Region,55500,North Stonington town,FEMALE,50--54,11,200,185,0,2,4,0,4,5
09,011,180,Southeastern Connecticut Planning Region,55500,North Stonington town,FEMALE,55--59,12,224,211,1,2,2,0,3,5
09,011,180,Southeastern Connecticut Planning Region,55500,North Stonington town,FEMALE,60--64,13,198,184,7,2,2,0,1,2
09,011,180,Southeastern Connecticut Planning Region,55500,North Stonington town,FEMALE,65--69,14,187,178,1,0,1,0,3,4
09,011,180,Southeastern Connecticut Planning Region,55500,North Stonington town,FEMALE,70--74,15,154,145,0,0,2,0,7,0
09,011,180,Southeastern Connecticut Planning Region,55500,North Stonington town,FEMALE,75--79,16,92,90,0,0,0,0,0,2
09,011,180,Southeastern Connecticut Planning Region,55500,North Stonington town,FEMALE,80--84,17,53,48,1,0,1,0,2,1
09,011,180,Southeastern Connecticut Planning Region,55500,North Stonington town,FEMALE,85+,18,56,53,1,1,0,0,0,1
09,011,180,Southeastern Connecticut Planning Region,56270,Norwich town,MALE,00--04,1,1102,418,176,4,63,3,104,334
09,011,180,Southeastern Connecticut Planning Region,56270,Norwich town,MALE,05--09,2,1185,449,182,7,84,3,95,365
09,011,180,Southeastern Connecticut Planning Region,56270,Norwich town,MALE,10--14,3,1197,465,179,10,69,3,122,349
09,011,180,Southeastern Connecticut Planning Region,56270,Norwich town,MALE,15--19,4,1372,502,223,11,90,0,114,432
09,011,180,Southeastern Connecticut Planning Region,56270,Norwich town,MALE,20--24,5,1610,701,237,14,120,0,108,430
09,011,180,Southeastern Connecticut Planning Region,56270,Norwich town,MALE,25--29,6,1553,861,183,24,67,1,63,354
09,011,180,Southeastern Connecticut Planning Region,56270,Norwich town,MALE,30--34,7,1445,797,214,8,74,1,47,304
09,011,180,Southeastern Connecticut Planning Region,56270,Norwich town,MALE,35--39,8,1261,646,157,14,78,5,62,299
09,011,180,Southeastern Connecticut Planning Region,56270,Norwich town,MALE,40--44,9,1182,628,161,4,100,0,54,235
09,011,180,Southeastern Connecticut Planning Region,56270,Norwich town,MALE,45--49,10,1126,605,193,0,111,1,49,167
09,011,180,Southeastern Connecticut Planning Region,56270,Norwich town,MALE,50--54,11,1209,724,169,7,115,5,43,146
09,011,180,Southeastern Connecticut Planning Region,56270,Norwich town,MALE,55--59,12,1329,876,145,7,113,1,42,145
09,011,180,Southeastern Connecticut Planning Region,56270,Norwich town,MALE,60--64,13,1314,966,132,12,77,0,30,97
09,011,180,Southeastern Connecticut Planning Region,56270,Norwich town,MALE,65--69,14,1122,805,109,5,86,1,28,88
09,011,180,Southeastern Connecticut Planning Region,56270,Norwich town,MALE,70--74,15,808,615,51,11,67,1,22,41
09,011,180,Southeastern Connecticut Planning Region,56270,Norwich town,MALE,75--79,16,480,386,32,1,21,0,11,29
09,011,180,Southeastern Connecticut Planning Region,56270,Norwich town,MALE,80--84,17,248,204,12,2,19,0,2,9
09,011,180,Southeastern Connecticut Planning Region,56270,Norwich town,MALE,85+,18,252,233,8,0,8,0,2,1
09,011,180,Southeastern Connecticut Planning Region,56270,Norwich town,FEMALE,00--04,1,984,345,149,7,50,1,88,344
09,011,180,Southeastern Connecticut Planning Region,56270,Norwich town,FEMALE,05--09,2,1110,348,161,11,72,1,103,414
09,011,180,Southeastern Connecticut Planning Region,56270,Norwich town,FEMALE,10--14,3,1220,422,178,5,89,3,122,401
09,011,180,Southeastern Connecticut Planning Region,56270,Norwich town,FEMALE,15--19,4,1290,473,205,10,93,1,130,378
09,011,180,Southeastern Connecticut Planning Region,56270,Norwich town,FEMALE,20--24,5,1318,625,188,7,80,1,98,319
09,011,180,Southeastern Connecticut Planning Region,56270,Norwich town,FEMALE,25--29,6,1414,777,150,20,86,1,78,302
09,011,180,Southeastern Connecticut Planning Region,56270,Norwich town,FEMALE,30--34,7,1371,720,177,12,88,2,77,295
09,011,180,Southeastern Connecticut Planning Region,56270,Norwich town,FEMALE,35--39,8,1370,695,168,9,137,2,67,292
09,011,180,Southeastern Connecticut Planning Region,56270,Norwich town,FEMALE,40--44,9,1340,685,175,12,125,5,64,274
09,011,180,Southeastern Connecticut Planning Region,56270,Norwich town,FEMALE,45--49,10,1129,621,131,14,136,1,39,187
09,011,180,Southeastern Connecticut Planning Region,56270,Norwich town,FEMALE,50--54,11,1266,774,147,1,123,3,29,189
09,011,180,Southeastern Connecticut Planning Region,56270,Norwich town,FEMALE,55--59,12,1452,925,175,10,126,0,49,167
09,011,180,Southeastern Connecticut Planning Region,56270,Norwich town,FEMALE,60--64,13,1406,966,147,11,99,1,30,152
09,011,180,Southeastern Connecticut Planning Region,56270,Norwich town,FEMALE,65--69,14,1176,902,79,4,92,0,19,80
09,011,180,Southeastern Connecticut Planning Region,56270,Norwich town,FEMALE,70--74,15,934,738,53,3,61,0,9,70
09,011,180,Southeastern Connecticut Planning Region,56270,Norwich town,FEMALE,75--79,16,576,479,32,0,24,1,16,24
09,011,180,Southeastern Connecticut Planning Region,56270,Norwich town,FEMALE,80--84,17,398,323,22,3,14,0,9,27
09,011,180,Southeastern Connecticut Planning Region,56270,Norwich town,FEMALE,85+,18,468,409,21,0,13,0,9,16
09,011,130,Lower Connecticut River Valley Planning Region,57040,Old Lyme town,MALE,00--04,1,151,124,0,0,2,0,16,9
09,011,130,Lower Connecticut River Valley Planning Region,57040,Old Lyme town,MALE,05--09,2,177,150,1,0,5,0,11,10
09,011,130,Lower Connecticut River Valley Planning Region,57040,Old Lyme town,MALE,10--14,3,196,165,0,0,8,0,3,20
09,011,130,Lower Connecticut River Valley Planning Region,57040,Old Lyme town,MALE,15--19,4,249,227,1,0,11,0,4,6
09,011,130,Lower Connecticut River Valley Planning Region,57040,Old Lyme town,MALE,20--24,5,182,151,1,1,7,0,7,15
09,011,130,Lower Connecticut River Valley Planning Region,57040,Old Lyme town,MALE,25--29,6,134,120,0,0,2,0,5,7
09,011,130,Lower Connecticut River Valley Planning Region,57040,Old Lyme town,MALE,30--34,7,143,131,1,0,1,0,3,7
09,011,130,Lower Connecticut River Valley Planning Region,57040,Old Lyme town,MALE,35--39,8,166,142,4,0,3,0,3,14
09,011,130,Lower Connecticut River Valley Planning Region,57040,Old Lyme town,MALE,40--44,9,170,150,2,0,1,0,3,14
09,011,130,Lower Connecticut River Valley Planning Region,57040,Old Lyme town,MALE,45--49,10,229,209,9,0,4,0,2,5
09,011,130,Lower Connecticut River Valley Planning Region,57040,Old Lyme town,MALE,50--54,11,269,251,1,0,3,0,2,12
09,011,130,Lower Connecticut River Valley Planning Region,57040,Old Lyme town,MALE,55--59,12,301,282,1,0,9,1,1,7
09,011,130,Lower Connecticut River Valley Planning Region,57040,Old Lyme town,MALE,60--64,13,346,321,3,0,5,0,2,15
09,011,130,Lower Connecticut River Valley Planning Region,57040,Old Lyme town,MALE,65--69,14,351,338,0,0,5,0,3,5
09,011,130,Lower Connecticut River Valley Planning Region,57040,Old Lyme town,MALE,70--74,15,258,254,1,0,1,0,1,1
09,011,130,Lower Connecticut River Valley Planning Region,57040,Old Lyme town,MALE,75--79,16,215,206,4,0,1,2,0,2
09,011,130,Lower Connecticut River Valley Planning Region,57040,Old Lyme town,MALE,80--84,17,114,112,0,0,2,0,0,0
09,011,130,Lower Connecticut River Valley Planning Region,57040,Old Lyme town,MALE,85+,18,102,102,0,0,0,0,0,0
09,011,130,Lower Connecticut River Valley Planning Region,57040,Old Lyme town,FEMALE,00--04,1,121,100,1,0,4,0,2,14
09,011,130,Lower Connecticut River Valley Planning Region,57040,Old Lyme town,FEMALE,05--09,2,152,123,2,0,5,0,9,13
09,011,130,Lower Connecticut River Valley Planning Region,57040,Old Lyme town,FEMALE,10--14,3,213,169,5,0,7,0,15,17
09,011,130,Lower Connecticut River Valley Planning Region,57040,Old Lyme town,FEMALE,15--19,4,243,199,0,0,9,0,10,25
09,011,130,Lower Connecticut River Valley Planning Region,57040,Old Lyme town,FEMALE,20--24,5,132,111,0,0,6,0,1,14
09,011,130,Lower Connecticut River Valley Planning Region,57040,Old Lyme town,FEMALE,25--29,6,110,98,1,1,3,0,4,3
09,011,130,Lower Connecticut River Valley Planning Region,57040,Old Lyme town,FEMALE,30--34,7,132,117,1,0,6,0,5,3
09,011,130,Lower Connecticut River Valley Planning Region,57040,Old Lyme town,FEMALE,35--39,8,188,165,0,0,8,0,3,12
09,011,130,Lower Connecticut River Valley Planning Region,57040,Old Lyme town,FEMALE,40--44,9,172,153,0,1,7,0,1,10
09,011,130,Lower Connecticut River Valley Planning Region,57040,Old Lyme town,FEMALE,45--49,10,227,200,5,0,11,0,3,8
09,011,130,Lower Connecticut River Valley Planning Region,57040,Old Lyme town,FEMALE,50--54,11,288,259,1,0,13,0,1,14
09,011,130,Lower Connecticut River Valley Planning Region,57040,Old Lyme town,FEMALE,55--59,12,318,298,3,0,0,0,9,8
09,011,130,Lower Connecticut River Valley Planning Region,57040,Old Lyme town,FEMALE,60--64,13,367,352,4,1,5,0,0,5
09,011,130,Lower Connecticut River Valley Planning Region,57040,Old Lyme town,FEMALE,65--69,14,354,331,0,0,10,0,4,9
09,011,130,Lower Connecticut River Valley Planning Region,57040,Old Lyme town,FEMALE,70--74,15,329,323,0,1,3,0,0,2
09,011,130,Lower Connecticut River Valley Planning Region,57040,Old Lyme town,FEMALE,75--79,16,210,202,1,1,4,0,1,1
09,011,130,Lower Connecticut River Valley Planning Region,57040,Old Lyme town,FEMALE,80--84,17,129,119,3,0,1,0,0,6
09,011,130,Lower Connecticut River Valley Planning Region,57040,Old Lyme town,FEMALE,85+,18,137,135,0,0,0,0,0,2
09,011,180,Southeastern Connecticut Planning Region,62150,Preston town,MALE,00--04,1,109,86,2,0,8,0,7,6
09,011,180,Southeastern Connecticut Planning Region,62150,Preston town,MALE,05--09,2,131,115,2,0,1,0,4,9
09,011,180,Southeastern Connecticut Planning Region,62150,Preston town,MALE,10--14,3,135,109,1,0,2,0,9,14
09,011,180,Southeastern Connecticut Planning Region,62150,Preston town,MALE,15--19,4,136,111,3,1,5,0,10,6
09,011,180,Southeastern Connecticut Planning Region,62150,Preston town,MALE,20--24,5,137,104,5,5,5,0,7,11
09,011,180,Southeastern Connecticut Planning Region,62150,Preston town,MALE,25--29,6,145,125,2,1,1,0,7,9
09,011,180,Southeastern Connecticut Planning Region,62150,Preston town,MALE,30--34,7,123,111,3,0,2,0,3,4
09,011,180,Southeastern Connecticut Planning Region,62150,Preston town,MALE,35--39,8,151,126,1,0,7,0,5,12
09,011,180,Southeastern Connecticut Planning Region,62150,Preston town,MALE,40--44,9,143,125,1,0,1,0,7,9
09,011,180,Southeastern Connecticut Planning Region,62150,Preston town,MALE,45--49,10,120,110,1,1,1,0,4,3
09,011,180,Southeastern Connecticut Planning Region,62150,Preston town,MALE,50--54,11,156,131,5,0,4,0,12,4
09,011,180,Southeastern Connecticut Planning Region,62150,Preston town,MALE,55--59,12,204,185,0,3,5,0,7,4
09,011,180,Southeastern Connecticut Planning Region,62150,Preston town,MALE,60--64,13,216,199,1,0,1,0,12,3
09,011,180,Southeastern Connecticut Planning Region,62150,Preston town,MALE,65--69,14,175,153,3,4,2,0,8,5
09,011,180,Southeastern Connecticut Planning Region,62150,Preston town,MALE,70--74,15,139,130,1,0,5,0,3,0
09,011,180,Southeastern Connecticut Planning Region,62150,Preston town,MALE,75--79,16,86,82,1,0,1,0,2,0
09,011,180,Southeastern Connecticut Planning Region,62150,Preston town,MALE,80--84,17,71,67,3,0,1,0,0,0
09,011,180,Southeastern Connecticut Planning Region,62150,Preston town,MALE,85+,18,48,44,1,0,1,0,1,1
09,011,180,Southeastern Connecticut Planning Region,62150,Preston town,FEMALE,00--04,1,101,83,2,0,0,0,8,8
09,011,180,Southeastern Connecticut Planning Region,62150,Preston town,FEMALE,05--09,2,113,80,2,0,3,0,5,23
09,011,180,Southeastern Connecticut Planning Region,62150,Preston town,FEMALE,10--14,3,126,99,1,0,0,0,9,17
09,011,180,Southeastern Connecticut Planning Region,62150,Preston town,FEMALE,15--19,4,151,125,1,0,8,0,11,6
09,011,180,Southeastern Connecticut Planning Region,62150,Preston town,FEMALE,20--24,5,121,102,0,1,3,0,9,6
09,011,180,Southeastern Connecticut Planning Region,62150,Preston town,FEMALE,25--29,6,128,109,1,0,7,0,5,6
09,011,180,Southeastern Connecticut Planning Region,62150,Preston town,FEMALE,30--34,7,114,104,0,1,0,0,2,7
09,011,180,Southeastern Connecticut Planning Region,62150,Preston town,FEMALE,35--39,8,145,124,3,2,3,0,10,3
09,011,180,Southeastern Connecticut Planning Region,62150,Preston town,FEMALE,40--44,9,137,117,5,0,10,0,5,0
09,011,180,Southeastern Connecticut Planning Region,62150,Preston town,FEMALE,45--49,10,144,127,1,1,6,0,3,6
09,011,180,Southeastern Connecticut Planning Region,62150,Preston town,FEMALE,50--54,11,171,150,4,3,4,0,5,5
09,011,180,Southeastern Connecticut Planning Region,62150,Preston town,FEMALE,55--59,12,208,185,4,1,10,0,3,5
09,011,180,Southeastern Connecticut Planning Region,62150,Preston town,FEMALE,60--64,13,201,185,3,0,4,0,3,6
09,011,180,Southeastern Connecticut Planning Region,62150,Preston town,FEMALE,65--69,14,185,178,0,0,3,0,1,3
09,011,180,Southeastern Connecticut Planning Region,62150,Preston town,FEMALE,70--74,15,124,117,0,2,2,0,0,3
09,011,180,Southeastern Connecticut Planning Region,62150,Preston town,FEMALE,75--79,16,90,82,2,1,2,0,1,2
09,011,180,Southeastern Connecticut Planning Region,62150,Preston town,FEMALE,80--84,17,64,64,0,0,0,0,0,0
09,011,180,Southeastern Connecticut Planning Region,62150,Preston town,FEMALE,85+,18,53,49,0,1,0,0,3,0
09,011,180,Southeastern Connecticut Planning Region,66210,Salem town,MALE,00--04,1,102,81,1,0,0,0,13,7
09,011,180,Southeastern Connecticut Planning Region,66210,Salem town,MALE,05--09,2,128,105,3,1,3,0,8,8
09,011,180,Southeastern Connecticut Planning Region,66210,Salem town,MALE,10--14,3,124,93,1,1,4,0,10,15
09,011,180,Southeastern Connecticut Planning Region,66210,Salem town,MALE,15--19,4,131,110,1,1,1,0,13,5
09,011,180,Southeastern Connecticut Planning Region,66210,Salem town,MALE,20--24,5,136,110,5,1,6,0,5,9
09,011,180,Southeastern Connecticut Planning Region,66210,Salem town,MALE,25--29,6,130,117,0,1,1,0,4,7
09,011,180,Southeastern Connecticut Planning Region,66210,Salem town,MALE,30--34,7,134,122,1,0,4,0,3,4
09,011,180,Southeastern Connecticut Planning Region,66210,Salem town,MALE,35--39,8,127,112,5,0,0,2,5,3
09,011,180,Southeastern Connecticut Planning Region,66210,Salem town,MALE,40--44,9,134,110,6,1,3,0,6,8
09,011,180,Southeastern Connecticut Planning Region,66210,Salem town,MALE,45--49,10,135,122,1,0,1,0,0,11
09,011,180,Southeastern Connecticut Planning Region,66210,Salem town,MALE,50--54,11,148,122,5,0,10,0,3,8
09,011,180,Southeastern Connecticut Planning Region,66210,Salem town,MALE,55--59,12,173,153,6,0,8,1,4,1
09,011,180,Southeastern Connecticut Planning Region,66210,Salem town,MALE,60--64,13,194,189,3,0,0,0,0,2
09,011,180,Southeastern Connecticut Planning Region,66210,Salem town,MALE,65--69,14,160,142,6,0,8,0,1,3
09,011,180,Southeastern Connecticut Planning Region,66210,Salem town,MALE,70--74,15,85,81,0,0,4,0,0,0
09,011,180,Southeastern Connecticut Planning Region,66210,Salem town,MALE,75--79,16,74,72,0,0,0,0,2,0
09,011,180,Southeastern Connecticut Planning Region,66210,Salem town,MALE,80--84,17,25,23,0,0,0,0,0,2
09,011,180,Southeastern Connecticut Planning Region,66210,Salem town,MALE,85+,18,12,11,1,0,0,0,0,0
09,011,180,Southeastern Connecticut Planning Region,66210,Salem town,FEMALE,00--04,1,97,79,1,1,2,0,3,11
09,011,180,Southeastern Connecticut Planning Region,66210,Salem town,FEMALE,05--09,2,142,104,0,2,4,0,11,21
09,011,180,Southeastern Connecticut Planning Region,66210,Salem town,FEMALE,10--14,3,132,101,3,3,2,0,10,13
09,011,180,Southeastern Connecticut Planning Region,66210,Salem town,FEMALE,15--19,4,114,85,3,0,1,0,13,12
09,011,180,Southeastern Connecticut Planning Region,66210,Salem town,FEMALE,20--24,5,105,89,1,0,4,0,4,7
09,011,180,Southeastern Connecticut Planning Region,66210,Salem town,FEMALE,25--29,6,108,87,3,0,3,0,5,10
09,011,180,Southeastern Connecticut Planning Region,66210,Salem town,FEMALE,30--34,7,133,114,3,0,4,1,3,8
09,011,180,Southeastern Connecticut Planning Region,66210,Salem town,FEMALE,35--39,8,137,116,4,0,3,0,10,4
09,011,180,Southeastern Connecticut Planning Region,66210,Salem town,FEMALE,40--44,9,129,113,2,0,5,0,1,8
09,011,180,Southeastern Connecticut Planning Region,66210,Salem town,FEMALE,45--49,10,127,105,1,3,7,0,4,7
09,011,180,Southeastern Connecticut Planning Region,66210,Salem town,FEMALE,50--54,11,153,130,2,1,9,0,3,8
09,011,180,Southeastern Connecticut Planning Region,66210,Salem town,FEMALE,55--59,12,151,126,3,1,8,0,9,4
09,011,180,Southeastern Connecticut Planning Region,66210,Salem town,FEMALE,60--64,13,179,170,0,0,2,0,1,6
09,011,180,Southeastern Connecticut Planning Region,66210,Salem town,FEMALE,65--69,14,120,114,0,0,0,0,0,6
09,011,180,Southeastern Connecticut Planning Region,66210,Salem town,FEMALE,70--74,15,104,96,1,0,2,0,1,4
09,011,180,Southeastern Connecticut Planning Region,66210,Salem town,FEMALE,75--79,16,65,58,2,0,1,0,2,2
09,011,180,Southeastern Connecticut Planning Region,66210,Salem town,FEMALE,80--84,17,28,26,0,0,0,0,0,2
09,011,180,Southeastern Connecticut Planning Region,66210,Salem town,FEMALE,85+,18,25,21,1,0,0,0,3,0
09,011,180,Southeastern Connecticut Planning Region,71670,Sprague town,MALE,00--04,1,73,50,4,2,0,0,6,11
09,011,180,Southeastern Connecticut Planning Region,71670,Sprague town,MALE,05--09,2,114,82,8,2,1,0,7,14
09,011,180,Southeastern Connecticut Planning Region,71670,Sprague town,MALE,10--14,3,103,72,7,2,0,0,12,10
09,011,180,Southeastern Connecticut Planning Region,71670,Sprague town,MALE,15--19,4,91,74,2,8,0,0,2,5
09,011,180,Southeastern Connecticut Planning Region,71670,Sprague town,MALE,20--24,5,83,62,1,0,4,0,5,11
09,011,180,Southeastern Connecticut Planning Region,71670,Sprague town,MALE,25--29,6,103,92,1,0,2,0,2,6
09,011,180,Southeastern Connecticut Planning Region,71670,Sprague town,MALE,30--34,7,88,80,2,0,0,0,5,1
09,011,180,Southeastern Connecticut Planning Region,71670,Sprague town,MALE,35--39,8,108,91,4,2,1,0,1,9
09,011,180,Southeastern Connecticut Planning Region,71670,Sprague town,MALE,40--44,9,92,65,10,0,2,0,3,12
09,011,180,Southeastern Connecticut Planning Region,71670,Sprague town,MALE,45--49,10,70,61,3,0,2,0,2,2
09,011,180,Southeastern Connecticut Planning Region,71670,Sprague town,MALE,50--54,11,102,88,5,1,1,0,6,1
09,011,180,Southeastern Connecticut Planning Region,71670,Sprague town,MALE,55--59,12,116,107,1,0,5,0,3,0
09,011,180,Southeastern Connecticut Planning Region,71670,Sprague town,MALE,60--64,13,130,122,0,0,0,0,4,4
09,011,180,Southeastern Connecticut Planning Region,71670,Sprague town,MALE,65--69,14,96,91,0,0,0,0,4,1
09,011,180,Southeastern Connecticut Planning Region,71670,Sprague town,MALE,70--74,15,71,67,1,0,2,0,0,1
09,011,180,Southeastern Connecticut Planning Region,71670,Sprague town,MALE,75--79,16,45,43,0,0,1,0,0,1
09,011,180,Southeastern Connecticut Planning Region,71670,Sprague town,MALE,80--84,17,18,17,0,0,0,0,0,1
09,011,180,Southeastern Connecticut Planning Region,71670,Sprague town,MALE,85+,18,18,18,0,0,0,0,0,0
09,011,180,Southeastern Connecticut Planning Region,71670,Sprague town,FEMALE,00--04,1,69,48,3,3,1,0,7,7
09,011,180,Southeastern Connecticut Planning Region,71670,Sprague town,FEMALE,05--09,2,88,68,3,2,2,0,6,7
09,011,180,Southeastern Connecticut Planning Region,71670,Sprague town,FEMALE,10--14,3,76,51,5,2,1,0,10,7
09,011,180,Southeastern Connecticut Planning Region,71670,Sprague town,FEMALE,15--19,4,102,76,5,2,3,0,5,11
09,011,180,Southeastern Connecticut Planning Region,71670,Sprague town,FEMALE,20--24,5,77,70,1,0,2,0,2,2
09,011,180,Southeastern Connecticut Planning Region,71670,Sprague town,FEMALE,25--29,6,100,85,2,0,1,0,5,7
09,011,180,Southeastern Connecticut Planning Region,71670,Sprague town,FEMALE,30--34,7,87,74,3,1,2,0,4,3
09,011,180,Southeastern Connecticut Planning Region,71670,Sprague town,FEMALE,35--39,8,99,80,3,2,3,1,1,9
09,011,180,Southeastern Connecticut Planning Region,71670,Sprague town,FEMALE,40--44,9,90,74,2,0,5,0,3,6
09,011,180,Southeastern Connecticut Planning Region,71670,Sprague town,FEMALE,45--49,10,68,60,1,1,1,0,5,0
09,011,180,Southeastern Connecticut Planning Region,71670,Sprague town,FEMALE,50--54,11,90,83,2,0,1,0,3,1
09,011,180,Southeastern Connecticut Planning Region,71670,Sprague town,FEMALE,55--59,12,126,109,4,0,4,0,7,2
09,011,180,Southeastern Connecticut Planning Region,71670,Sprague town,FEMALE,60--64,13,117,115,0,0,2,0,0,0
09,011,180,Southeastern Connecticut Planning Region,71670,Sprague town,FEMALE,65--69,14,96,90,1,0,0,0,4,1
09,011,180,Southeastern Connecticut Planning Region,71670,Sprague town,FEMALE,70--74,15,56,52,1,0,0,0,1,2
09,011,180,Southeastern Connecticut Planning Region,71670,Sprague town,FEMALE,75--79,16,43,43,0,0,0,0,0,0
09,011,180,Southeastern Connecticut Planning Region,71670,Sprague town,FEMALE,80--84,17,25,25,0,0,0,0,0,0
09,011,180,Southeastern Connecticut Planning Region,71670,Sprague town,FEMALE,85+,18,20,18,0,0,2,0,0,0
09,011,180,Southeastern Connecticut Planning Region,73770,Stonington town,MALE,00--04,1,305,265,5,1,7,0,14,13
09,011,180,Southeastern Connecticut Planning Region,73770,Stonington town,MALE,05--09,2,392,318,7,1,18,0,20,28
09,011,180,Southeastern Connecticut Planning Region,73770,Stonington town,MALE,10--14,3,520,420,7,3,5,1,41,43
09,011,180,Southeastern Connecticut Planning Region,73770,Stonington town,MALE,15--19,4,534,436,11,1,6,0,37,43
09,011,180,Southeastern Connecticut Planning Region,73770,Stonington town,MALE,20--24,5,485,416,4,4,7,0,32,22
09,011,180,Southeastern Connecticut Planning Region,73770,Stonington town,MALE,25--29,6,483,402,10,3,24,0,12,32
09,011,180,Southeastern Connecticut Planning Region,73770,Stonington town,MALE,30--34,7,491,425,14,2,6,0,22,22
09,011,180,Southeastern Connecticut Planning Region,73770,Stonington town,MALE,35--39,8,462,405,10,2,4,0,19,22
09,011,180,Southeastern Connecticut Planning Region,73770,Stonington town,MALE,40--44,9,423,380,5,2,2,0,13,21
09,011,180,Southeastern Connecticut Planning Region,73770,Stonington town,MALE,45--49,10,448,406,7,4,10,1,17,3
09,011,180,Southeastern Connecticut Planning Region,73770,Stonington town,MALE,50--54,11,619,555,12,3,23,0,8,18
09,011,180,Southeastern Connecticut Planning Region,73770,Stonington town,MALE,55--59,12,724,686,11,1,2,1,10,13
09,011,180,Southeastern Connecticut Planning Region,73770,Stonington town,MALE,60--64,13,814,774,3,2,10,0,14,11
09,011,180,Southeastern Connecticut Planning Region,73770,Stonington town,MALE,65--69,14,721,698,3,1,6,0,3,10
09,011,180,Southeastern Connecticut Planning Region,73770,Stonington town,MALE,70--74,15,649,633,1,0,6,0,2,7
09,011,180,Southeastern Connecticut Planning Region,73770,Stonington town,MALE,75--79,16,439,436,1,0,1,0,1,0
09,011,180,Southeastern Connecticut Planning Region,73770,Stonington town,MALE,80--84,17,257,251,0,0,4,0,0,2
09,011,180,Southeastern Connecticut Planning Region,73770,Stonington town,MALE,85+,18,270,264,3,0,2,0,0,1
09,011,180,Southeastern Connecticut Planning Region,73770,Stonington town,FEMALE,00--04,1,356,275,6,2,4,0,37,32
09,011,180,Southeastern Connecticut Planning Region,73770,Stonington town,FEMALE,05--09,2,388,309,4,3,11,0,34,27
09,011,180,Southeastern Connecticut Planning Region,73770,Stonington town,FEMALE,10--14,3,439,354,7,1,7,1,31,38
09,011,180,Southeastern Connecticut Planning Region,73770,Stonington town,FEMALE,15--19,4,456,375,10,2,12,0,22,35
09,011,180,Southeastern Connecticut Planning Region,73770,Stonington town,FEMALE,20--24,5,424,365,11,2,14,2,12,18
09,011,180,Southeastern Connecticut Planning Region,73770,Stonington town,FEMALE,25--29,6,410,362,0,2,15,0,13,18
09,011,180,Southeastern Connecticut Planning Region,73770,Stonington town,FEMALE,30--34,7,475,427,3,1,11,0,8,25
09,011,180,Southeastern Connecticut Planning Region,73770,Stonington town,FEMALE,35--39,8,456,397,6,0,14,0,22,17
09,011,180,Southeastern Connecticut Planning Region,73770,Stonington town,FEMALE,40--44,9,439,391,3,0,16,0,9,20
09,011,180,Southeastern Connecticut Planning Region,73770,Stonington town,FEMALE,45--49,10,497,432,9,4,13,0,13,26
09,011,180,Southeastern Connecticut Planning Region,73770,Stonington town,FEMALE,50--54,11,686,650,3,2,10,1,8,12
09,011,180,Southeastern Connecticut Planning Region,73770,Stonington town,FEMALE,55--59,12,767,711,2,5,23,0,14,12
09,011,180,Southeastern Connecticut Planning Region,73770,Stonington town,FEMALE,60--64,13,823,771,9,0,14,0,14,15
09,011,180,Southeastern Connecticut Planning Region,73770,Stonington town,FEMALE,65--69,14,755,716,7,1,15,0,5,11
09,011,180,Southeastern Connecticut Planning Region,73770,Stonington town,FEMALE,70--74,15,700,672,4,0,10,0,5,9
09,011,180,Southeastern Connecticut Planning Region,73770,Stonington town,FEMALE,75--79,16,492,484,2,0,4,0,0,2
09,011,180,Southeastern Connecticut Planning Region,73770,Stonington town,FEMALE,80--84,17,365,351,4,0,6,0,1,3
09,011,180,Southeastern Connecticut Planning Region,73770,Stonington town,FEMALE,85+,18,461,454,3,0,2,0,0,2
09,011,150,Northeastern Connecticut Planning Region,78600,Voluntown town,MALE,00--04,1,50,39,0,0,0,0,7,4
09,011,150,Northeastern Connecticut Planning Region,78600,Voluntown town,MALE,05--09,2,49,42,0,0,0,0,4,3
09,011,150,Northeastern Connecticut Planning Region,78600,Voluntown town,MALE,10--14,3,89,82,0,0,0,0,4,3
09,011,150,Northeastern Connecticut Planning Region,78600,Voluntown town,MALE,15--19,4,77,70,0,0,0,0,3,4
09,011,150,Northeastern Connecticut Planning Region,78600,Voluntown town,MALE,20--24,5,76,70,0,0,4,0,1,1
09,011,150,Northeastern Connecticut Planning Region,78600,Voluntown town,MALE,25--29,6,88,80,1,0,0,0,5,2
09,011,150,Northeastern Connecticut Planning Region,78600,Voluntown town,MALE,30--34,7,74,70,0,0,0,0,3,1
09,011,150,Northeastern Connecticut Planning Region,78600,Voluntown town,MALE,35--39,8,61,53,0,3,1,0,0,4
09,011,150,Northeastern Connecticut Planning Region,78600,Voluntown town,MALE,40--44,9,58,55,0,1,0,0,2,0
09,011,150,Northeastern Connecticut Planning Region,78600,Voluntown town,MALE,45--49,10,100,98,0,0,0,0,0,2
09,011,150,Northeastern Connecticut Planning Region,78600,Voluntown town,MALE,50--54,11,116,110,2,0,0,0,2,2
09,011,150,Northeastern Connecticut Planning Region,78600,Voluntown town,MALE,55--59,12,122,117,0,0,0,0,3,2
09,011,150,Northeastern Connecticut Planning Region,78600,Voluntown town,MALE,60--64,13,104,100,0,1,0,0,2,1
09,011,150,Northeastern Connecticut Planning Region,78600,Voluntown town,MALE,65--69,14,101,97,0,0,1,0,0,3
09,011,150,Northeastern Connecticut Planning Region,78600,Voluntown town,MALE,70--74,15,70,67,0,0,0,0,3,0
09,011,150,Northeastern Connecticut Planning Region,78600,Voluntown town,MALE,75--79,16,41,40,1,0,0,0,0,0
09,011,150,Northeastern Connecticut Planning Region,78600,Voluntown town,MALE,80--84,17,17,16,0,0,0,0,0,1
09,011,150,Northeastern Connecticut Planning Region,78600,Voluntown town,MALE,85+,18,22,20,1,0,0,0,0,1
09,011,150,Northeastern Connecticut Planning Region,78600,Voluntown town,FEMALE,00--04,1,54,46,0,0,0,0,2,6
09,011,150,Northeastern Connecticut Planning Region,78600,Voluntown town,FEMALE,05--09,2,53,43,0,0,0,0,10,0
09,011,150,Northeastern Connecticut Planning Region,78600,Voluntown town,FEMALE,10--14,3,74,59,0,0,0,0,10,5
09,011,150,Northeastern Connecticut Planning Region,78600,Voluntown town,FEMALE,15--19,4,86,70,1,0,0,0,9,6
09,011,150,Northeastern Connecticut Planning Region,78600,Voluntown town,FEMALE,20--24,5,63,56,0,0,1,0,2,4
09,011,150,Northeastern Connecticut Planning Region,78600,Voluntown town,FEMALE,25--29,6,75,70,0,1,1,0,1,2
09,011,150,Northeastern Connecticut Planning Region,78600,Voluntown town,FEMALE,30--34,7,62,56,0,0,1,0,3,2
09,011,150,Northeastern Connecticut Planning Region,78600,Voluntown town,FEMALE,35--39,8,54,45,0,0,0,0,5,4
09,011,150,Northeastern Connecticut Planning Region,78600,Voluntown town,FEMALE,40--44,9,67,57,0,3,1,0,5,1
09,011,150,Northeastern Connecticut Planning Region,78600,Voluntown town,FEMALE,45--49,10,99,94,0,0,2,0,3,0
09,011,150,Northeastern Connecticut Planning Region,78600,Voluntown town,FEMALE,50--54,11,117,109,0,0,4,0,3,1
09,011,150,Northeastern Connecticut Planning Region,78600,Voluntown town,FEMALE,55--59,12,114,103,0,4,1,0,3,3
09,011,150,Northeastern Connecticut Planning Region,78600,Voluntown town,FEMALE,60--64,13,105,99,0,2,0,0,3,1
09,011,150,Northeastern Connecticut Planning Region,78600,Voluntown town,FEMALE,65--69,14,79,76,0,0,0,0,2,1
09,011,150,Northeastern Connecticut Planning Region,78600,Voluntown town,FEMALE,70--74,15,44,41,0,1,0,0,0,2
09,011,150,Northeastern Connecticut Planning Region,78600,Voluntown town,FEMALE,75--79,16,41,37,0,0,0,0,3,1
09,011,150,Northeastern Connecticut Planning Region,78600,Voluntown town,FEMALE,80--84,17,23,23,0,0,0,0,0,0
09,011,150,Northeastern Connecticut Planning Region,78600,Voluntown town,FEMALE,85+,18,30,29,0,0,0,0,1,0
09,011,180,Southeastern Connecticut Planning Region,80280,Waterford town,MALE,00--04,1,411,299,12,1,11,0,32,56
09,011,180,Southeastern Connecticut Planning Region,80280,Waterford town,MALE,05--09,2,478,338,13,4,10,0,29,84
09,011,180,Southeastern Connecticut Planning Region,80280,Waterford town,MALE,10--14,3,555,395,12,0,18,0,38,92
09,011,180,Southeastern Connecticut Planning Region,80280,Waterford town,MALE,15--19,4,632,429,36,0,45,0,38,84
09,011,180,Southeastern Connecticut Planning Region,80280,Waterford town,MALE,20--24,5,547,420,20,0,20,0,37,50
09,011,180,Southeastern Connecticut Planning Region,80280,Waterford town,MALE,25--29,6,505,397,14,4,7,0,33,50
09,011,180,Southeastern Connecticut Planning Region,80280,Waterford town,MALE,30--34,7,567,447,18,1,23,0,22,56
09,011,180,Southeastern Connecticut Planning Region,80280,Waterford town,MALE,35--39,8,517,426,12,0,19,0,13,47
09,011,180,Southeastern Connecticut Planning Region,80280,Waterford town,MALE,40--44,9,521,416,21,0,19,0,12,53
09,011,180,Southeastern Connecticut Planning Region,80280,Waterford town,MALE,45--49,10,513,395,26,2,25,1,22,42
09,011,180,Southeastern Connecticut Planning Region,80280,Waterford town,MALE,50--54,11,672,555,24,0,43,0,3,47
09,011,180,Southeastern Connecticut Planning Region,80280,Waterford town,MALE,55--59,12,798,692,18,5,29,0,19,35
09,011,180,Southeastern Connecticut Planning Region,80280,Waterford town,MALE,60--64,13,779,685,21,1,26,0,27,19
09,011,180,Southeastern Connecticut Planning Region,80280,Waterford town,MALE,65--69,14,646,578,16,1,16,0,5,30
09,011,180,Southeastern Connecticut Planning Region,80280,Waterford town,MALE,70--74,15,550,500,17,6,6,0,7,14
09,011,180,Southeastern Connecticut Planning Region,80280,Waterford town,MALE,75--79,16,399,372,6,0,8,0,6,7
09,011,180,Southeastern Connecticut Planning Region,80280,Waterford town,MALE,80--84,17,220,207,4,0,4,0,4,1
09,011,180,Southeastern Connecticut Planning Region,80280,Waterford town,MALE,85+,18,234,222,6,1,1,0,3,1
09,011,180,Southeastern Connecticut Planning Region,80280,Waterford town,FEMALE,00--04,1,401,288,13,2,11,0,24,63
09,011,180,Southeastern Connecticut Planning Region,80280,Waterford town,FEMALE,05--09,2,460,338,11,1,13,1,25,71
09,011,180,Southeastern Connecticut Planning Region,80280,Waterford town,FEMALE,10--14,3,552,382,22,1,29,0,57,61
09,011,180,Southeastern Connecticut Planning Region,80280,Waterford town,FEMALE,15--19,4,537,369,13,4,39,0,46,66
09,011,180,Southeastern Connecticut Planning Region,80280,Waterford town,FEMALE,20--24,5,441,311,17,1,30,0,22,60
09,011,180,Southeastern Connecticut Planning Region,80280,Waterford town,FEMALE,25--29,6,498,389,8,1,21,0,24,55
09,011,180,Southeastern Connecticut Planning Region,80280,Waterford town,FEMALE,30--34,7,521,428,11,2,26,0,15,39
09,011,180,Southeastern Connecticut Planning Region,80280,Waterford town,FEMALE,35--39,8,582,457,13,7,28,0,17,60
09,011,180,Southeastern Connecticut Planning Region,80280,Waterford town,FEMALE,40--44,9,555,421,17,2,30,0,23,62
09,011,180,Southeastern Connecticut Planning Region,80280,Waterford town,FEMALE,45--49,10,573,441,17,2,44,0,18,51
09,011,180,Southeastern Connecticut Planning Region,80280,Waterford town,FEMALE,50--54,11,717,588,32,3,47,0,8,39
09,011,180,Southeastern Connecticut Planning Region,80280,Waterford town,FEMALE,55--59,12,814,714,17,5,30,0,18,30
09,011,180,Southeastern Connecticut Planning Region,80280,Waterford town,FEMALE,60--64,13,847,729,16,4,28,0,11,59
09,011,180,Southeastern Connecticut Planning Region,80280,Waterford town,FEMALE,65--69,14,696,617,21,2,11,0,7,38
09,011,180,Southeastern Connecticut Planning Region,80280,Waterford town,FEMALE,70--74,15,575,536,12,5,10,0,0,12
09,011,180,Southeastern Connecticut Planning Region,80280,Waterford town,FEMALE,75--79,16,478,448,9,1,6,0,5,9
09,011,180,Southeastern Connecticut Planning Region,80280,Waterford town,FEMALE,80--84,17,335,299,3,1,10,0,3,19
09,011,180,Southeastern Connecticut Planning Region,80280,Waterford town,FEMALE,85+,18,428,402,7,0,6,0,4,9
09,013,110,Capitol Planning Region,01080,Andover town,MALE,00--04,1,74,63,1,1,2,0,2,5
09,013,110,Capitol Planning Region,01080,Andover town,MALE,05--09,2,54,48,2,0,1,0,2,1
09,013,110,Capitol Planning Region,01080,Andover town,MALE,10--14,3,77,69,0,0,1,0,2,5
09,013,110,Capitol Planning Region,01080,Andover town,MALE,15--19,4,130,117,2,0,0,0,4,7
09,013,110,Capitol Planning Region,01080,Andover town,MALE,20--24,5,123,102,5,0,4,0,5,7
09,013,110,Capitol Planning Region,01080,Andover town,MALE,25--29,6,85,73,0,0,1,0,5,6
09,013,110,Capitol Planning Region,01080,Andover town,MALE,30--34,7,95,88,0,1,4,0,0,2
09,013,110,Capitol Planning Region,01080,Andover town,MALE,35--39,8,76,68,2,0,1,0,1,4
09,013,110,Capitol Planning Region,01080,Andover town,MALE,40--44,9,83,74,1,0,0,0,2,6
09,013,110,Capitol Planning Region,01080,Andover town,MALE,45--49,10,102,95,0,0,1,0,1,5
09,013,110,Capitol Planning Region,01080,Andover town,MALE,50--54,11,127,119,2,0,3,0,3,0
09,013,110,Capitol Planning Region,01080,Andover town,MALE,55--59,12,130,127,1,0,0,0,1,1
09,013,110,Capitol Planning Region,01080,Andover town,MALE,60--64,13,161,148,2,0,1,0,4,6
09,013,110,Capitol Planning Region,01080,Andover town,MALE,65--69,14,118,115,1,0,0,0,1,1
09,013,110,Capitol Planning Region,01080,Andover town,MALE,70--74,15,78,77,0,0,0,0,0,1
09,013,110,Capitol Planning Region,01080,Andover town,MALE,75--79,16,48,48,0,0,0,0,0,0
09,013,110,Capitol Planning Region,01080,Andover town,MALE,80--84,17,27,26,0,0,0,0,0,1
09,013,110,Capitol Planning Region,01080,Andover town,MALE,85+,18,17,16,0,0,0,0,1,0
09,013,110,Capitol Planning Region,01080,Andover town,FEMALE,00--04,1,68,59,1,1,0,0,2,5
09,013,110,Capitol Planning Region,01080,Andover town,FEMALE,05--09,2,56,37,3,0,1,0,3,12
09,013,110,Capitol Planning Region,01080,Andover town,FEMALE,10--14,3,87,74,1,1,0,0,5,6
09,013,110,Capitol Planning Region,01080,Andover town,FEMALE,15--19,4,84,75,3,0,0,0,4,2
09,013,110,Capitol Planning Region,01080,Andover town,FEMALE,20--24,5,104,90,1,0,1,0,6,6
09,013,110,Capitol Planning Region,01080,Andover town,FEMALE,25--29,6,79,63,0,0,4,0,8,4
09,013,110,Capitol Planning Region,01080,Andover town,FEMALE,30--34,7,82,72,2,0,0,0,2,6
09,013,110,Capitol Planning Region,01080,Andover town,FEMALE,35--39,8,80,70,2,0,2,0,2,4
09,013,110,Capitol Planning Region,01080,Andover town,FEMALE,40--44,9,69,59,1,0,5,0,3,1
09,013,110,Capitol Planning Region,01080,Andover town,FEMALE,45--49,10,85,76,3,0,1,0,0,5
09,013,110,Capitol Planning Region,01080,Andover town,FEMALE,50--54,11,137,126,0,0,2,0,5,4
09,013,110,Capitol Planning Region,01080,Andover town,FEMALE,55--59,12,144,133,3,0,2,0,3,3
09,013,110,Capitol Planning Region,01080,Andover town,FEMALE,60--64,13,149,141,2,0,1,0,2,3
09,013,110,Capitol Planning Region,01080,Andover town,FEMALE,65--69,14,127,121,2,0,1,0,1,2
09,013,110,Capitol Planning Region,01080,Andover town,FEMALE,70--74,15,74,74,0,0,0,0,0,0
09,013,110,Capitol Planning Region,01080,Andover town,FEMALE,75--79,16,48,48,0,0,0,0,0,0
09,013,110,Capitol Planning Region,01080,Andover town,FEMALE,80--84,17,27,26,0,0,0,0,0,1
09,013,110,Capitol Planning Region,01080,Andover town,FEMALE,85+,18,28,27,0,0,0,0,0,1
09,013,110,Capitol Planning Region,06260,Bolton town,MALE,00--04,1,112,92,0,0,1,0,9,10
09,013,110,Capitol Planning Region,06260,Bolton town,MALE,05--09,2,112,83,4,0,4,0,2,19
09,013,110,Capitol Planning Region,06260,Bolton town,MALE,10--14,3,148,102,7,0,6,0,9,24
09,013,110,Capitol Planning Region,06260,Bolton town,MALE,15--19,4,161,129,2,0,3,0,14,13
09,013,110,Capitol Planning Region,06260,Bolton town,MALE,20--24,5,145,132,0,0,8,0,4,1
09,013,110,Capitol Planning Region,06260,Bolton town,MALE,25--29,6,116,100,3,0,5,0,3,5
09,013,110,Capitol Planning Region,06260,Bolton town,MALE,30--34,7,136,123,4,0,1,1,3,4
09,013,110,Capitol Planning Region,06260,Bolton town,MALE,35--39,8,174,149,8,0,4,0,3,10
09,013,110,Capitol Planning Region,06260,Bolton town,MALE,40--44,9,150,137,2,0,2,0,1,8
09,013,110,Capitol Planning Region,06260,Bolton town,MALE,45--49,10,141,118,4,0,5,0,4,10
09,013,110,Capitol Planning Region,06260,Bolton town,MALE,50--54,11,167,145,3,0,2,0,11,6
09,013,110,Capitol Planning Region,06260,Bolton town,MALE,55--59,12,180,168,2,0,1,0,3,6
09,013,110,Capitol Planning Region,06260,Bolton town,MALE,60--64,13,221,204,6,0,2,0,3,6
09,013,110,Capitol Planning Region,06260,Bolton town,MALE,65--69,14,167,160,3,0,0,0,1,3
09,013,110,Capitol Planning Region,06260,Bolton town,MALE,70--74,15,129,123,0,0,1,0,0,5
09,013,110,Capitol Planning Region,06260,Bolton town,MALE,75--79,16,93,90,0,0,0,0,0,3
09,013,110,Capitol Planning Region,06260,Bolton town,MALE,80--84,17,62,59,0,0,1,0,0,2
09,013,110,Capitol Planning Region,06260,Bolton town,MALE,85+,18,35,35,0,0,0,0,0,0
09,013,110,Capitol Planning Region,06260,Bolton town,FEMALE,00--04,1,107,87,0,0,0,0,8,12
09,013,110,Capitol Planning Region,06260,Bolton town,FEMALE,05--09,2,112,78,2,0,3,0,10,19
09,013,110,Capitol Planning Region,06260,Bolton town,FEMALE,10--14,3,151,126,4,0,3,0,5,13
09,013,110,Capitol Planning Region,06260,Bolton town,FEMALE,15--19,4,144,112,4,0,1,0,6,21
09,013,110,Capitol Planning Region,06260,Bolton town,FEMALE,20--24,5,166,136,8,0,3,0,8,11
09,013,110,Capitol Planning Region,06260,Bolton town,FEMALE,25--29,6,89,71,4,0,6,0,2,6
09,013,110,Capitol Planning Region,06260,Bolton town,FEMALE,30--34,7,116,104,1,0,5,0,0,6
09,013,110,Capitol Planning Region,06260,Bolton town,FEMALE,35--39,8,128,109,1,0,6,0,4,8
09,013,110,Capitol Planning Region,06260,Bolton town,FEMALE,40--44,9,150,130,0,0,1,0,4,15
09,013,110,Capitol Planning Region,06260,Bolton town,FEMALE,45--49,10,132,110,8,1,1,0,1,11
09,013,110,Capitol Planning Region,06260,Bolton town,FEMALE,50--54,11,157,149,2,0,2,0,4,0
09,013,110,Capitol Planning Region,06260,Bolton town,FEMALE,55--59,12,194,185,0,0,3,0,4,2
09,013,110,Capitol Planning Region,06260,Bolton town,FEMALE,60--64,13,208,197,4,0,4,0,0,3
09,013,110,Capitol Planning Region,06260,Bolton town,FEMALE,65--69,14,176,165,1,0,2,0,1,7
09,013,110,Capitol Planning Region,06260,Bolton town,FEMALE,70--74,15,135,131,2,0,0,0,1,1
09,013,110,Capitol Planning Region,06260,Bolton town,FEMALE,75--79,16,102,100,0,2,0,0,0,0
09,013,110,Capitol Planning Region,06260,Bolton town,FEMALE,80--84,17,52,45,1,0,0,0,0,6
09,013,110,Capitol Planning Region,06260,Bolton town,FEMALE,85+,18,50,44,0,0,2,0,2,2
09,013,110,Capitol Planning Region,16400,Columbia town,MALE,00--04,1,118,102,0,0,1,0,0,15
09,013,110,Capitol Planning Region,16400,Columbia town,MALE,05--09,2,156,146,0,0,0,0,6,4
09,013,110,Capitol Planning Region,16400,Columbia town,MALE,10--14,3,135,108,3,0,0,0,4,20
09,013,110,Capitol Planning Region,16400,Columbia town,MALE,15--19,4,151,129,3,3,0,0,8,8
09,013,110,Capitol Planning Region,16400,Columbia town,MALE,20--24,5,143,121,4,5,0,0,5,8
09,013,110,Capitol Planning Region,16400,Columbia town,MALE,25--29,6,123,112,0,0,0,0,2,9
09,013,110,Capitol Planning Region,16400,Columbia town,MALE,30--34,7,157,139,1,0,3,0,10,4
09,013,110,Capitol Planning Region,16400,Columbia town,MALE,35--39,8,159,149,2,0,0,0,2,6
09,013,110,Capitol Planning Region,16400,Columbia town,MALE,40--44,9,147,133,2,0,0,0,7,5
09,013,110,Capitol Planning Region,16400,Columbia town,MALE,45--49,10,146,132,0,2,1,0,6,5
09,013,110,Capitol Planning Region,16400,Columbia town,MALE,50--54,11,177,163,1,1,1,0,3,8
09,013,110,Capitol Planning Region,16400,Columbia town,MALE,55--59,12,217,208,1,0,0,0,2,6
09,013,110,Capitol Planning Region,16400,Columbia town,MALE,60--64,13,232,220,4,1,0,0,5,2
09,013,110,Capitol Planning Region,16400,Columbia town,MALE,65--69,14,201,195,1,0,3,0,1,1
09,013,110,Capitol Planning Region,16400,Columbia town,MALE,70--74,15,148,147,0,0,0,0,0,1
09,013,110,Capitol Planning Region,16400,Columbia town,MALE,75--79,16,115,111,0,0,0,0,2,2
09,013,110,Capitol Planning Region,16400,Columbia town,MALE,80--84,17,69,68,0,0,0,0,0,1
09,013,110,Capitol Planning Region,16400,Columbia town,MALE,85+,18,43,43,0,0,0,0,0,0
09,013,110,Capitol Planning Region,16400,Columbia town,FEMALE,00--04,1,107,78,2,0,1,0,11,15
09,013,110,Capitol Planning Region,16400,Columbia town,FEMALE,05--09,2,113,93,2,0,0,0,14,4
09,013,110,Capitol Planning Region,16400,Columbia town,FEMALE,10--14,3,119,106,1,0,3,0,2,7
09,013,110,Capitol Planning Region,16400,Columbia town,FEMALE,15--19,4,152,129,3,0,1,0,7,12
09,013,110,Capitol Planning Region,16400,Columbia town,FEMALE,20--24,5,154,142,1,0,0,0,5,6
09,013,110,Capitol Planning Region,16400,Columbia town,FEMALE,25--29,6,139,122,1,0,3,0,4,9
09,013,110,Capitol Planning Region,16400,Columbia town,FEMALE,30--34,7,130,119,0,1,2,0,2,6
09,013,110,Capitol Planning Region,16400,Columbia town,FEMALE,35--39,8,151,133,2,0,0,0,5,11
09,013,110,Capitol Planning Region,16400,Columbia town,FEMALE,40--44,9,138,123,2,0,0,0,3,10
09,013,110,Capitol Planning Region,16400,Columbia town,FEMALE,45--49,10,136,126,2,0,3,0,3,2
09,013,110,Capitol Planning Region,16400,Columbia town,FEMALE,50--54,11,181,168,4,0,1,0,6,2
09,013,110,Capitol Planning Region,16400,Columbia town,FEMALE,55--59,12,242,225,2,3,1,0,5,6
09,013,110,Capitol Planning Region,16400,Columbia town,FEMALE,60--64,13,237,224,3,1,1,0,1,7
09,013,110,Capitol Planning Region,16400,Columbia town,FEMALE,65--69,14,191,187,0,0,1,0,1,2
09,013,110,Capitol Planning Region,16400,Columbia town,FEMALE,70--74,15,170,166,0,0,0,0,2,2
09,013,110,Capitol Planning Region,16400,Columbia town,FEMALE,75--79,16,112,104,0,1,3,0,3,1
09,013,110,Capitol Planning Region,16400,Columbia town,FEMALE,80--84,17,69,66,1,0,0,0,0,2
09,013,110,Capitol Planning Region,16400,Columbia town,FEMALE,85+,18,68,63,0,0,3,0,0,2
09,013,110,Capitol Planning Region,17800,Coventry town,MALE,00--04,1,264,225,2,0,3,0,16,18
09,013,110,Capitol Planning Region,17800,Coventry town,MALE,05--09,2,357,308,5,0,5,0,14,25
09,013,110,Capitol Planning Region,17800,Coventry town,MALE,10--14,3,364,310,5,0,8,0,14,27
09,013,110,Capitol Planning Region,17800,Coventry town,MALE,15--19,4,363,314,3,1,5,0,19,21
09,013,110,Capitol Planning Region,17800,Coventry town,MALE,20--24,5,382,342,2,1,2,0,9,26
09,013,110,Capitol Planning Region,17800,Coventry town,MALE,25--29,6,334,294,2,0,5,0,11,22
09,013,110,Capitol Planning Region,17800,Coventry town,MALE,30--34,7,380,337,7,0,10,0,8,18
09,013,110,Capitol Planning Region,17800,Coventry town,MALE,35--39,8,396,353,2,0,6,0,19,16
09,013,110,Capitol Planning Region,17800,Coventry town,MALE,40--44,9,434,399,6,0,3,0,7,19
09,013,110,Capitol Planning Region,17800,Coventry town,MALE,45--49,10,369,341,0,0,6,0,11,11
09,013,110,Capitol Planning Region,17800,Coventry town,MALE,50--54,11,473,443,5,3,1,0,9,12
09,013,110,Capitol Planning Region,17800,Coventry town,MALE,55--59,12,524,483,2,0,3,0,20,16
09,013,110,Capitol Planning Region,17800,Coventry town,MALE,60--64,13,479,453,6,0,5,0,6,9
09,013,110,Capitol Planning Region,17800,Coventry town,MALE,65--69,14,374,355,4,1,4,0,3,7
09,013,110,Capitol Planning Region,17800,Coventry town,MALE,70--74,15,286,277,1,0,3,0,1,4
09,013,110,Capitol Planning Region,17800,Coventry town,MALE,75--79,16,188,182,1,0,0,0,3,2
09,013,110,Capitol Planning Region,17800,Coventry town,MALE,80--84,17,110,107,0,1,0,0,0,2
09,013,110,Capitol Planning Region,17800,Coventry town,MALE,85+,18,71,68,0,0,0,0,1,2
09,013,110,Capitol Planning Region,17800,Coventry town,FEMALE,00--04,1,303,246,2,1,8,0,19,27
09,013,110,Capitol Planning Region,17800,Coventry town,FEMALE,05--09,2,328,261,0,0,8,0,23,36
09,013,110,Capitol Planning Region,17800,Coventry town,FEMALE,10--14,3,364,309,2,1,6,0,12,34
09,013,110,Capitol Planning Region,17800,Coventry town,FEMALE,15--19,4,365,305,6,0,7,0,18,29
09,013,110,Capitol Planning Region,17800,Coventry town,FEMALE,20--24,5,384,330,5,0,24,0,11,14
09,013,110,Capitol Planning Region,17800,Coventry town,FEMALE,25--29,6,311,286,1,2,3,0,7,12
09,013,110,Capitol Planning Region,17800,Coventry town,FEMALE,30--34,7,338,301,2,0,11,0,9,15
09,013,110,Capitol Planning Region,17800,Coventry town,FEMALE,35--39,8,409,368,2,1,10,0,10,18
09,013,110,Capitol Planning Region,17800,Coventry town,FEMALE,40--44,9,369,333,1,1,9,0,13,12
09,013,110,Capitol Planning Region,17800,Coventry town,FEMALE,45--49,10,377,347,4,0,5,0,7,14
09,013,110,Capitol Planning Region,17800,Coventry town,FEMALE,50--54,11,450,420,1,0,9,0,6,14
09,013,110,Capitol Planning Region,17800,Coventry town,FEMALE,55--59,12,479,453,5,0,5,0,12,4
09,013,110,Capitol Planning Region,17800,Coventry town,FEMALE,60--64,13,478,457,3,0,4,0,8,6
09,013,110,Capitol Planning Region,17800,Coventry town,FEMALE,65--69,14,392,378,2,0,4,0,3,5
09,013,110,Capitol Planning Region,17800,Coventry town,FEMALE,70--74,15,313,307,0,0,3,0,1,2
09,013,110,Capitol Planning Region,17800,Coventry town,FEMALE,75--79,16,199,184,2,0,0,0,1,12
09,013,110,Capitol Planning Region,17800,Coventry town,FEMALE,80--84,17,96,90,0,0,1,0,3,2
09,013,110,Capitol Planning Region,17800,Coventry town,FEMALE,85+,18,105,98,1,0,2,0,1,3
09,013,110,Capitol Planning Region,25360,Ellington town,MALE,00--04,1,408,313,5,0,47,0,16,27
09,013,110,Capitol Planning Region,25360,Ellington town,MALE,05--09,2,524,357,5,0,100,0,35,27
09,013,110,Capitol Planning Region,25360,Ellington town,MALE,10--14,3,550,415,12,0,57,0,33,33
09,013,110,Capitol Planning Region,25360,Ellington town,MALE,15--19,4,574,464,19,0,31,1,15,44
09,013,110,Capitol Planning Region,25360,Ellington town,MALE,20--24,5,548,440,24,0,25,0,13,46
09,013,110,Capitol Planning Region,25360,Ellington town,MALE,25--29,6,502,425,4,1,17,1,20,34
09,013,110,Capitol Planning Region,25360,Ellington town,MALE,30--34,7,512,442,11,1,31,0,13,14
09,013,110,Capitol Planning Region,25360,Ellington town,MALE,35--39,8,568,410,14,2,84,0,19,39
09,013,110,Capitol Planning Region,25360,Ellington town,MALE,40--44,9,615,428,30,0,125,0,10,22
09,013,110,Capitol Planning Region,25360,Ellington town,MALE,45--49,10,500,412,9,2,53,0,6,18
09,013,110,Capitol Planning Region,25360,Ellington town,MALE,50--54,11,562,486,23,1,35,1,4,12
09,013,110,Capitol Planning Region,25360,Ellington town,MALE,55--59,12,633,595,8,0,10,0,8,12
09,013,110,Capitol Planning Region,25360,Ellington town,MALE,60--64,13,562,519,10,0,9,0,7,17
09,013,110,Capitol Planning Region,25360,Ellington town,MALE,65--69,14,435,414,3,2,4,0,2,10
09,013,110,Capitol Planning Region,25360,Ellington town,MALE,70--74,15,371,346,11,1,6,0,4,3
09,013,110,Capitol Planning Region,25360,Ellington town,MALE,75--79,16,259,251,1,0,2,0,1,4
09,013,110,Capitol Planning Region,25360,Ellington town,MALE,80--84,17,136,135,1,0,0,0,0,0
09,013,110,Capitol Planning Region,25360,Ellington town,MALE,85+,18,115,113,0,0,0,0,2,0
09,013,110,Capitol Planning Region,25360,Ellington town,FEMALE,00--04,1,379,273,5,0,55,0,20,26
09,013,110,Capitol Planning Region,25360,Ellington town,FEMALE,05--09,2,467,342,2,0,72,0,17,34
09,013,110,Capitol Planning Region,25360,Ellington town,FEMALE,10--14,3,538,405,21,0,52,0,16,44
09,013,110,Capitol Planning Region,25360,Ellington town,FEMALE,15--19,4,503,388,14,0,37,0,34,30
09,013,110,Capitol Planning Region,25360,Ellington town,FEMALE,20--24,5,597,505,15,0,26,0,24,27
09,013,110,Capitol Planning Region,25360,Ellington town,FEMALE,25--29,6,464,372,19,0,22,0,12,39
09,013,110,Capitol Planning Region,25360,Ellington town,FEMALE,30--34,7,468,362,12,0,62,0,10,22
09,013,110,Capitol Planning Region,25360,Ellington town,FEMALE,35--39,8,570,408,12,1,122,3,16,8
09,013,110,Capitol Planning Region,25360,Ellington town,FEMALE,40--44,9,552,421,20,0,84,0,5,22
09,013,110,Capitol Planning Region,25360,Ellington town,FEMALE,45--49,10,464,382,10,0,46,0,7,19
09,013,110,Capitol Planning Region,25360,Ellington town,FEMALE,50--54,11,600,531,15,0,23,0,13,18
09,013,110,Capitol Planning Region,25360,Ellington town,FEMALE,55--59,12,623,557,11,2,22,0,13,18
09,013,110,Capitol Planning Region,25360,Ellington town,FEMALE,60--64,13,558,528,9,1,9,0,3,8
09,013,110,Capitol Planning Region,25360,Ellington town,FEMALE,65--69,14,482,453,9,0,4,0,4,12
09,013,110,Capitol Planning Region,25360,Ellington town,FEMALE,70--74,15,381,366,7,0,1,0,4,3
09,013,110,Capitol Planning Region,25360,Ellington town,FEMALE,75--79,16,273,255,5,0,8,0,3,2
09,013,110,Capitol Planning Region,25360,Ellington town,FEMALE,80--84,17,171,161,3,0,2,0,0,5
09,013,110,Capitol Planning Region,25360,Ellington town,FEMALE,85+,18,165,156,4,0,1,0,0,4
09,013,110,Capitol Planning Region,37910,Hebron town,MALE,00--04,1,226,197,0,0,2,0,18,9
09,013,110,Capitol Planning Region,37910,Hebron town,MALE,05--09,2,226,201,0,0,4,0,14,7
09,013,110,Capitol Planning Region,37910,Hebron town,MALE,10--14,3,263,241,0,0,2,0,8,12
09,013,110,Capitol Planning Region,37910,Hebron town,MALE,15--19,4,366,339,4,2,7,0,6,8
09,013,110,Capitol Planning Region,37910,Hebron town,MALE,20--24,5,340,308,4,0,2,0,6,20
09,013,110,Capitol Planning Region,37910,Hebron town,MALE,25--29,6,200,179,0,1,1,0,1,18
09,013,110,Capitol Planning Region,37910,Hebron town,MALE,30--34,7,234,220,1,0,2,0,3,8
09,013,110,Capitol Planning Region,37910,Hebron town,MALE,35--39,8,281,258,3,0,5,0,5,10
09,013,110,Capitol Planning Region,37910,Hebron town,MALE,40--44,9,238,224,0,0,1,0,3,10
09,013,110,Capitol Planning Region,37910,Hebron town,MALE,45--49,10,291,265,3,0,1,0,12,10
09,013,110,Capitol Planning Region,37910,Hebron town,MALE,50--54,11,392,365,6,0,3,0,11,7
09,013,110,Capitol Planning Region,37910,Hebron town,MALE,55--59,12,384,367,0,0,6,0,4,7
09,013,110,Capitol Planning Region,37910,Hebron town,MALE,60--64,13,382,363,3,0,5,0,3,8
09,013,110,Capitol Planning Region,37910,Hebron town,MALE,65--69,14,270,256,3,0,0,0,2,9
09,013,110,Capitol Planning Region,37910,Hebron town,MALE,70--74,15,255,248,0,0,3,0,1,3
09,013,110,Capitol Planning Region,37910,Hebron town,MALE,75--79,16,135,127,2,0,0,0,3,3
09,013,110,Capitol Planning Region,37910,Hebron town,MALE,80--84,17,70,68,1,0,0,0,0,1
09,013,110,Capitol Planning Region,37910,Hebron town,MALE,85+,18,41,39,0,0,0,0,0,2
09,013,110,Capitol Planning Region,37910,Hebron town,FEMALE,00--04,1,175,149,0,0,4,0,10,12
09,013,110,Capitol Planning Region,37910,Hebron town,FEMALE,05--09,2,244,219,2,0,2,0,9,12
09,013,110,Capitol Planning Region,37910,Hebron town,FEMALE,10--14,3,248,210,3,0,3,0,6,26
09,013,110,Capitol Planning Region,37910,Hebron town,FEMALE,15--19,4,330,289,1,0,10,0,3,27
09,013,110,Capitol Planning Region,37910,Hebron town,FEMALE,20--24,5,318,280,0,0,4,0,10,24
09,013,110,Capitol Planning Region,37910,Hebron town,FEMALE,25--29,6,186,172,3,1,1,0,2,7
09,013,110,Capitol Planning Region,37910,Hebron town,FEMALE,30--34,7,225,195,0,0,7,0,10,13
09,013,110,Capitol Planning Region,37910,Hebron town,FEMALE,35--39,8,266,250,0,0,0,0,2,14
09,013,110,Capitol Planning Region,37910,Hebron town,FEMALE,40--44,9,234,208,4,0,8,0,11,3
09,013,110,Capitol Planning Region,37910,Hebron town,FEMALE,45--49,10,287,253,4,0,10,0,10,10
09,013,110,Capitol Planning Region,37910,Hebron town,FEMALE,50--54,11,404,385,3,0,4,0,5,7
09,013,110,Capitol Planning Region,37910,Hebron town,FEMALE,55--59,12,388,367,0,0,4,0,7,10
09,013,110,Capitol Planning Region,37910,Hebron town,FEMALE,60--64,13,369,361,0,0,2,0,1,5
09,013,110,Capitol Planning Region,37910,Hebron town,FEMALE,65--69,14,295,288,0,1,1,0,5,0
09,013,110,Capitol Planning Region,37910,Hebron town,FEMALE,70--74,15,219,215,0,0,1,0,0,3
09,013,110,Capitol Planning Region,37910,Hebron town,FEMALE,75--79,16,142,139,0,0,1,0,0,2
09,013,110,Capitol Planning Region,37910,Hebron town,FEMALE,80--84,17,70,60,4,0,3,0,1,2
09,013,110,Capitol Planning Region,37910,Hebron town,FEMALE,85+,18,75,71,1,2,1,0,0,0
09,013,110,Capitol Planning Region,44910,Mansfield town,MALE,00--04,1,244,149,5,1,32,0,22,35
09,013,110,Capitol Planning Region,44910,Mansfield town,MALE,05--09,2,269,159,6,0,30,0,28,46
09,013,110,Capitol Planning Region,44910,Mansfield town,MALE,10--14,3,349,234,3,0,41,0,20,51
09,013,110,Capitol Planning Region,44910,Mansfield town,MALE,15--19,4,2873,1919,181,13,358,3,90,309
09,013,110,Capitol Planning Region,44910,Mansfield town,MALE,20--24,5,4974,3176,357,2,944,0,126,369
09,013,110,Capitol Planning Region,44910,Mansfield town,MALE,25--29,6,539,323,13,0,138,1,11,53
09,013,110,Capitol Planning Region,44910,Mansfield town,MALE,30--34,7,344,219,10,1,75,1,10,28
09,013,110,Capitol Planning Region,44910,Mansfield town,MALE,35--39,8,358,257,10,0,52,1,11,27
09,013,110,Capitol Planning Region,44910,Mansfield town,MALE,40--44,9,314,213,18,0,56,0,4,23
09,013,110,Capitol Planning Region,44910,Mansfield town,MALE,45--49,10,298,210,9,0,49,0,8,22
09,013,110,Capitol Planning Region,44910,Mansfield town,MALE,50--54,11,350,288,8,0,26,2,2,24
09,013,110,Capitol Planning Region,44910,Mansfield town,MALE,55--59,12,361,314,1,0,28,0,8,10
09,013,110,Capitol Planning Region,44910,Mansfield town,MALE,60--64,13,356,296,11,0,32,0,4,13
09,013,110,Capitol Planning Region,44910,Mansfield town,MALE,65--69,14,390,348,6,2,18,0,6,10
09,013,110,Capitol Planning Region,44910,Mansfield town,MALE,70--74,15,298,254,7,0,21,0,11,5
09,013,110,Capitol Planning Region,44910,Mansfield town,MALE,75--79,16,201,184,7,0,5,0,1,4
09,013,110,Capitol Planning Region,44910,Mansfield town,MALE,80--84,17,115,109,5,0,0,0,0,1
09,013,110,Capitol Planning Region,44910,Mansfield town,MALE,85+,18,128,118,0,0,5,0,2,3
09,013,110,Capitol Planning Region,44910,Mansfield town,FEMALE,00--04,1,213,147,8,1,23,0,13,21
09,013,110,Capitol Planning Region,44910,Mansfield town,FEMALE,05--09,2,269,161,8,2,45,1,18,34
09,013,110,Capitol Planning Region,44910,Mansfield town,FEMALE,10--14,3,345,231,8,0,32,0,25,49
09,013,110,Capitol Planning Region,44910,Mansfield town,FEMALE,15--19,4,3311,2102,227,4,476,0,95,407
09,013,110,Capitol Planning Region,44910,Mansfield town,FEMALE,20--24,5,5134,3143,372,1,1001,0,121,496
09,013,110,Capitol Planning Region,44910,Mansfield town,FEMALE,25--29,6,433,252,5,1,132,0,7,36
09,013,110,Capitol Planning Region,44910,Mansfield town,FEMALE,30--34,7,316,212,9,1,67,0,7,20
09,013,110,Capitol Planning Region,44910,Mansfield town,FEMALE,35--39,8,320,216,2,2,70,1,7,22
09,013,110,Capitol Planning Region,44910,Mansfield town,FEMALE,40--44,9,356,252,6,1,56,0,6,35
09,013,110,Capitol Planning Region,44910,Mansfield town,FEMALE,45--49,10,314,247,5,3,38,0,8,13
09,013,110,Capitol Planning Region,44910,Mansfield town,FEMALE,50--54,11,379,313,4,1,28,3,12,18
09,013,110,Capitol Planning Region,44910,Mansfield town,FEMALE,55--59,12,374,302,7,0,32,0,14,19
09,013,110,Capitol Planning Region,44910,Mansfield town,FEMALE,60--64,13,435,372,6,0,31,2,6,18
09,013,110,Capitol Planning Region,44910,Mansfield town,FEMALE,65--69,14,415,363,5,1,15,0,10,21
09,013,110,Capitol Planning Region,44910,Mansfield town,FEMALE,70--74,15,322,294,3,4,13,0,2,6
09,013,110,Capitol Planning Region,44910,Mansfield town,FEMALE,75--79,16,253,235,3,0,7,0,2,6
09,013,110,Capitol Planning Region,44910,Mansfield town,FEMALE,80--84,17,178,175,1,0,0,0,0,2
09,013,110,Capitol Planning Region,44910,Mansfield town,FEMALE,85+,18,227,214,0,0,3,0,1,9
09,013,110,Capitol Planning Region,69220,Somers town,MALE,00--04,1,177,154,0,0,5,0,12,6
09,013,110,Capitol Planning Region,69220,Somers town,MALE,05--09,2,273,233,10,0,1,0,14,15
09,013,110,Capitol Planning Region,69220,Somers town,MALE,10--14,3,279,233,4,0,4,0,17,21
09,013,110,Capitol Planning Region,69220,Somers town,MALE,15--19,4,331,306,3,0,2,0,8,12
09,013,110,Capitol Planning Region,69220,Somers town,MALE,20--24,5,391,296,53,0,4,0,2,36
09,013,110,Capitol Planning Region,69220,Somers town,MALE,25--29,6,375,222,94,1,4,0,6,48
09,013,110,Capitol Planning Region,69220,Somers town,MALE,30--34,7,377,242,77,0,7,0,7,44
09,013,110,Capitol Planning Region,69220,Somers town,MALE,35--39,8,472,315,78,0,6,0,2,71
09,013,110,Capitol Planning Region,69220,Somers town,MALE,40--44,9,439,301,71,0,6,0,1,60
09,013,110,Capitol Planning Region,69220,Somers town,MALE,45--49,10,379,292,48,0,7,1,1,30
09,013,110,Capitol Planning Region,69220,Somers town,MALE,50--54,11,450,333,54,0,6,0,4,53
09,013,110,Capitol Planning Region,69220,Somers town,MALE,55--59,12,511,423,57,0,1,1,2,27
09,013,110,Capitol Planning Region,69220,Somers town,MALE,60--64,13,440,395,22,0,6,0,1,16
09,013,110,Capitol Planning Region,69220,Somers town,MALE,65--69,14,318,296,9,1,4,0,3,5
09,013,110,Capitol Planning Region,69220,Somers town,MALE,70--74,15,259,238,6,0,1,0,6,8
09,013,110,Capitol Planning Region,69220,Somers town,MALE,75--79,16,186,180,5,0,1,0,0,0
09,013,110,Capitol Planning Region,69220,Somers town,MALE,80--84,17,99,93,0,1,0,0,0,5
09,013,110,Capitol Planning Region,69220,Somers town,MALE,85+,18,94,94,0,0,0,0,0,0
09,013,110,Capitol Planning Region,69220,Somers town,FEMALE,00--04,1,191,177,3,0,3,0,4,4
09,013,110,Capitol Planning Region,69220,Somers town,FEMALE,05--09,2,236,216,2,0,3,0,4,11
09,013,110,Capitol Planning Region,69220,Somers town,FEMALE,10--14,3,297,255,11,2,2,0,11,16
09,013,110,Capitol Planning Region,69220,Somers town,FEMALE,15--19,4,280,245,3,0,11,0,5,16
09,013,110,Capitol Planning Region,69220,Somers town,FEMALE,20--24,5,256,216,1,1,1,0,17,20
09,013,110,Capitol Planning Region,69220,Somers town,FEMALE,25--29,6,168,150,1,0,4,0,6,7
09,013,110,Capitol Planning Region,69220,Somers town,FEMALE,30--34,7,207,187,3,0,2,0,7,8
09,013,110,Capitol Planning Region,69220,Somers town,FEMALE,35--39,8,266,232,2,1,9,1,3,18
09,013,110,Capitol Planning Region,69220,Somers town,FEMALE,40--44,9,261,244,1,0,0,0,2,14
09,013,110,Capitol Planning Region,69220,Somers town,FEMALE,45--49,10,244,212,4,0,8,0,9,11
09,013,110,Capitol Planning Region,69220,Somers town,FEMALE,50--54,11,305,287,3,1,10,0,2,2
09,013,110,Capitol Planning Region,69220,Somers town,FEMALE,55--59,12,398,381,1,1,5,0,5,5
09,013,110,Capitol Planning Region,69220,Somers town,FEMALE,60--64,13,339,316,4,0,2,1,6,10
09,013,110,Capitol Planning Region,69220,Somers town,FEMALE,65--69,14,308,302,0,0,3,0,0,3
09,013,110,Capitol Planning Region,69220,Somers town,FEMALE,70--74,15,227,217,2,0,3,0,3,2
09,013,110,Capitol Planning Region,69220,Somers town,FEMALE,75--79,16,178,168,2,1,1,0,4,2
09,013,110,Capitol Planning Region,69220,Somers town,FEMALE,80--84,17,115,111,0,0,1,0,1,2
09,013,110,Capitol Planning Region,69220,Somers town,FEMALE,85+,18,154,152,1,0,1,0,0,0
09,013,110,Capitol Planning Region,72090,Stafford town,MALE,00--04,1,248,191,3,1,1,0,22,30
09,013,110,Capitol Planning Region,72090,Stafford town,MALE,05--09,2,289,238,1,0,1,0,17,32
09,013,110,Capitol Planning Region,72090,Stafford town,MALE,10--14,3,349,279,4,1,2,0,22,41
09,013,110,Capitol Planning Region,72090,Stafford town,MALE,15--19,4,351,302,1,2,7,0,14,25
09,013,110,Capitol Planning Region,72090,Stafford town,MALE,20--24,5,340,262,8,1,19,0,19,31
09,013,110,Capitol Planning Region,72090,Stafford town,MALE,25--29,6,378,331,2,0,11,0,19,15
09,013,110,Capitol Planning Region,72090,Stafford town,MALE,30--34,7,392,351,2,2,6,1,15,15
09,013,110,Capitol Planning Region,72090,Stafford town,MALE,35--39,8,397,370,5,0,1,0,8,13
09,013,110,Capitol Planning Region,72090,Stafford town,MALE,40--44,9,324,298,2,0,1,0,12,11
09,013,110,Capitol Planning Region,72090,Stafford town,MALE,45--49,10,337,302,3,0,3,0,6,23
09,013,110,Capitol Planning Region,72090,Stafford town,MALE,50--54,11,404,377,2,0,2,0,11,12
09,013,110,Capitol Planning Region,72090,Stafford town,MALE,55--59,12,455,432,6,0,4,1,7,5
09,013,110,Capitol Planning Region,72090,Stafford town,MALE,60--64,13,486,466,1,0,4,0,9,6
09,013,110,Capitol Planning Region,72090,Stafford town,MALE,65--69,14,370,352,1,1,5,0,8,3
09,013,110,Capitol Planning Region,72090,Stafford town,MALE,70--74,15,257,253,0,0,1,0,2,1
09,013,110,Capitol Planning Region,72090,Stafford town,MALE,75--79,16,175,165,1,0,0,0,6,3
09,013,110,Capitol Planning Region,72090,Stafford town,MALE,80--84,17,111,108,0,0,1,0,0,2
09,013,110,Capitol Planning Region,72090,Stafford town,MALE,85+,18,64,58,1,0,0,0,1,4
09,013,110,Capitol Planning Region,72090,Stafford town,FEMALE,00--04,1,281,230,0,0,3,0,17,31
09,013,110,Capitol Planning Region,72090,Stafford town,FEMALE,05--09,2,259,215,7,1,0,0,14,22
09,013,110,Capitol Planning Region,72090,Stafford town,FEMALE,10--14,3,327,280,5,0,4,0,18,20
09,013,110,Capitol Planning Region,72090,Stafford town,FEMALE,15--19,4,298,244,3,0,2,0,19,30
09,013,110,Capitol Planning Region,72090,Stafford town,FEMALE,20--24,5,356,315,3,0,3,4,14,17
09,013,110,Capitol Planning Region,72090,Stafford town,FEMALE,25--29,6,371,342,1,2,4,0,14,8
09,013,110,Capitol Planning Region,72090,Stafford town,FEMALE,30--34,7,355,323,3,0,6,0,9,14
09,013,110,Capitol Planning Region,72090,Stafford town,FEMALE,35--39,8,336,299,10,0,1,0,11,15
09,013,110,Capitol Planning Region,72090,Stafford town,FEMALE,40--44,9,316,281,3,3,3,0,5,21
09,013,110,Capitol Planning Region,72090,Stafford town,FEMALE,45--49,10,353,310,6,1,11,0,12,13
09,013,110,Capitol Planning Region,72090,Stafford town,FEMALE,50--54,11,360,333,1,0,8,1,9,8
09,013,110,Capitol Planning Region,72090,Stafford town,FEMALE,55--59,12,466,425,5,0,6,0,16,14
09,013,110,Capitol Planning Region,72090,Stafford town,FEMALE,60--64,13,469,452,6,0,1,0,7,3
09,013,110,Capitol Planning Region,72090,Stafford town,FEMALE,65--69,14,350,333,1,0,3,0,5,8
09,013,110,Capitol Planning Region,72090,Stafford town,FEMALE,70--74,15,293,283,1,0,2,0,5,2
09,013,110,Capitol Planning Region,72090,Stafford town,FEMALE,75--79,16,175,166,2,0,1,0,4,2
09,013,110,Capitol Planning Region,72090,Stafford town,FEMALE,80--84,17,130,124,0,0,0,0,0,6
09,013,110,Capitol Planning Region,72090,Stafford town,FEMALE,85+,18,189,187,0,0,0,0,1,1
09,013,110,Capitol Planning Region,76290,Tolland town,MALE,00--04,1,351,296,4,0,7,0,27,17
09,013,110,Capitol Planning Region,76290,Tolland town,MALE,05--09,2,401,330,7,0,12,0,22,30
09,013,110,Capitol Planning Region,76290,Tolland town,MALE,10--14,3,520,414,18,0,11,0,18,59
09,013,110,Capitol Planning Region,76290,Tolland town,MALE,15--19,4,606,504,13,0,17,0,20,52
09,013,110,Capitol Planning Region,76290,Tolland town,MALE,20--24,5,508,421,8,2,39,0,7,31
09,013,110,Capitol Planning Region,76290,Tolland town,MALE,25--29,6,292,254,1,1,20,0,4,12
09,013,110,Capitol Planning Region,76290,Tolland town,MALE,30--34,7,332,288,4,1,12,0,9,18
09,013,110,Capitol Planning Region,76290,Tolland town,MALE,35--39,8,473,404,10,3,18,0,10,28
09,013,110,Capitol Planning Region,76290,Tolland town,MALE,40--44,9,455,393,11,0,10,0,16,25
09,013,110,Capitol Planning Region,76290,Tolland town,MALE,45--49,10,463,425,10,0,7,0,10,11
09,013,110,Capitol Planning Region,76290,Tolland town,MALE,50--54,11,555,515,9,1,12,0,9,9
09,013,110,Capitol Planning Region,76290,Tolland town,MALE,55--59,12,581,527,9,0,15,0,21,9
09,013,110,Capitol Planning Region,76290,Tolland town,MALE,60--64,13,545,520,10,0,1,0,6,8
09,013,110,Capitol Planning Region,76290,Tolland town,MALE,65--69,14,366,348,6,0,4,0,3,5
09,013,110,Capitol Planning Region,76290,Tolland town,MALE,70--74,15,339,324,4,0,6,0,3,2
09,013,110,Capitol Planning Region,76290,Tolland town,MALE,75--79,16,253,244,3,2,0,0,1,3
09,013,110,Capitol Planning Region,76290,Tolland town,MALE,80--84,17,166,161,0,0,4,0,0,1
09,013,110,Capitol Planning Region,76290,Tolland town,MALE,85+,18,96,92,2,0,1,0,1,0
09,013,110,Capitol Planning Region,76290,Tolland town,FEMALE,00--04,1,326,263,5,0,8,0,23,27
09,013,110,Capitol Planning Region,76290,Tolland town,FEMALE,05--09,2,356,291,7,0,21,0,9,28
09,013,110,Capitol Planning Region,76290,Tolland town,FEMALE,10--14,3,482,381,9,0,12,0,36,44
09,013,110,Capitol Planning Region,76290,Tolland town,FEMALE,15--19,4,550,464,7,0,12,0,34,33
09,013,110,Capitol Planning Region,76290,Tolland town,FEMALE,20--24,5,525,413,5,0,58,0,19,30
09,013,110,Capitol Planning Region,76290,Tolland town,FEMALE,25--29,6,282,241,2,2,13,0,10,14
09,013,110,Capitol Planning Region,76290,Tolland town,FEMALE,30--34,7,328,285,7,0,10,0,3,23
09,013,110,Capitol Planning Region,76290,Tolland town,FEMALE,35--39,8,436,378,2,3,20,0,9,24
09,013,110,Capitol Planning Region,76290,Tolland town,FEMALE,40--44,9,452,390,13,1,18,0,12,18
09,013,110,Capitol Planning Region,76290,Tolland town,FEMALE,45--49,10,459,410,7,0,20,0,6,16
09,013,110,Capitol Planning Region,76290,Tolland town,FEMALE,50--54,11,616,549,6,0,23,0,13,25
09,013,110,Capitol Planning Region,76290,Tolland town,FEMALE,55--59,12,532,473,10,1,17,0,15,16
09,013,110,Capitol Planning Region,76290,Tolland town,FEMALE,60--64,13,497,461,4,0,10,0,7,15
09,013,110,Capitol Planning Region,76290,Tolland town,FEMALE,65--69,14,415,391,3,1,9,0,4,7
09,013,110,Capitol Planning Region,76290,Tolland town,FEMALE,70--74,15,367,355,0,0,4,0,6,2
09,013,110,Capitol Planning Region,76290,Tolland town,FEMALE,75--79,16,285,280,0,1,1,0,3,0
09,013,110,Capitol Planning Region,76290,Tolland town,FEMALE,80--84,17,154,149,0,0,4,0,0,1
09,013,110,Capitol Planning Region,76290,Tolland town,FEMALE,85+,18,148,140,1,0,1,0,1,5
09,013,150,Northeastern Connecticut Planning Region,77830,Union town,MALE,00--04,1,15,14,0,0,1,0,0,0
09,013,150,Northeastern Connecticut Planning Region,77830,Union town,MALE,05--09,2,13,12,0,0,0,0,0,1
09,013,150,Northeastern Connecticut Planning Region,77830,Union town,MALE,10--14,3,19,18,0,0,0,0,0,1
09,013,150,Northeastern Connecticut Planning Region,77830,Union town,MALE,15--19,4,28,26,0,0,1,0,1,0
09,013,150,Northeastern Connecticut Planning Region,77830,Union town,MALE,20--24,5,23,19,0,0,0,0,4,0
09,013,150,Northeastern Connecticut Planning Region,77830,Union town,MALE,25--29,6,16,16,0,0,0,0,0,0
09,013,150,Northeastern Connecticut Planning Region,77830,Union town,MALE,30--34,7,14,14,0,0,0,0,0,0
09,013,150,Northeastern Connecticut Planning Region,77830,Union town,MALE,35--39,8,17,14,0,0,0,0,0,3
09,013,150,Northeastern Connecticut Planning Region,77830,Union town,MALE,40--44,9,17,15,0,0,0,0,1,1
09,013,150,Northeastern Connecticut Planning Region,77830,Union town,MALE,45--49,10,26,25,0,0,0,0,0,1
09,013,150,Northeastern Connecticut Planning Region,77830,Union town,MALE,50--54,11,28,27,1,0,0,0,0,0
09,013,150,Northeastern Connecticut Planning Region,77830,Union town,MALE,55--59,12,47,45,0,0,0,0,1,1
09,013,150,Northeastern Connecticut Planning Region,77830,Union town,MALE,60--64,13,32,32,0,0,0,0,0,0
09,013,150,Northeastern Connecticut Planning Region,77830,Union town,MALE,65--69,14,28,28,0,0,0,0,0,0
09,013,150,Northeastern Connecticut Planning Region,77830,Union town,MALE,70--74,15,34,34,0,0,0,0,0,0
09,013,150,Northeastern Connecticut Planning Region,77830,Union town,MALE,75--79,16,21,20,0,0,1,0,0,0
09,013,150,Northeastern Connecticut Planning Region,77830,Union town,MALE,80--84,17,13,13,0,0,0,0,0,0
09,013,150,Northeastern Connecticut Planning Region,77830,Union town,MALE,85+,18,9,9,0,0,0,0,0,0
09,013,150,Northeastern Connecticut Planning Region,77830,Union town,FEMALE,00--04,1,11,10,0,0,0,0,0,1
09,013,150,Northeastern Connecticut Planning Region,77830,Union town,FEMALE,05--09,2,12,10,0,0,1,0,1,0
09,013,150,Northeastern Connecticut Planning Region,77830,Union town,FEMALE,10--14,3,17,14,0,0,0,0,1,2
09,013,150,Northeastern Connecticut Planning Region,77830,Union town,FEMALE,15--19,4,32,28,0,0,1,0,0,3
09,013,150,Northeastern Connecticut Planning Region,77830,Union town,FEMALE,20--24,5,12,11,0,0,0,0,0,1
09,013,150,Northeastern Connecticut Planning Region,77830,Union town,FEMALE,25--29,6,14,13,0,0,0,0,1,0
09,013,150,Northeastern Connecticut Planning Region,77830,Union town,FEMALE,30--34,7,16,14,0,0,0,0,1,1
09,013,150,Northeastern Connecticut Planning Region,77830,Union town,FEMALE,35--39,8,14,14,0,0,0,0,0,0
09,013,150,Northeastern Connecticut Planning Region,77830,Union town,FEMALE,40--44,9,22,21,0,0,0,0,0,1
09,013,150,Northeastern Connecticut Planning Region,77830,Union town,FEMALE,45--49,10,22,22,0,0,0,0,0,0
09,013,150,Northeastern Connecticut Planning Region,77830,Union town,FEMALE,50--54,11,40,36,0,0,0,0,3,1
09,013,150,Northeastern Connecticut Planning Region,77830,Union town,FEMALE,55--59,12,41,38,0,0,1,0,0,2
09,013,150,Northeastern Connecticut Planning Region,77830,Union town,FEMALE,60--64,13,31,27,1,0,0,0,0,3
09,013,150,Northeastern Connecticut Planning Region,77830,Union town,FEMALE,65--69,14,31,29,0,0,0,0,2,0
09,013,150,Northeastern Connecticut Planning Region,77830,Union town,FEMALE,70--74,15,23,23,0,0,0,0,0,0
09,013,150,Northeastern Connecticut Planning Region,77830,Union town,FEMALE,75--79,16,24,22,0,0,0,0,2,0
09,013,150,Northeastern Connecticut Planning Region,77830,Union town,FEMALE,80--84,17,9,9,0,0,0,0,0,0
09,013,150,Northeastern Connecticut Planning Region,77830,Union town,FEMALE,85+,18,10,10,0,0,0,0,0,0
09,013,110,Capitol Planning Region,78250,Vernon town,MALE,00--04,1,764,385,63,1,94,0,60,161
09,013,110,Capitol Planning Region,78250,Vernon town,MALE,05--09,2,679,338,64,0,57,0,68,152
09,013,110,Capitol Planning Region,78250,Vernon town,MALE,10--14,3,778,432,76,1,42,0,58,169
09,013,110,Capitol Planning Region,78250,Vernon town,MALE,15--19,4,729,439,58,2,48,0,59,123
09,013,110,Capitol Planning Region,78250,Vernon town,MALE,20--24,5,1068,725,87,0,68,0,50,138
09,013,110,Capitol Planning Region,78250,Vernon town,MALE,25--29,6,1459,951,122,0,147,0,64,175
09,013,110,Capitol Planning Region,78250,Vernon town,MALE,30--34,7,1287,801,108,1,181,1,38,157
09,013,110,Capitol Planning Region,78250,Vernon town,MALE,35--39,8,1067,690,87,2,138,1,16,133
09,013,110,Capitol Planning Region,78250,Vernon town,MALE,40--44,9,815,567,60,0,52,0,34,102
09,013,110,Capitol Planning Region,78250,Vernon town,MALE,45--49,10,721,494,69,3,55,0,25,75
09,013,110,Capitol Planning Region,78250,Vernon town,MALE,50--54,11,878,704,51,2,45,0,14,62
09,013,110,Capitol Planning Region,78250,Vernon town,MALE,55--59,12,994,805,62,2,37,0,39,49
09,013,110,Capitol Planning Region,78250,Vernon town,MALE,60--64,13,1025,893,44,0,27,0,14,47
09,013,110,Capitol Planning Region,78250,Vernon town,MALE,65--69,14,830,728,35,1,21,3,14,28
09,013,110,Capitol Planning Region,78250,Vernon town,MALE,70--74,15,646,571,20,0,13,0,9,33
09,013,110,Capitol Planning Region,78250,Vernon town,MALE,75--79,16,497,456,16,0,10,0,5,10
09,013,110,Capitol Planning Region,78250,Vernon town,MALE,80--84,17,306,268,7,0,5,0,5,21
09,013,110,Capitol Planning Region,78250,Vernon town,MALE,85+,18,275,244,6,0,6,0,0,19
09,013,110,Capitol Planning Region,78250,Vernon town,FEMALE,00--04,1,719,346,79,5,86,0,50,153
09,013,110,Capitol Planning Region,78250,Vernon town,FEMALE,05--09,2,683,342,75,1,35,0,57,173
09,013,110,Capitol Planning Region,78250,Vernon town,FEMALE,10--14,3,731,382,74,3,52,0,70,150
09,013,110,Capitol Planning Region,78250,Vernon town,FEMALE,15--19,4,708,427,67,0,33,0,48,133
09,013,110,Capitol Planning Region,78250,Vernon town,FEMALE,20--24,5,1160,754,84,8,85,0,52,177
09,013,110,Capitol Planning Region,78250,Vernon town,FEMALE,25--29,6,1494,952,119,2,150,0,62,209
09,013,110,Capitol Planning Region,78250,Vernon town,FEMALE,30--34,7,1184,744,96,0,166,0,50,128
09,013,110,Capitol Planning Region,78250,Vernon town,FEMALE,35--39,8,936,636,89,0,78,2,26,105
09,013,110,Capitol Planning Region,78250,Vernon town,FEMALE,40--44,9,827,555,83,1,64,1,14,109
09,013,110,Capitol Planning Region,78250,Vernon town,FEMALE,45--49,10,744,552,69,3,36,0,10,74
09,013,110,Capitol Planning Region,78250,Vernon town,FEMALE,50--54,11,932,699,65,1,48,0,25,94
09,013,110,Capitol Planning Region,78250,Vernon town,FEMALE,55--59,12,1073,878,78,0,36,0,20,61
09,013,110,Capitol Planning Region,78250,Vernon town,FEMALE,60--64,13,1079,918,61,1,43,0,21,35
09,013,110,Capitol Planning Region,78250,Vernon town,FEMALE,65--69,14,920,809,28,1,31,0,15,36
09,013,110,Capitol Planning Region,78250,Vernon town,FEMALE,70--74,15,807,731,28,0,23,0,6,19
09,013,110,Capitol Planning Region,78250,Vernon town,FEMALE,75--79,16,626,569,24,0,9,0,5,19
09,013,110,Capitol Planning Region,78250,Vernon town,FEMALE,80--84,17,389,346,13,0,2,0,3,25
09,013,110,Capitol Planning Region,78250,Vernon town,FEMALE,85+,18,493,443,3,0,2,0,4,41
09,013,110,Capitol Planning Region,85950,Willington town,MALE,00--04,1,102,80,0,0,4,0,8,10
09,013,110,Capitol Planning Region,85950,Willington town,MALE,05--09,2,120,97,0,0,1,0,8,14
09,013,110,Capitol Planning Region,85950,Willington town,MALE,10--14,3,131,103,0,0,3,0,12,13
09,013,110,Capitol Planning Region,85950,Willington town,MALE,15--19,4,164,135,2,1,4,0,4,18
09,013,110,Capitol Planning Region,85950,Willington town,MALE,20--24,5,380,261,10,0,79,0,7,23
09,013,110,Capitol Planning Region,85950,Willington town,MALE,25--29,6,253,169,3,0,62,1,8,10
09,013,110,Capitol Planning Region,85950,Willington town,MALE,30--34,7,200,159,4,0,23,0,2,12
09,013,110,Capitol Planning Region,85950,Willington town,MALE,35--39,8,174,141,5,0,7,0,8,13
09,013,110,Capitol Planning Region,85950,Willington town,MALE,40--44,9,155,134,1,0,7,2,3,8
09,013,110,Capitol Planning Region,85950,Willington town,MALE,45--49,10,134,126,1,0,1,0,5,1
09,013,110,Capitol Planning Region,85950,Willington town,MALE,50--54,11,171,152,2,2,4,1,4,6
09,013,110,Capitol Planning Region,85950,Willington town,MALE,55--59,12,196,185,0,0,5,0,1,5
09,013,110,Capitol Planning Region,85950,Willington town,MALE,60--64,13,209,196,2,0,3,0,6,2
09,013,110,Capitol Planning Region,85950,Willington town,MALE,65--69,14,202,187,1,1,1,2,4,6
09,013,110,Capitol Planning Region,85950,Willington town,MALE,70--74,15,112,107,0,1,2,0,0,2
09,013,110,Capitol Planning Region,85950,Willington town,MALE,75--79,16,94,93,0,0,1,0,0,0
09,013,110,Capitol Planning Region,85950,Willington town,MALE,80--84,17,39,39,0,0,0,0,0,0
09,013,110,Capitol Planning Region,85950,Willington town,MALE,85+,18,41,39,0,0,2,0,0,0
09,013,110,Capitol Planning Region,85950,Willington town,FEMALE,00--04,1,94,77,2,0,4,0,3,8
09,013,110,Capitol Planning Region,85950,Willington town,FEMALE,05--09,2,106,86,2,0,4,0,8,6
09,013,110,Capitol Planning Region,85950,Willington town,FEMALE,10--14,3,113,98,4,0,2,0,4,5
09,013,110,Capitol Planning Region,85950,Willington town,FEMALE,15--19,4,151,130,5,0,4,0,4,8
09,013,110,Capitol Planning Region,85950,Willington town,FEMALE,20--24,5,319,209,20,0,46,0,13,31
09,013,110,Capitol Planning Region,85950,Willington town,FEMALE,25--29,6,198,153,3,0,29,0,2,11
09,013,110,Capitol Planning Region,85950,Willington town,FEMALE,30--34,7,185,151,3,0,22,0,4,5
09,013,110,Capitol Planning Region,85950,Willington town,FEMALE,35--39,8,138,113,1,0,5,0,3,16
09,013,110,Capitol Planning Region,85950,Willington town,FEMALE,40--44,9,140,126,3,0,4,0,0,7
09,013,110,Capitol Planning Region,85950,Willington town,FEMALE,45--49,10,122,102,1,1,3,0,6,9
09,013,110,Capitol Planning Region,85950,Willington town,FEMALE,50--54,11,181,169,1,1,1,0,5,4
09,013,110,Capitol Planning Region,85950,Willington town,FEMALE,55--59,12,207,189,3,1,6,0,3,5
09,013,110,Capitol Planning Region,85950,Willington town,FEMALE,60--64,13,222,206,0,0,4,2,5,5
09,013,110,Capitol Planning Region,85950,Willington town,FEMALE,65--69,14,175,168,1,0,2,0,2,2
09,013,110,Capitol Planning Region,85950,Willington town,FEMALE,70--74,15,122,116,0,0,4,0,0,2
09,013,110,Capitol Planning Region,85950,Willington town,FEMALE,75--79,16,77,72,1,0,3,0,1,0
09,013,110,Capitol Planning Region,85950,Willington town,FEMALE,80--84,17,53,49,1,0,0,0,1,2
09,013,110,Capitol Planning Region,85950,Willington town,FEMALE,85+,18,48,46,0,0,0,0,2,0
09,015,150,Northeastern Connecticut Planning Region,01430,Ashford town,MALE,00--04,1,84,67,1,0,2,0,5,9
09,015,150,Northeastern Connecticut Planning Region,01430,Ashford town,MALE,05--09,2,102,84,1,0,1,0,6,10
09,015,150,Northeastern Connecticut Planning Region,01430,Ashford town,MALE,10--14,3,111,97,4,0,1,0,4,5
09,015,150,Northeastern Connecticut Planning Region,01430,Ashford town,MALE,15--19,4,119,100,1,0,0,0,7,11
09,015,150,Northeastern Connecticut Planning Region,01430,Ashford town,MALE,20--24,5,133,112,2,0,6,1,4,8
09,015,150,Northeastern Connecticut Planning Region,01430,Ashford town,MALE,25--29,6,149,125,2,0,10,0,5,7
09,015,150,Northeastern Connecticut Planning Region,01430,Ashford town,MALE,30--34,7,125,106,1,0,3,0,8,7
09,015,150,Northeastern Connecticut Planning Region,01430,Ashford town,MALE,35--39,8,119,108,4,0,2,0,2,3
09,015,150,Northeastern Connecticut Planning Region,01430,Ashford town,MALE,40--44,9,128,113,2,0,2,0,5,6
09,015,150,Northeastern Connecticut Planning Region,01430,Ashford town,MALE,45--49,10,119,106,1,0,0,0,6,6
09,015,150,Northeastern Connecticut Planning Region,01430,Ashford town,MALE,50--54,11,162,148,1,0,0,0,5,8
09,015,150,Northeastern Connecticut Planning Region,01430,Ashford town,MALE,55--59,12,173,165,1,0,1,0,4,2
09,015,150,Northeastern Connecticut Planning Region,01430,Ashford town,MALE,60--64,13,176,170,0,0,1,0,3,2
09,015,150,Northeastern Connecticut Planning Region,01430,Ashford town,MALE,65--69,14,167,161,3,0,0,0,1,2
09,015,150,Northeastern Connecticut Planning Region,01430,Ashford town,MALE,70--74,15,116,113,0,0,1,0,1,1
09,015,150,Northeastern Connecticut Planning Region,01430,Ashford town,MALE,75--79,16,64,63,0,0,0,0,1,0
09,015,150,Northeastern Connecticut Planning Region,01430,Ashford town,MALE,80--84,17,29,29,0,0,0,0,0,0
09,015,150,Northeastern Connecticut Planning Region,01430,Ashford town,MALE,85+,18,15,12,0,0,2,0,0,1
09,015,150,Northeastern Connecticut Planning Region,01430,Ashford town,FEMALE,00--04,1,82,65,4,0,1,0,4,8
09,015,150,Northeastern Connecticut Planning Region,01430,Ashford town,FEMALE,05--09,2,93,79,1,0,1,0,4,8
09,015,150,Northeastern Connecticut Planning Region,01430,Ashford town,FEMALE,10--14,3,119,95,1,1,0,0,6,16
09,015,150,Northeastern Connecticut Planning Region,01430,Ashford town,FEMALE,15--19,4,114,88,2,0,4,0,11,9
09,015,150,Northeastern Connecticut Planning Region,01430,Ashford town,FEMALE,20--24,5,115,94,1,0,8,0,5,7
09,015,150,Northeastern Connecticut Planning Region,01430,Ashford town,FEMALE,25--29,6,108,90,4,0,1,0,3,10
09,015,150,Northeastern Connecticut Planning Region,01430,Ashford town,FEMALE,30--34,7,125,117,0,0,0,0,2,6
09,015,150,Northeastern Connecticut Planning Region,01430,Ashford town,FEMALE,35--39,8,121,105,5,3,2,0,2,4
09,015,150,Northeastern Connecticut Planning Region,01430,Ashford town,FEMALE,40--44,9,118,106,2,0,2,0,1,7
09,015,150,Northeastern Connecticut Planning Region,01430,Ashford town,FEMALE,45--49,10,120,106,4,0,3,0,4,3
09,015,150,Northeastern Connecticut Planning Region,01430,Ashford town,FEMALE,50--54,11,167,160,0,0,0,0,2,5
09,015,150,Northeastern Connecticut Planning Region,01430,Ashford town,FEMALE,55--59,12,181,171,2,1,1,0,1,5
09,015,150,Northeastern Connecticut Planning Region,01430,Ashford town,FEMALE,60--64,13,183,175,2,0,2,0,2,2
09,015,150,Northeastern Connecticut Planning Region,01430,Ashford town,FEMALE,65--69,14,177,174,2,0,0,0,0,1
09,015,150,Northeastern Connecticut Planning Region,01430,Ashford town,FEMALE,70--74,15,108,100,1,0,2,0,3,2
09,015,150,Northeastern Connecticut Planning Region,01430,Ashford town,FEMALE,75--79,16,78,74,0,0,1,0,0,3
09,015,150,Northeastern Connecticut Planning Region,01430,Ashford town,FEMALE,80--84,17,40,39,1,0,0,0,0,0
09,015,150,Northeastern Connecticut Planning Region,01430,Ashford town,FEMALE,85+,18,45,44,0,0,0,0,1,0
09,015,150,Northeastern Connecticut Planning Region,09190,Brooklyn town,MALE,00--04,1,178,139,2,0,5,0,5,27
09,015,150,Northeastern Connecticut Planning Region,09190,Brooklyn town,MALE,05--09,2,232,179,1,0,5,0,21,26
09,015,150,Northeastern Connecticut Planning Region,09190,Brooklyn town,MALE,10--14,3,252,198,5,1,7,0,13,28
09,015,150,Northeastern Connecticut Planning Region,09190,Brooklyn town,MALE,15--19,4,269,230,2,0,7,0,11,19
09,015,150,Northeastern Connecticut Planning Region,09190,Brooklyn town,MALE,20--24,5,244,189,9,0,10,0,9,27
09,015,150,Northeastern Connecticut Planning Region,09190,Brooklyn town,MALE,25--29,6,259,202,24,0,6,0,10,17
09,015,150,Northeastern Connecticut Planning Region,09190,Brooklyn town,MALE,30--34,7,311,232,27,2,5,1,2,42
09,015,150,Northeastern Connecticut Planning Region,09190,Brooklyn town,MALE,35--39,8,359,272,32,4,3,0,6,42
09,015,150,Northeastern Connecticut Planning Region,09190,Brooklyn town,MALE,40--44,9,323,239,30,4,5,0,4,41
09,015,150,Northeastern Connecticut Planning Region,09190,Brooklyn town,MALE,45--49,10,272,233,13,0,2,0,3,21
09,015,150,Northeastern Connecticut Planning Region,09190,Brooklyn town,MALE,50--54,11,335,287,8,0,9,0,14,17
09,015,150,Northeastern Connecticut Planning Region,09190,Brooklyn town,MALE,55--59,12,325,300,10,3,3,0,1,8
09,015,150,Northeastern Connecticut Planning Region,09190,Brooklyn town,MALE,60--64,13,299,285,2,0,1,0,6,5
09,015,150,Northeastern Connecticut Planning Region,09190,Brooklyn town,MALE,65--69,14,239,227,6,0,0,0,4,2
09,015,150,Northeastern Connecticut Planning Region,09190,Brooklyn town,MALE,70--74,15,204,191,3,2,1,0,0,7
09,015,150,Northeastern Connecticut Planning Region,09190,Brooklyn town,MALE,75--79,16,130,125,1,0,1,0,2,1
09,015,150,Northeastern Connecticut Planning Region,09190,Brooklyn town,MALE,80--84,17,98,95,0,0,0,0,1,2
09,015,150,Northeastern Connecticut Planning Region,09190,Brooklyn town,MALE,85+,18,76,72,0,0,3,0,0,1
09,015,150,Northeastern Connecticut Planning Region,09190,Brooklyn town,FEMALE,00--04,1,168,134,1,0,0,0,12,21
09,015,150,Northeastern Connecticut Planning Region,09190,Brooklyn town,FEMALE,05--09,2,239,181,4,0,1,0,13,40
09,015,150,Northeastern Connecticut Planning Region,09190,Brooklyn town,FEMALE,10--14,3,252,208,0,1,2,0,16,25
09,015,150,Northeastern Connecticut Planning Region,09190,Brooklyn town,FEMALE,15--19,4,253,210,6,1,2,0,10,24
09,015,150,Northeastern Connecticut Planning Region,09190,Brooklyn town,FEMALE,20--24,5,192,175,2,0,1,0,8,6
09,015,150,Northeastern Connecticut Planning Region,09190,Brooklyn town,FEMALE,25--29,6,185,167,0,0,1,1,5,11
09,015,150,Northeastern Connecticut Planning Region,09190,Brooklyn town,FEMALE,30--34,7,237,206,2,0,8,0,10,11
09,015,150,Northeastern Connecticut Planning Region,09190,Brooklyn town,FEMALE,35--39,8,288,266,2,2,5,0,4,9
09,015,150,Northeastern Connecticut Planning Region,09190,Brooklyn town,FEMALE,40--44,9,246,218,2,0,11,0,5,10
09,015,150,Northeastern Connecticut Planning Region,09190,Brooklyn town,FEMALE,45--49,10,266,243,5,1,2,2,3,10
09,015,150,Northeastern Connecticut Planning Region,09190,Brooklyn town,FEMALE,50--54,11,285,250,0,0,2,0,17,16
09,015,150,Northeastern Connecticut Planning Region,09190,Brooklyn town,FEMALE,55--59,12,293,273,1,2,5,0,3,9
09,015,150,Northeastern Connecticut Planning Region,09190,Brooklyn town,FEMALE,60--64,13,296,278,1,0,3,0,10,4
09,015,150,Northeastern Connecticut Planning Region,09190,Brooklyn town,FEMALE,65--69,14,261,247,2,0,3,0,5,4
09,015,150,Northeastern Connecticut Planning Region,09190,Brooklyn town,FEMALE,70--74,15,209,203,1,0,3,0,1,1
09,015,150,Northeastern Connecticut Planning Region,09190,Brooklyn town,FEMALE,75--79,16,157,153,0,0,1,0,1,2
09,015,150,Northeastern Connecticut Planning Region,09190,Brooklyn town,FEMALE,80--84,17,119,113,0,0,1,0,4,1
09,015,150,Northeastern Connecticut Planning Region,09190,Brooklyn town,FEMALE,85+,18,139,134,0,0,1,0,2,2
09,015,150,Northeastern Connecticut Planning Region,12130,Canterbury town,MALE,00--04,1,130,98,3,0,0,0,13,16
09,015,150,Northeastern Connecticut Planning Region,12130,Canterbury town,MALE,05--09,2,145,115,3,0,0,0,6,21
09,015,150,Northeastern Connecticut Planning Region,12130,Canterbury town,MALE,10--14,3,127,114,1,1,0,0,9,2
09,015,150,Northeastern Connecticut Planning Region,12130,Canterbury town,MALE,15--19,4,180,155,5,1,0,0,5,14
09,015,150,Northeastern Connecticut Planning Region,12130,Canterbury town,MALE,20--24,5,117,110,2,0,0,0,2,3
09,015,150,Northeastern Connecticut Planning Region,12130,Canterbury town,MALE,25--29,6,114,107,1,0,1,0,2,3
09,015,150,Northeastern Connecticut Planning Region,12130,Canterbury town,MALE,30--34,7,129,114,3,1,1,0,7,3
09,015,150,Northeastern Connecticut Planning Region,12130,Canterbury town,MALE,35--39,8,165,145,3,1,0,0,11,5
09,015,150,Northeastern Connecticut Planning Region,12130,Canterbury town,MALE,40--44,9,183,163,4,0,0,0,6,10
09,015,150,Northeastern Connecticut Planning Region,12130,Canterbury town,MALE,45--49,10,174,161,0,1,0,0,4,8
09,015,150,Northeastern Connecticut Planning Region,12130,Canterbury town,MALE,50--54,11,181,168,3,0,2,0,3,5
09,015,150,Northeastern Connecticut Planning Region,12130,Canterbury town,MALE,55--59,12,217,200,3,3,0,0,9,2
09,015,150,Northeastern Connecticut Planning Region,12130,Canterbury town,MALE,60--64,13,217,202,4,1,1,0,2,7
09,015,150,Northeastern Connecticut Planning Region,12130,Canterbury town,MALE,65--69,14,182,171,2,0,1,0,7,1
09,015,150,Northeastern Connecticut Planning Region,12130,Canterbury town,MALE,70--74,15,140,138,0,0,1,0,0,1
09,015,150,Northeastern Connecticut Planning Region,12130,Canterbury town,MALE,75--79,16,106,100,2,0,0,0,0,4
09,015,150,Northeastern Connecticut Planning Region,12130,Canterbury town,MALE,80--84,17,35,35,0,0,0,0,0,0
09,015,150,Northeastern Connecticut Planning Region,12130,Canterbury town,MALE,85+,18,31,31,0,0,0,0,0,0
09,015,150,Northeastern Connecticut Planning Region,12130,Canterbury town,FEMALE,00--04,1,106,91,0,0,0,0,5,10
09,015,150,Northeastern Connecticut Planning Region,12130,Canterbury town,FEMALE,05--09,2,130,110,4,0,1,0,4,11
09,015,150,Northeastern Connecticut Planning Region,12130,Canterbury town,FEMALE,10--14,3,144,122,1,2,0,0,5,14
09,015,150,Northeastern Connecticut Planning Region,12130,Canterbury town,FEMALE,15--19,4,138,108,2,1,1,0,11,15
09,015,150,Northeastern Connecticut Planning Region,12130,Canterbury town,FEMALE,20--24,5,103,87,3,0,4,0,6,3
09,015,150,Northeastern Connecticut Planning Region,12130,Canterbury town,FEMALE,25--29,6,97,89,3,1,0,0,1,3
09,015,150,Northeastern Connecticut Planning Region,12130,Canterbury town,FEMALE,30--34,7,137,119,0,1,1,0,4,12
09,015,150,Northeastern Connecticut Planning Region,12130,Canterbury town,FEMALE,35--39,8,169,156,0,0,0,0,5,8
09,015,150,Northeastern Connecticut Planning Region,12130,Canterbury town,FEMALE,40--44,9,152,139,2,0,1,0,5,5
09,015,150,Northeastern Connecticut Planning Region,12130,Canterbury town,FEMALE,45--49,10,161,144,1,1,0,0,10,5
09,015,150,Northeastern Connecticut Planning Region,12130,Canterbury town,FEMALE,50--54,11,181,165,1,1,5,0,6,3
09,015,150,Northeastern Connecticut Planning Region,12130,Canterbury town,FEMALE,55--59,12,219,206,1,2,0,0,8,2
09,015,150,Northeastern Connecticut Planning Region,12130,Canterbury town,FEMALE,60--64,13,262,244,3,0,5,0,8,2
09,015,150,Northeastern Connecticut Planning Region,12130,Canterbury town,FEMALE,65--69,14,168,153,3,0,0,0,7,5
09,015,150,Northeastern Connecticut Planning Region,12130,Canterbury town,FEMALE,70--74,15,146,145,0,0,0,0,1,0
09,015,150,Northeastern Connecticut Planning Region,12130,Canterbury town,FEMALE,75--79,16,86,81,2,0,0,0,0,3
09,015,150,Northeastern Connecticut Planning Region,12130,Canterbury town,FEMALE,80--84,17,43,41,1,0,0,0,0,1
09,015,150,Northeastern Connecticut Planning Region,12130,Canterbury town,FEMALE,85+,18,45,43,1,0,0,0,0,1
09,015,150,Northeastern Connecticut Planning Region,13810,Chaplin town,MALE,00--04,1,44,36,1,0,0,0,2,5
09,015,150,Northeastern Connecticut Planning Region,13810,Chaplin town,MALE,05--09,2,54,44,0,1,0,0,3,6
09,015,150,Northeastern Connecticut Planning Region,13810,Chaplin town,MALE,10--14,3,66,55,1,0,0,0,7,3
09,015,150,Northeastern Connecticut Planning Region,13810,Chaplin town,MALE,15--19,4,55,39,3,2,0,0,4,7
09,015,150,Northeastern Connecticut Planning Region,13810,Chaplin town,MALE,20--24,5,45,40,1,0,0,0,3,1
09,015,150,Northeastern Connecticut Planning Region,13810,Chaplin town,MALE,25--29,6,54,49,1,0,1,0,0,3
09,015,150,Northeastern Connecticut Planning Region,13810,Chaplin town,MALE,30--34,7,75,65,1,1,0,0,3,5
09,015,150,Northeastern Connecticut Planning Region,13810,Chaplin town,MALE,35--39,8,68,59,1,0,0,0,3,5
09,015,150,Northeastern Connecticut Planning Region,13810,Chaplin town,MALE,40--44,9,74,64,0,0,0,0,4,6
09,015,150,Northeastern Connecticut Planning Region,13810,Chaplin town,MALE,45--49,10,64,58,0,0,1,0,3,2
09,015,150,Northeastern Connecticut Planning Region,13810,Chaplin town,MALE,50--54,11,97,83,5,0,0,0,4,5
09,015,150,Northeastern Connecticut Planning Region,13810,Chaplin town,MALE,55--59,12,104,98,0,0,0,0,0,6
09,015,150,Northeastern Connecticut Planning Region,13810,Chaplin town,MALE,60--64,13,95,89,0,0,0,0,2,4
09,015,150,Northeastern Connecticut Planning Region,13810,Chaplin town,MALE,65--69,14,80,71,1,1,0,0,4,3
09,015,150,Northeastern Connecticut Planning Region,13810,Chaplin town,MALE,70--74,15,58,50,0,0,2,0,1,5
09,015,150,Northeastern Connecticut Planning Region,13810,Chaplin town,MALE,75--79,16,33,33,0,0,0,0,0,0
09,015,150,Northeastern Connecticut Planning Region,13810,Chaplin town,MALE,80--84,17,22,19,0,0,0,0,0,3
09,015,150,Northeastern Connecticut Planning Region,13810,Chaplin town,MALE,85+,18,7,7,0,0,0,0,0,0
09,015,150,Northeastern Connecticut Planning Region,13810,Chaplin town,FEMALE,00--04,1,43,36,1,0,0,0,2,4
09,015,150,Northeastern Connecticut Planning Region,13810,Chaplin town,FEMALE,05--09,2,48,37,1,0,0,0,5,5
09,015,150,Northeastern Connecticut Planning Region,13810,Chaplin town,FEMALE,10--14,3,64,55,2,0,0,0,3,4
09,015,150,Northeastern Connecticut Planning Region,13810,Chaplin town,FEMALE,15--19,4,50,38,2,0,0,0,6,4
09,015,150,Northeastern Connecticut Planning Region,13810,Chaplin town,FEMALE,20--24,5,41,34,0,0,0,0,2,5
09,015,150,Northeastern Connecticut Planning Region,13810,Chaplin town,FEMALE,25--29,6,51,48,0,0,0,0,0,3
09,015,150,Northeastern Connecticut Planning Region,13810,Chaplin town,FEMALE,30--34,7,65,64,0,0,0,0,1,0
09,015,150,Northeastern Connecticut Planning Region,13810,Chaplin town,FEMALE,35--39,8,59,53,1,0,1,0,0,4
09,015,150,Northeastern Connecticut Planning Region,13810,Chaplin town,FEMALE,40--44,9,58,52,2,0,0,0,0,4
09,015,150,Northeastern Connecticut Planning Region,13810,Chaplin town,FEMALE,45--49,10,74,65,1,0,0,0,7,1
09,015,150,Northeastern Connecticut Planning Region,13810,Chaplin town,FEMALE,50--54,11,90,82,0,0,0,0,3,5
09,015,150,Northeastern Connecticut Planning Region,13810,Chaplin town,FEMALE,55--59,12,102,93,0,4,1,0,2,2
09,015,150,Northeastern Connecticut Planning Region,13810,Chaplin town,FEMALE,60--64,13,103,97,1,0,0,0,2,3
09,015,150,Northeastern Connecticut Planning Region,13810,Chaplin town,FEMALE,65--69,14,81,75,0,1,0,0,2,3
09,015,150,Northeastern Connecticut Planning Region,13810,Chaplin town,FEMALE,70--74,15,51,46,0,0,0,0,2,3
09,015,150,Northeastern Connecticut Planning Region,13810,Chaplin town,FEMALE,75--79,16,29,29,0,0,0,0,0,0
09,015,150,Northeastern Connecticut Planning Region,13810,Chaplin town,FEMALE,80--84,17,12,10,0,0,1,0,0,1
09,015,150,Northeastern Connecticut Planning Region,13810,Chaplin town,FEMALE,85+,18,26,25,0,0,0,0,1,0
09,015,150,Northeastern Connecticut Planning Region,21860,Eastford town,MALE,00--04,1,36,30,0,0,2,0,0,4
09,015,150,Northeastern Connecticut Planning Region,21860,Eastford town,MALE,05--09,2,44,36,0,0,0,0,3,5
09,015,150,Northeastern Connecticut Planning Region,21860,Eastford town,MALE,10--14,3,48,43,0,0,0,0,1,4
09,015,150,Northeastern Connecticut Planning Region,21860,Eastford town,MALE,15--19,4,33,31,0,0,0,0,2,0
09,015,150,Northeastern Connecticut Planning Region,21860,Eastford town,MALE,20--24,5,43,33,0,0,1,0,5,4
09,015,150,Northeastern Connecticut Planning Region,21860,Eastford town,MALE,25--29,6,34,32,1,0,0,0,0,1
09,015,150,Northeastern Connecticut Planning Region,21860,Eastford town,MALE,30--34,7,61,56,0,1,0,0,3,1
09,015,150,Northeastern Connecticut Planning Region,21860,Eastford town,MALE,35--39,8,45,43,0,0,1,0,0,1
09,015,150,Northeastern Connecticut Planning Region,21860,Eastford town,MALE,40--44,9,48,47,0,0,1,0,0,0
09,015,150,Northeastern Connecticut Planning Region,21860,Eastford town,MALE,45--49,10,48,45,0,0,2,0,0,1
09,015,150,Northeastern Connecticut Planning Region,21860,Eastford town,MALE,50--54,11,58,56,0,0,0,0,0,2
09,015,150,Northeastern Connecticut Planning Region,21860,Eastford town,MALE,55--59,12,84,82,0,0,1,0,0,1
09,015,150,Northeastern Connecticut Planning Region,21860,Eastford town,MALE,60--64,13,69,62,0,0,0,0,6,1
09,015,150,Northeastern Connecticut Planning Region,21860,Eastford town,MALE,65--69,14,67,64,0,0,0,0,3,0
09,015,150,Northeastern Connecticut Planning Region,21860,Eastford town,MALE,70--74,15,65,62,0,0,0,0,2,1
09,015,150,Northeastern Connecticut Planning Region,21860,Eastford town,MALE,75--79,16,24,24,0,0,0,0,0,0
09,015,150,Northeastern Connecticut Planning Region,21860,Eastford town,MALE,80--84,17,21,21,0,0,0,0,0,0
09,015,150,Northeastern Connecticut Planning Region,21860,Eastford town,MALE,85+,18,14,12,0,0,0,0,0,2
09,015,150,Northeastern Connecticut Planning Region,21860,Eastford town,FEMALE,00--04,1,44,40,0,0,0,0,1,3
09,015,150,Northeastern Connecticut Planning Region,21860,Eastford town,FEMALE,05--09,2,34,31,0,0,0,0,2,1
09,015,150,Northeastern Connecticut Planning Region,21860,Eastford town,FEMALE,10--14,3,47,39,1,0,0,0,2,5
09,015,150,Northeastern Connecticut Planning Region,21860,Eastford town,FEMALE,15--19,4,36,33,0,1,1,0,0,1
09,015,150,Northeastern Connecticut Planning Region,21860,Eastford town,FEMALE,20--24,5,20,16,0,0,1,0,1,2
09,015,150,Northeastern Connecticut Planning Region,21860,Eastford town,FEMALE,25--29,6,50,35,4,0,1,0,4,6
09,015,150,Northeastern Connecticut Planning Region,21860,Eastford town,FEMALE,30--34,7,50,47,0,0,1,0,1,1
09,015,150,Northeastern Connecticut Planning Region,21860,Eastford town,FEMALE,35--39,8,47,43,0,0,0,0,0,4
09,015,150,Northeastern Connecticut Planning Region,21860,Eastford town,FEMALE,40--44,9,47,45,0,0,0,0,0,2
09,015,150,Northeastern Connecticut Planning Region,21860,Eastford town,FEMALE,45--49,10,48,40,2,1,1,0,1,3
09,015,150,Northeastern Connecticut Planning Region,21860,Eastford town,FEMALE,50--54,11,59,55,0,0,2,0,2,0
09,015,150,Northeastern Connecticut Planning Region,21860,Eastford town,FEMALE,55--59,12,65,59,0,1,0,0,3,2
09,015,150,Northeastern Connecticut Planning Region,21860,Eastford town,FEMALE,60--64,13,82,79,1,0,0,0,1,1
09,015,150,Northeastern Connecticut Planning Region,21860,Eastford town,FEMALE,65--69,14,65,63,0,0,0,0,0,2
09,015,150,Northeastern Connecticut Planning Region,21860,Eastford town,FEMALE,70--74,15,59,58,0,0,0,0,1,0
09,015,150,Northeastern Connecticut Planning Region,21860,Eastford town,FEMALE,75--79,16,33,33,0,0,0,0,0,0
09,015,150,Northeastern Connecticut Planning Region,21860,Eastford town,FEMALE,80--84,17,14,13,0,0,1,0,0,0
09,015,150,Northeastern Connecticut Planning Region,21860,Eastford town,FEMALE,85+,18,18,18,0,0,0,0,0,0
09,015,150,Northeastern Connecticut Planning Region,36000,Hampton town,MALE,00--04,1,38,28,2,0,0,0,1,7
09,015,150,Northeastern Connecticut Planning Region,36000,Hampton town,MALE,05--09,2,44,36,1,0,0,0,0,7
09,015,150,Northeastern Connecticut Planning Region,36000,Hampton town,MALE,10--14,3,48,45,1,0,0,0,1,1
09,015,150,Northeastern Connecticut Planning Region,36000,Hampton town,MALE,15--19,4,49,46,0,0,0,0,1,2
09,015,150,Northeastern Connecticut Planning Region,36000,Hampton town,MALE,20--24,5,45,38,0,1,1,0,4,1
09,015,150,Northeastern Connecticut Planning Region,36000,Hampton town,MALE,25--29,6,46,43,0,0,1,0,1,1
09,015,150,Northeastern Connecticut Planning Region,36000,Hampton town,MALE,30--34,7,38,33,0,0,0,0,4,1
09,015,150,Northeastern Connecticut Planning Region,36000,Hampton town,MALE,35--39,8,58,52,0,0,0,0,2,4
09,015,150,Northeastern Connecticut Planning Region,36000,Hampton town,MALE,40--44,9,46,42,0,0,0,0,2,2
09,015,150,Northeastern Connecticut Planning Region,36000,Hampton town,MALE,45--49,10,54,51,0,0,0,0,3,0
09,015,150,Northeastern Connecticut Planning Region,36000,Hampton town,MALE,50--54,11,72,67,0,1,1,0,3,0
09,015,150,Northeastern Connecticut Planning Region,36000,Hampton town,MALE,55--59,12,72,71,1,0,0,0,0,0
09,015,150,Northeastern Connecticut Planning Region,36000,Hampton town,MALE,60--64,13,82,79,0,1,0,0,0,2
09,015,150,Northeastern Connecticut Planning Region,36000,Hampton town,MALE,65--69,14,74,74,0,0,0,0,0,0
09,015,150,Northeastern Connecticut Planning Region,36000,Hampton town,MALE,70--74,15,69,68,0,1,0,0,0,0
09,015,150,Northeastern Connecticut Planning Region,36000,Hampton town,MALE,75--79,16,42,41,1,0,0,0,0,0
09,015,150,Northeastern Connecticut Planning Region,36000,Hampton town,MALE,80--84,17,23,20,0,1,0,0,2,0
09,015,150,Northeastern Connecticut Planning Region,36000,Hampton town,MALE,85+,18,14,14,0,0,0,0,0,0
09,015,150,Northeastern Connecticut Planning Region,36000,Hampton town,FEMALE,00--04,1,33,28,0,0,0,0,1,4
09,015,150,Northeastern Connecticut Planning Region,36000,Hampton town,FEMALE,05--09,2,30,27,1,0,0,0,1,1
09,015,150,Northeastern Connecticut Planning Region,36000,Hampton town,FEMALE,10--14,3,32,28,0,0,0,0,2,2
09,015,150,Northeastern Connecticut Planning Region,36000,Hampton town,FEMALE,15--19,4,33,27,0,0,0,0,4,2
09,015,150,Northeastern Connecticut Planning Region,36000,Hampton town,FEMALE,20--24,5,29,22,0,1,0,0,2,4
09,015,150,Northeastern Connecticut Planning Region,36000,Hampton town,FEMALE,25--29,6,35,32,0,0,1,0,0,2
09,015,150,Northeastern Connecticut Planning Region,36000,Hampton town,FEMALE,30--34,7,38,32,0,1,1,0,1,3
09,015,150,Northeastern Connecticut Planning Region,36000,Hampton town,FEMALE,35--39,8,37,36,0,0,0,0,0,1
09,015,150,Northeastern Connecticut Planning Region,36000,Hampton town,FEMALE,40--44,9,42,41,0,0,0,0,1,0
09,015,150,Northeastern Connecticut Planning Region,36000,Hampton town,FEMALE,45--49,10,40,40,0,0,0,0,0,0
09,015,150,Northeastern Connecticut Planning Region,36000,Hampton town,FEMALE,50--54,11,68,59,1,1,0,0,2,5
09,015,150,Northeastern Connecticut Planning Region,36000,Hampton town,FEMALE,55--59,12,83,77,0,1,0,0,3,2
09,015,150,Northeastern Connecticut Planning Region,36000,Hampton town,FEMALE,60--64,13,100,95,0,0,2,0,1,2
09,015,150,Northeastern Connecticut Planning Region,36000,Hampton town,FEMALE,65--69,14,81,72,0,1,3,0,4,1
09,015,150,Northeastern Connecticut Planning Region,36000,Hampton town,FEMALE,70--74,15,67,62,0,3,2,0,0,0
09,015,150,Northeastern Connecticut Planning Region,36000,Hampton town,FEMALE,75--79,16,29,29,0,0,0,0,0,0
09,015,150,Northeastern Connecticut Planning Region,36000,Hampton town,FEMALE,80--84,17,15,15,0,0,0,0,0,0
09,015,150,Northeastern Connecticut Planning Region,36000,Hampton town,FEMALE,85+,18,21,20,0,0,0,0,0,1
09,015,150,Northeastern Connecticut Planning Region,40500,Killingly town,MALE,00--04,1,433,366,5,0,8,0,24,30
09,015,150,Northeastern Connecticut Planning Region,40500,Killingly town,MALE,05--09,2,506,397,8,0,9,0,43,49
09,015,150,Northeastern Connecticut Planning Region,40500,Killingly town,MALE,10--14,3,473,365,9,2,9,0,34,54
09,015,150,Northeastern Connecticut Planning Region,40500,Killingly town,MALE,15--19,4,500,409,11,1,12,0,29,38
09,015,150,Northeastern Connecticut Planning Region,40500,Killingly town,MALE,20--24,5,463,392,11,0,12,0,22,26
09,015,150,Northeastern Connecticut Planning Region,40500,Killingly town,MALE,25--29,6,654,583,11,0,16,0,23,21
09,015,150,Northeastern Connecticut Planning Region,40500,Killingly town,MALE,30--34,7,610,524,11,5,9,0,22,39
09,015,150,Northeastern Connecticut Planning Region,40500,Killingly town,MALE,35--39,8,627,551,6,0,13,0,32,25
09,015,150,Northeastern Connecticut Planning Region,40500,Killingly town,MALE,40--44,9,599,531,17,0,15,0,7,29
09,015,150,Northeastern Connecticut Planning Region,40500,Killingly town,MALE,45--49,10,529,470,19,2,7,0,11,20
09,015,150,Northeastern Connecticut Planning Region,40500,Killingly town,MALE,50--54,11,616,562,3,0,13,0,16,22
09,015,150,Northeastern Connecticut Planning Region,40500,Killingly town,MALE,55--59,12,665,614,4,5,5,0,13,24
09,015,150,Northeastern Connecticut Planning Region,40500,Killingly town,MALE,60--64,13,643,597,9,0,4,0,22,11
09,015,150,Northeastern Connecticut Planning Region,40500,Killingly town,MALE,65--69,14,544,504,5,1,10,0,9,15
09,015,150,Northeastern Connecticut Planning Region,40500,Killingly town,MALE,70--74,15,415,380,6,1,12,0,6,10
09,015,150,Northeastern Connecticut Planning Region,40500,Killingly town,MALE,75--79,16,237,229,1,0,4,0,2,1
09,015,150,Northeastern Connecticut Planning Region,40500,Killingly town,MALE,80--84,17,164,156,2,0,0,0,2,4
09,015,150,Northeastern Connecticut Planning Region,40500,Killingly town,MALE,85+,18,131,125,2,1,1,0,1,1
09,015,150,Northeastern Connecticut Planning Region,40500,Killingly town,FEMALE,00--04,1,421,316,5,0,6,0,35,59
09,015,150,Northeastern Connecticut Planning Region,40500,Killingly town,FEMALE,05--09,2,487,387,8,0,14,0,32,46
09,015,150,Northeastern Connecticut Planning Region,40500,Killingly town,FEMALE,10--14,3,467,371,4,0,2,0,32,58
09,015,150,Northeastern Connecticut Planning Region,40500,Killingly town,FEMALE,15--19,4,452,367,8,1,11,0,37,28
09,015,150,Northeastern Connecticut Planning Region,40500,Killingly town,FEMALE,20--24,5,392,313,6,1,16,0,31,25
09,015,150,Northeastern Connecticut Planning Region,40500,Killingly town,FEMALE,25--29,6,599,515,10,1,7,0,32,34
09,015,150,Northeastern Connecticut Planning Region,40500,Killingly town,FEMALE,30--34,7,568,480,10,4,19,0,22,33
09,015,150,Northeastern Connecticut Planning Region,40500,Killingly town,FEMALE,35--39,8,644,549,22,1,13,0,31,28
09,015,150,Northeastern Connecticut Planning Region,40500,Killingly town,FEMALE,40--44,9,567,512,0,2,18,0,12,23
09,015,150,Northeastern Connecticut Planning Region,40500,Killingly town,FEMALE,45--49,10,529,477,8,0,12,0,17,15
09,015,150,Northeastern Connecticut Planning Region,40500,Killingly town,FEMALE,50--54,11,589,546,10,0,8,0,10,15
09,015,150,Northeastern Connecticut Planning Region,40500,Killingly town,FEMALE,55--59,12,684,641,2,1,11,0,21,8
09,015,150,Northeastern Connecticut Planning Region,40500,Killingly town,FEMALE,60--64,13,643,605,3,1,9,1,13,11
09,015,150,Northeastern Connecticut Planning Region,40500,Killingly town,FEMALE,65--69,14,583,553,4,4,5,0,12,5
09,015,150,Northeastern Connecticut Planning Region,40500,Killingly town,FEMALE,70--74,15,441,417,3,3,3,0,5,10
09,015,150,Northeastern Connecticut Planning Region,40500,Killingly town,FEMALE,75--79,16,330,312,0,0,4,0,3,11
09,015,150,Northeastern Connecticut Planning Region,40500,Killingly town,FEMALE,80--84,17,266,260,0,0,5,0,1,0
09,015,150,Northeastern Connecticut Planning Region,40500,Killingly town,FEMALE,85+,18,271,263,1,0,4,0,0,3
09,015,150,Northeastern Connecticut Planning Region,59980,Plainfield town,MALE,00--04,1,387,292,13,0,10,0,25,47
09,015,150,Northeastern Connecticut Planning Region,59980,Plainfield town,MALE,05--09,2,418,316,11,3,4,0,37,47
09,015,150,Northeastern Connecticut Planning Region,59980,Plainfield town,MALE,10--14,3,466,377,4,1,10,0,31,43
09,015,150,Northeastern Connecticut Planning Region,59980,Plainfield town,MALE,15--19,4,469,380,5,2,10,0,31,41
09,015,150,Northeastern Connecticut Planning Region,59980,Plainfield town,MALE,20--24,5,422,354,9,0,6,0,22,31
09,015,150,Northeastern Connecticut Planning Region,59980,Plainfield town,MALE,25--29,6,515,451,9,2,1,0,13,39
09,015,150,Northeastern Connecticut Planning Region,59980,Plainfield town,MALE,30--34,7,520,455,9,5,5,2,15,29
09,015,150,Northeastern Connecticut Planning Region,59980,Plainfield town,MALE,35--39,8,507,418,11,3,5,0,34,36
09,015,150,Northeastern Connecticut Planning Region,59980,Plainfield town,MALE,40--44,9,457,403,6,5,10,0,6,27
09,015,150,Northeastern Connecticut Planning Region,59980,Plainfield town,MALE,45--49,10,479,413,14,2,17,0,16,17
09,015,150,Northeastern Connecticut Planning Region,59980,Plainfield town,MALE,50--54,11,526,461,8,2,4,0,24,27
09,015,150,Northeastern Connecticut Planning Region,59980,Plainfield town,MALE,55--59,12,562,522,6,1,1,0,21,11
09,015,150,Northeastern Connecticut Planning Region,59980,Plainfield town,MALE,60--64,13,586,563,3,2,3,0,11,4
09,015,150,Northeastern Connecticut Planning Region,59980,Plainfield town,MALE,65--69,14,424,403,7,5,0,0,6,3
09,015,150,Northeastern Connecticut Planning Region,59980,Plainfield town,MALE,70--74,15,293,279,2,0,0,0,6,6
09,015,150,Northeastern Connecticut Planning Region,59980,Plainfield town,MALE,75--79,16,189,179,2,0,0,0,7,1
09,015,150,Northeastern Connecticut Planning Region,59980,Plainfield town,MALE,80--84,17,107,102,0,0,0,0,2,3
09,015,150,Northeastern Connecticut Planning Region,59980,Plainfield town,MALE,85+,18,78,73,1,0,1,0,2,1
09,015,150,Northeastern Connecticut Planning Region,59980,Plainfield town,FEMALE,00--04,1,406,319,13,5,4,0,27,38
09,015,150,Northeastern Connecticut Planning Region,59980,Plainfield town,FEMALE,05--09,2,420,326,11,0,7,0,41,35
09,015,150,Northeastern Connecticut Planning Region,59980,Plainfield town,FEMALE,10--14,3,486,380,12,0,4,0,29,61
09,015,150,Northeastern Connecticut Planning Region,59980,Plainfield town,FEMALE,15--19,4,423,334,19,5,14,0,21,30
09,015,150,Northeastern Connecticut Planning Region,59980,Plainfield town,FEMALE,20--24,5,388,327,1,3,5,0,20,32
09,015,150,Northeastern Connecticut Planning Region,59980,Plainfield town,FEMALE,25--29,6,467,392,10,7,6,0,23,29
09,015,150,Northeastern Connecticut Planning Region,59980,Plainfield town,FEMALE,30--34,7,521,460,4,0,8,0,22,27
09,015,150,Northeastern Connecticut Planning Region,59980,Plainfield town,FEMALE,35--39,8,486,406,10,5,8,0,25,32
09,015,150,Northeastern Connecticut Planning Region,59980,Plainfield town,FEMALE,40--44,9,497,435,5,2,9,0,17,29
09,015,150,Northeastern Connecticut Planning Region,59980,Plainfield town,FEMALE,45--49,10,445,404,2,0,9,0,12,18
09,015,150,Northeastern Connecticut Planning Region,59980,Plainfield town,FEMALE,50--54,11,542,481,2,1,20,0,22,16
09,015,150,Northeastern Connecticut Planning Region,59980,Plainfield town,FEMALE,55--59,12,569,523,6,3,1,0,20,16
09,015,150,Northeastern Connecticut Planning Region,59980,Plainfield town,FEMALE,60--64,13,527,482,11,0,7,0,11,16
09,015,150,Northeastern Connecticut Planning Region,59980,Plainfield town,FEMALE,65--69,14,437,408,3,1,3,0,10,12
09,015,150,Northeastern Connecticut Planning Region,59980,Plainfield town,FEMALE,70--74,15,348,337,2,1,0,0,3,5
09,015,150,Northeastern Connecticut Planning Region,59980,Plainfield town,FEMALE,75--79,16,230,221,0,0,0,0,3,6
09,015,150,Northeastern Connecticut Planning Region,59980,Plainfield town,FEMALE,80--84,17,177,175,0,0,0,0,0,2
09,015,150,Northeastern Connecticut Planning Region,59980,Plainfield town,FEMALE,85+,18,183,179,0,0,1,0,2,1
09,015,150,Northeastern Connecticut Planning Region,61030,Pomfret town,MALE,00--04,1,89,72,0,0,3,0,4,10
09,015,150,Northeastern Connecticut Planning Region,61030,Pomfret town,MALE,05--09,2,107,95,0,0,3,0,1,8
09,015,150,Northeastern Connecticut Planning Region,61030,Pomfret town,MALE,10--14,3,146,125,0,0,2,0,1,18
09,015,150,Northeastern Connecticut Planning Region,61030,Pomfret town,MALE,15--19,4,196,164,2,0,10,0,5,15
09,015,150,Northeastern Connecticut Planning Region,61030,Pomfret town,MALE,20--24,5,170,128,11,0,14,0,7,10
09,015,150,Northeastern Connecticut Planning Region,61030,Pomfret town,MALE,25--29,6,102,90,2,0,4,0,3,3
09,015,150,Northeastern Connecticut Planning Region,61030,Pomfret town,MALE,30--34,7,111,106,0,0,1,0,2,2
09,015,150,Northeastern Connecticut Planning Region,61030,Pomfret town,MALE,35--39,8,105,99,4,0,1,0,0,1
09,015,150,Northeastern Connecticut Planning Region,61030,Pomfret town,MALE,40--44,9,135,118,0,0,2,0,2,13
09,015,150,Northeastern Connecticut Planning Region,61030,Pomfret town,MALE,45--49,10,138,124,4,0,1,0,4,5
09,015,150,Northeastern Connecticut Planning Region,61030,Pomfret town,MALE,50--54,11,170,164,2,0,0,0,4,0
09,015,150,Northeastern Connecticut Planning Region,61030,Pomfret town,MALE,55--59,12,159,159,0,0,0,0,0,0
09,015,150,Northeastern Connecticut Planning Region,61030,Pomfret town,MALE,60--64,13,157,149,0,0,4,0,3,1
09,015,150,Northeastern Connecticut Planning Region,61030,Pomfret town,MALE,65--69,14,162,152,0,0,3,0,1,6
09,015,150,Northeastern Connecticut Planning Region,61030,Pomfret town,MALE,70--74,15,90,88,0,0,2,0,0,0
09,015,150,Northeastern Connecticut Planning Region,61030,Pomfret town,MALE,75--79,16,70,69,0,0,0,0,1,0
09,015,150,Northeastern Connecticut Planning Region,61030,Pomfret town,MALE,80--84,17,40,38,1,1,0,0,0,0
09,015,150,Northeastern Connecticut Planning Region,61030,Pomfret town,MALE,85+,18,24,23,0,0,1,0,0,0
09,015,150,Northeastern Connecticut Planning Region,61030,Pomfret town,FEMALE,00--04,1,65,50,0,0,3,0,5,7
09,015,150,Northeastern Connecticut Planning Region,61030,Pomfret town,FEMALE,05--09,2,92,79,1,0,3,0,3,6
09,015,150,Northeastern Connecticut Planning Region,61030,Pomfret town,FEMALE,10--14,3,143,118,0,0,1,0,5,19
09,015,150,Northeastern Connecticut Planning Region,61030,Pomfret town,FEMALE,15--19,4,169,143,9,0,9,0,5,3
09,015,150,Northeastern Connecticut Planning Region,61030,Pomfret town,FEMALE,20--24,5,168,134,5,0,11,0,5,13
09,015,150,Northeastern Connecticut Planning Region,61030,Pomfret town,FEMALE,25--29,6,90,77,5,0,1,0,2,5
09,015,150,Northeastern Connecticut Planning Region,61030,Pomfret town,FEMALE,30--34,7,117,110,1,0,1,0,2,3
09,015,150,Northeastern Connecticut Planning Region,61030,Pomfret town,FEMALE,35--39,8,98,90,1,0,2,0,0,5
09,015,150,Northeastern Connecticut Planning Region,61030,Pomfret town,FEMALE,40--44,9,140,128,0,0,3,0,2,7
09,015,150,Northeastern Connecticut Planning Region,61030,Pomfret town,FEMALE,45--49,10,136,123,0,2,2,0,4,5
09,015,150,Northeastern Connecticut Planning Region,61030,Pomfret town,FEMALE,50--54,11,144,135,1,0,3,0,3,2
09,015,150,Northeastern Connecticut Planning Region,61030,Pomfret town,FEMALE,55--59,12,165,153,0,1,1,0,3,7
09,015,150,Northeastern Connecticut Planning Region,61030,Pomfret town,FEMALE,60--64,13,148,137,1,1,3,0,5,1
09,015,150,Northeastern Connecticut Planning Region,61030,Pomfret town,FEMALE,65--69,14,166,158,0,0,3,0,3,2
09,015,150,Northeastern Connecticut Planning Region,61030,Pomfret town,FEMALE,70--74,15,96,93,0,0,1,0,0,2
09,015,150,Northeastern Connecticut Planning Region,61030,Pomfret town,FEMALE,75--79,16,83,82,0,0,1,0,0,0
09,015,150,Northeastern Connecticut Planning Region,61030,Pomfret town,FEMALE,80--84,17,43,42,0,0,0,0,1,0
09,015,150,Northeastern Connecticut Planning Region,61030,Pomfret town,FEMALE,85+,18,39,38,0,0,1,0,0,0
09,015,150,Northeastern Connecticut Planning Region,62710,Putnam town,MALE,00--04,1,253,188,6,1,6,0,20,32
09,015,150,Northeastern Connecticut Planning Region,62710,Putnam town,MALE,05--09,2,271,188,14,0,8,0,18,43
09,015,150,Northeastern Connecticut Planning Region,62710,Putnam town,MALE,10--14,3,280,218,4,2,5,0,24,27
09,015,150,Northeastern Connecticut Planning Region,62710,Putnam town,MALE,15--19,4,252,198,3,0,4,1,15,31
09,015,150,Northeastern Connecticut Planning Region,62710,Putnam town,MALE,20--24,5,239,186,4,0,6,0,14,29
09,015,150,Northeastern Connecticut Planning Region,62710,Putnam town,MALE,25--29,6,315,286,3,0,2,0,9,15
09,015,150,Northeastern Connecticut Planning Region,62710,Putnam town,MALE,30--34,7,337,296,2,0,2,0,17,20
09,015,150,Northeastern Connecticut Planning Region,62710,Putnam town,MALE,35--39,8,288,260,7,1,5,0,6,9
09,015,150,Northeastern Connecticut Planning Region,62710,Putnam town,MALE,40--44,9,284,243,10,0,6,0,7,18
09,015,150,Northeastern Connecticut Planning Region,62710,Putnam town,MALE,45--49,10,295,264,8,2,3,0,11,7
09,015,150,Northeastern Connecticut Planning Region,62710,Putnam town,MALE,50--54,11,318,282,7,5,3,0,6,15
09,015,150,Northeastern Connecticut Planning Region,62710,Putnam town,MALE,55--59,12,319,286,4,0,0,0,10,19
09,015,150,Northeastern Connecticut Planning Region,62710,Putnam town,MALE,60--64,13,376,329,5,1,4,0,18,19
09,015,150,Northeastern Connecticut Planning Region,62710,Putnam town,MALE,65--69,14,262,244,3,1,6,0,1,7
09,015,150,Northeastern Connecticut Planning Region,62710,Putnam town,MALE,70--74,15,208,196,4,0,3,0,3,2
09,015,150,Northeastern Connecticut Planning Region,62710,Putnam town,MALE,75--79,16,128,122,2,0,0,0,2,2
09,015,150,Northeastern Connecticut Planning Region,62710,Putnam town,MALE,80--84,17,62,56,1,1,0,0,2,2
09,015,150,Northeastern Connecticut Planning Region,62710,Putnam town,MALE,85+,18,69,67,0,0,2,0,0,0
09,015,150,Northeastern Connecticut Planning Region,62710,Putnam town,FEMALE,00--04,1,192,150,3,3,1,0,18,17
09,015,150,Northeastern Connecticut Planning Region,62710,Putnam town,FEMALE,05--09,2,241,173,7,1,7,0,19,34
09,015,150,Northeastern Connecticut Planning Region,62710,Putnam town,FEMALE,10--14,3,242,179,3,0,5,0,20,35
09,015,150,Northeastern Connecticut Planning Region,62710,Putnam town,FEMALE,15--19,4,248,179,2,1,3,0,33,30
09,015,150,Northeastern Connecticut Planning Region,62710,Putnam town,FEMALE,20--24,5,192,156,3,0,3,0,13,17
09,015,150,Northeastern Connecticut Planning Region,62710,Putnam town,FEMALE,25--29,6,333,284,6,1,2,0,15,25
09,015,150,Northeastern Connecticut Planning Region,62710,Putnam town,FEMALE,30--34,7,300,263,5,2,2,3,12,13
09,015,150,Northeastern Connecticut Planning Region,62710,Putnam town,FEMALE,35--39,8,301,264,6,0,5,0,7,19
09,015,150,Northeastern Connecticut Planning Region,62710,Putnam town,FEMALE,40--44,9,323,280,9,0,7,0,9,18
09,015,150,Northeastern Connecticut Planning Region,62710,Putnam town,FEMALE,45--49,10,266,240,0,0,6,0,10,10
09,015,150,Northeastern Connecticut Planning Region,62710,Putnam town,FEMALE,50--54,11,283,255,6,6,3,0,9,4
09,015,150,Northeastern Connecticut Planning Region,62710,Putnam town,FEMALE,55--59,12,372,345,0,3,0,0,21,3
09,015,150,Northeastern Connecticut Planning Region,62710,Putnam town,FEMALE,60--64,13,348,325,8,1,1,0,7,6
09,015,150,Northeastern Connecticut Planning Region,62710,Putnam town,FEMALE,65--69,14,340,319,0,0,1,0,9,11
09,015,150,Northeastern Connecticut Planning Region,62710,Putnam town,FEMALE,70--74,15,245,233,3,1,0,0,5,3
09,015,150,Northeastern Connecticut Planning Region,62710,Putnam town,FEMALE,75--79,16,183,177,0,1,2,0,1,2
09,015,150,Northeastern Connecticut Planning Region,62710,Putnam town,FEMALE,80--84,17,102,99,3,0,0,0,0,0
09,015,150,Northeastern Connecticut Planning Region,62710,Putnam town,FEMALE,85+,18,158,155,0,0,2,0,1,0
09,015,150,Northeastern Connecticut Planning Region,67400,Scotland town,MALE,00--04,1,33,27,1,1,0,0,0,4
09,015,150,Northeastern Connecticut Planning Region,67400,Scotland town,MALE,05--09,2,40,37,0,1,0,0,2,0
09,015,150,Northeastern Connecticut Planning Region,67400,Scotland town,MALE,10--14,3,44,34,0,0,0,0,3,7
09,015,150,Northeastern Connecticut Planning Region,67400,Scotland town,MALE,15--19,4,51,44,0,1,0,0,1,5
09,015,150,Northeastern Connecticut Planning Region,67400,Scotland town,MALE,20--24,5,45,44,0,0,0,0,1,0
09,015,150,Northeastern Connecticut Planning Region,67400,Scotland town,MALE,25--29,6,37,33,0,0,0,0,0,4
09,015,150,Northeastern Connecticut Planning Region,67400,Scotland town,MALE,30--34,7,48,44,0,0,0,0,3,1
09,015,150,Northeastern Connecticut Planning Region,67400,Scotland town,MALE,35--39,8,45,42,0,0,0,0,1,2
09,015,150,Northeastern Connecticut Planning Region,67400,Scotland town,MALE,40--44,9,41,40,0,0,0,0,0,1
09,015,150,Northeastern Connecticut Planning Region,67400,Scotland town,MALE,45--49,10,55,55,0,0,0,0,0,0
09,015,150,Northeastern Connecticut Planning Region,67400,Scotland town,MALE,50--54,11,60,55,0,0,0,0,2,3
09,015,150,Northeastern Connecticut Planning Region,67400,Scotland town,MALE,55--59,12,68,67,1,0,0,0,0,0
09,015,150,Northeastern Connecticut Planning Region,67400,Scotland town,MALE,60--64,13,66,64,0,0,0,0,1,1
09,015,150,Northeastern Connecticut Planning Region,67400,Scotland town,MALE,65--69,14,55,53,1,0,0,0,0,1
09,015,150,Northeastern Connecticut Planning Region,67400,Scotland town,MALE,70--74,15,56,53,0,0,0,0,2,1
09,015,150,Northeastern Connecticut Planning Region,67400,Scotland town,MALE,75--79,16,23,22,1,0,0,0,0,0
09,015,150,Northeastern Connecticut Planning Region,67400,Scotland town,MALE,80--84,17,16,13,0,0,0,0,0,3
09,015,150,Northeastern Connecticut Planning Region,67400,Scotland town,MALE,85+,18,15,15,0,0,0,0,0,0
09,015,150,Northeastern Connecticut Planning Region,67400,Scotland town,FEMALE,00--04,1,34,24,0,0,0,0,5,5
09,015,150,Northeastern Connecticut Planning Region,67400,Scotland town,FEMALE,05--09,2,34,32,0,0,0,0,0,2
09,015,150,Northeastern Connecticut Planning Region,67400,Scotland town,FEMALE,10--14,3,43,38,0,0,0,0,3,2
09,015,150,Northeastern Connecticut Planning Region,67400,Scotland town,FEMALE,15--19,4,51,47,0,0,0,0,2,2
09,015,150,Northeastern Connecticut Planning Region,67400,Scotland town,FEMALE,20--24,5,42,38,0,0,0,0,0,4
09,015,150,Northeastern Connecticut Planning Region,67400,Scotland town,FEMALE,25--29,6,31,23,0,0,0,0,6,2
09,015,150,Northeastern Connecticut Planning Region,67400,Scotland town,FEMALE,30--34,7,64,58,0,0,0,0,4,2
09,015,150,Northeastern Connecticut Planning Region,67400,Scotland town,FEMALE,35--39,8,35,33,0,0,0,0,1,1
09,015,150,Northeastern Connecticut Planning Region,67400,Scotland town,FEMALE,40--44,9,39,36,0,0,0,0,1,2
09,015,150,Northeastern Connecticut Planning Region,67400,Scotland town,FEMALE,45--49,10,49,45,1,0,0,0,1,2
09,015,150,Northeastern Connecticut Planning Region,67400,Scotland town,FEMALE,50--54,11,63,63,0,0,0,0,0,0
09,015,150,Northeastern Connecticut Planning Region,67400,Scotland town,FEMALE,55--59,12,74,69,0,0,0,0,4,1
09,015,150,Northeastern Connecticut Planning Region,67400,Scotland town,FEMALE,60--64,13,66,65,0,0,0,0,1,0
09,015,150,Northeastern Connecticut Planning Region,67400,Scotland town,FEMALE,65--69,14,47,46,0,0,0,0,0,1
09,015,150,Northeastern Connecticut Planning Region,67400,Scotland town,FEMALE,70--74,15,40,39,0,0,0,0,0,1
09,015,150,Northeastern Connecticut Planning Region,67400,Scotland town,FEMALE,75--79,16,28,28,0,0,0,0,0,0
09,015,150,Northeastern Connecticut Planning Region,67400,Scotland town,FEMALE,80--84,17,16,16,0,0,0,0,0,0
09,015,150,Northeastern Connecticut Planning Region,67400,Scotland town,FEMALE,85+,18,12,12,0,0,0,0,0,0
09,015,150,Northeastern Connecticut Planning Region,73420,Sterling town,MALE,00--04,1,85,79,1,0,1,0,1,3
09,015,150,Northeastern Connecticut Planning Region,73420,Sterling town,MALE,05--09,2,92,74,5,0,0,0,5,8
09,015,150,Northeastern Connecticut Planning Region,73420,Sterling town,MALE,10--14,3,115,103,2,1,0,0,7,2
09,015,150,Northeastern Connecticut Planning Region,73420,Sterling town,MALE,15--19,4,114,105,2,0,0,0,2,5
09,015,150,Northeastern Connecticut Planning Region,73420,Sterling town,MALE,20--24,5,87,77,0,0,0,0,3,7
09,015,150,Northeastern Connecticut Planning Region,73420,Sterling town,MALE,25--29,6,120,113,0,1,0,0,4,2
09,015,150,Northeastern Connecticut Planning Region,73420,Sterling town,MALE,30--34,7,128,115,1,0,0,0,5,7
09,015,150,Northeastern Connecticut Planning Region,73420,Sterling town,MALE,35--39,8,112,97,0,1,0,0,7,7
09,015,150,Northeastern Connecticut Planning Region,73420,Sterling town,MALE,40--44,9,123,115,1,0,1,0,3,3
09,015,150,Northeastern Connecticut Planning Region,73420,Sterling town,MALE,45--49,10,127,117,3,0,1,0,3,3
09,015,150,Northeastern Connecticut Planning Region,73420,Sterling town,MALE,50--54,11,163,151,2,1,0,0,6,3
09,015,150,Northeastern Connecticut Planning Region,73420,Sterling town,MALE,55--59,12,172,160,1,0,2,0,6,3
09,015,150,Northeastern Connecticut Planning Region,73420,Sterling town,MALE,60--64,13,158,143,2,2,0,0,8,3
09,015,150,Northeastern Connecticut Planning Region,73420,Sterling town,MALE,65--69,14,113,110,0,0,1,0,2,0
09,015,150,Northeastern Connecticut Planning Region,73420,Sterling town,MALE,70--74,15,61,60,0,0,1,0,0,0
09,015,150,Northeastern Connecticut Planning Region,73420,Sterling town,MALE,75--79,16,50,49,0,1,0,0,0,0
09,015,150,Northeastern Connecticut Planning Region,73420,Sterling town,MALE,80--84,17,25,24,0,0,0,0,0,1
09,015,150,Northeastern Connecticut Planning Region,73420,Sterling town,MALE,85+,18,15,12,2,0,0,0,1,0
09,015,150,Northeastern Connecticut Planning Region,73420,Sterling town,FEMALE,00--04,1,78,57,1,2,1,0,8,9
09,015,150,Northeastern Connecticut Planning Region,73420,Sterling town,FEMALE,05--09,2,78,57,1,0,1,0,9,10
09,015,150,Northeastern Connecticut Planning Region,73420,Sterling town,FEMALE,10--14,3,95,79,2,1,1,0,6,6
09,015,150,Northeastern Connecticut Planning Region,73420,Sterling town,FEMALE,15--19,4,130,116,3,0,0,0,5,6
09,015,150,Northeastern Connecticut Planning Region,73420,Sterling town,FEMALE,20--24,5,88,77,0,1,0,0,5,5
09,015,150,Northeastern Connecticut Planning Region,73420,Sterling town,FEMALE,25--29,6,101,96,0,0,0,0,5,0
09,015,150,Northeastern Connecticut Planning Region,73420,Sterling town,FEMALE,30--34,7,104,93,0,1,0,0,3,7
09,015,150,Northeastern Connecticut Planning Region,73420,Sterling town,FEMALE,35--39,8,88,79,2,3,0,0,2,2
09,015,150,Northeastern Connecticut Planning Region,73420,Sterling town,FEMALE,40--44,9,140,131,1,0,1,0,4,3
09,015,150,Northeastern Connecticut Planning Region,73420,Sterling town,FEMALE,45--49,10,131,119,1,0,0,0,9,2
09,015,150,Northeastern Connecticut Planning Region,73420,Sterling town,FEMALE,50--54,11,158,146,1,0,6,0,1,4
09,015,150,Northeastern Connecticut Planning Region,73420,Sterling town,FEMALE,55--59,12,152,140,0,3,2,0,7,0
09,015,150,Northeastern Connecticut Planning Region,73420,Sterling town,FEMALE,60--64,13,132,127,0,0,0,0,5,0
09,015,150,Northeastern Connecticut Planning Region,73420,Sterling town,FEMALE,65--69,14,100,95,0,0,0,0,3,2
09,015,150,Northeastern Connecticut Planning Region,73420,Sterling town,FEMALE,70--74,15,70,65,0,0,1,0,2,2
09,015,150,Northeastern Connecticut Planning Region,73420,Sterling town,FEMALE,75--79,16,31,29,1,0,0,0,0,1
09,015,150,Northeastern Connecticut Planning Region,73420,Sterling town,FEMALE,80--84,17,30,28,0,0,0,0,0,2
09,015,150,Northeastern Connecticut Planning Region,73420,Sterling town,FEMALE,85+,18,14,11,0,0,0,0,3,0
09,015,150,Northeastern Connecticut Planning Region,75870,Thompson town,MALE,00--04,1,204,168,7,0,2,0,16,11
09,015,150,Northeastern Connecticut Planning Region,75870,Thompson town,MALE,05--09,2,216,183,1,0,0,0,13,19
09,015,150,Northeastern Connecticut Planning Region,75870,Thompson town,MALE,10--14,3,259,204,5,1,4,0,17,28
09,015,150,Northeastern Connecticut Planning Region,75870,Thompson town,MALE,15--19,4,270,233,4,0,4,0,12,17
09,015,150,Northeastern Connecticut Planning Region,75870,Thompson town,MALE,20--24,5,237,201,9,0,3,0,10,14
09,015,150,Northeastern Connecticut Planning Region,75870,Thompson town,MALE,25--29,6,310,278,3,2,0,0,15,12
09,015,150,Northeastern Connecticut Planning Region,75870,Thompson town,MALE,30--34,7,273,263,1,1,2,0,3,3
09,015,150,Northeastern Connecticut Planning Region,75870,Thompson town,MALE,35--39,8,297,268,2,1,2,0,1,23
09,015,150,Northeastern Connecticut Planning Region,75870,Thompson town,MALE,40--44,9,291,276,0,0,0,0,6,9
09,015,150,Northeastern Connecticut Planning Region,75870,Thompson town,MALE,45--49,10,289,273,4,0,3,0,4,5
09,015,150,Northeastern Connecticut Planning Region,75870,Thompson town,MALE,50--54,11,363,348,0,3,0,0,8,4
09,015,150,Northeastern Connecticut Planning Region,75870,Thompson town,MALE,55--59,12,446,429,2,3,2,0,7,3
09,015,150,Northeastern Connecticut Planning Region,75870,Thompson town,MALE,60--64,13,403,393,2,0,0,0,6,2
09,015,150,Northeastern Connecticut Planning Region,75870,Thompson town,MALE,65--69,14,288,282,0,0,0,0,1,5
09,015,150,Northeastern Connecticut Planning Region,75870,Thompson town,MALE,70--74,15,224,221,0,0,1,0,2,0
09,015,150,Northeastern Connecticut Planning Region,75870,Thompson town,MALE,75--79,16,160,155,2,0,0,0,3,0
09,015,150,Northeastern Connecticut Planning Region,75870,Thompson town,MALE,80--84,17,91,91,0,0,0,0,0,0
09,015,150,Northeastern Connecticut Planning Region,75870,Thompson town,MALE,85+,18,57,51,0,0,2,0,1,3
09,015,150,Northeastern Connecticut Planning Region,75870,Thompson town,FEMALE,00--04,1,160,138,1,1,0,0,12,8
09,015,150,Northeastern Connecticut Planning Region,75870,Thompson town,FEMALE,05--09,2,221,180,3,0,4,0,16,18
09,015,150,Northeastern Connecticut Planning Region,75870,Thompson town,FEMALE,10--14,3,218,174,4,0,2,0,20,18
09,015,150,Northeastern Connecticut Planning Region,75870,Thompson town,FEMALE,15--19,4,233,197,6,2,2,0,12,14
09,015,150,Northeastern Connecticut Planning Region,75870,Thompson town,FEMALE,20--24,5,183,157,3,1,1,0,11,10
09,015,150,Northeastern Connecticut Planning Region,75870,Thompson town,FEMALE,25--29,6,236,215,1,0,6,0,6,8
09,015,150,Northeastern Connecticut Planning Region,75870,Thompson town,FEMALE,30--34,7,277,244,4,0,4,0,12,13
09,015,150,Northeastern Connecticut Planning Region,75870,Thompson town,FEMALE,35--39,8,304,274,0,0,7,0,18,5
09,015,150,Northeastern Connecticut Planning Region,75870,Thompson town,FEMALE,40--44,9,273,241,1,1,5,0,12,13
09,015,150,Northeastern Connecticut Planning Region,75870,Thompson town,FEMALE,45--49,10,293,276,0,1,3,0,9,4
09,015,150,Northeastern Connecticut Planning Region,75870,Thompson town,FEMALE,50--54,11,354,332,0,2,8,0,7,5
09,015,150,Northeastern Connecticut Planning Region,75870,Thompson town,FEMALE,55--59,12,437,408,3,4,2,0,8,12
09,015,150,Northeastern Connecticut Planning Region,75870,Thompson town,FEMALE,60--64,13,430,413,5,4,2,0,5,1
09,015,150,Northeastern Connecticut Planning Region,75870,Thompson town,FEMALE,65--69,14,307,293,1,0,1,0,6,6
09,015,150,Northeastern Connecticut Planning Region,75870,Thompson town,FEMALE,70--74,15,230,223,0,0,3,0,4,0
09,015,150,Northeastern Connecticut Planning Region,75870,Thompson town,FEMALE,75--79,16,169,165,0,0,2,0,1,1
09,015,150,Northeastern Connecticut Planning Region,75870,Thompson town,FEMALE,80--84,17,108,105,0,0,0,0,3,0
09,015,150,Northeastern Connecticut Planning Region,75870,Thompson town,FEMALE,85+,18,113,110,0,0,0,0,1,2
09,015,180,Southeastern Connecticut Planning Region,86790,Windham town,MALE,00--04,1,575,149,20,0,3,0,30,373
09,015,180,Southeastern Connecticut Planning Region,86790,Windham town,MALE,05--09,2,636,174,11,1,4,0,31,415
09,015,180,Southeastern Connecticut Planning Region,86790,Windham town,MALE,10--14,3,753,147,17,1,10,0,44,534
09,015,180,Southeastern Connecticut Planning Region,86790,Windham town,MALE,15--19,4,1168,496,78,6,71,3,31,483
09,015,180,Southeastern Connecticut Planning Region,86790,Windham town,MALE,20--24,5,1342,668,73,0,116,0,37,448
09,015,180,Southeastern Connecticut Planning Region,86790,Windham town,MALE,25--29,6,955,382,32,0,59,0,14,468
09,015,180,Southeastern Connecticut Planning Region,86790,Windham town,MALE,30--34,7,865,374,40,1,40,0,18,392
09,015,180,Southeastern Connecticut Planning Region,86790,Windham town,MALE,35--39,8,718,268,37,1,12,0,18,382
09,015,180,Southeastern Connecticut Planning Region,86790,Windham town,MALE,40--44,9,663,246,25,0,16,0,14,362
09,015,180,Southeastern Connecticut Planning Region,86790,Windham town,MALE,45--49,10,576,259,16,2,12,0,9,278
09,015,180,Southeastern Connecticut Planning Region,86790,Windham town,MALE,50--54,11,623,317,25,2,4,0,9,266
09,015,180,Southeastern Connecticut Planning Region,86790,Windham town,MALE,55--59,12,697,426,36,2,9,0,15,209
09,015,180,Southeastern Connecticut Planning Region,86790,Windham town,MALE,60--64,13,689,488,34,5,6,0,22,134
09,015,180,Southeastern Connecticut Planning Region,86790,Windham town,MALE,65--69,14,571,403,15,3,8,0,19,123
09,015,180,Southeastern Connecticut Planning Region,86790,Windham town,MALE,70--74,15,440,349,10,0,12,0,2,67
09,015,180,Southeastern Connecticut Planning Region,86790,Windham town,MALE,75--79,16,272,208,8,0,7,0,7,42
09,015,180,Southeastern Connecticut Planning Region,86790,Windham town,MALE,80--84,17,175,145,0,0,0,0,1,29
09,015,180,Southeastern Connecticut Planning Region,86790,Windham town,MALE,85+,18,136,118,3,0,2,0,2,11
09,015,180,Southeastern Connecticut Planning Region,86790,Windham town,FEMALE,00--04,1,565,130,15,0,6,0,27,387
09,015,180,Southeastern Connecticut Planning Region,86790,Windham town,FEMALE,05--09,2,623,150,22,0,5,0,26,420
09,015,180,Southeastern Connecticut Planning Region,86790,Windham town,FEMALE,10--14,3,702,184,19,3,6,0,34,456
09,015,180,Southeastern Connecticut Planning Region,86790,Windham town,FEMALE,15--19,4,1232,531,75,4,87,0,42,493
09,015,180,Southeastern Connecticut Planning Region,86790,Windham town,FEMALE,20--24,5,1501,755,97,0,119,0,52,478
09,015,180,Southeastern Connecticut Planning Region,86790,Windham town,FEMALE,25--29,6,906,376,31,3,44,0,22,430
09,015,180,Southeastern Connecticut Planning Region,86790,Windham town,FEMALE,30--34,7,818,331,32,1,38,1,11,404
09,015,180,Southeastern Connecticut Planning Region,86790,Windham town,FEMALE,35--39,8,738,303,26,1,17,0,7,384
09,015,180,Southeastern Connecticut Planning Region,86790,Windham town,FEMALE,40--44,9,632,273,15,0,7,0,22,315
09,015,180,Southeastern Connecticut Planning Region,86790,Windham town,FEMALE,45--49,10,616,257,17,1,10,0,14,317
09,015,180,Southeastern Connecticut Planning Region,86790,Windham town,FEMALE,50--54,11,705,371,22,7,9,0,21,275
09,015,180,Southeastern Connecticut Planning Region,86790,Windham town,FEMALE,55--59,12,693,412,24,1,16,0,15,225
09,015,180,Southeastern Connecticut Planning Region,86790,Windham town,FEMALE,60--64,13,763,496,17,3,12,0,19,216
09,015,180,Southeastern Connecticut Planning Region,86790,Windham town,FEMALE,65--69,14,599,447,13,0,8,0,13,118
09,015,180,Southeastern Connecticut Planning Region,86790,Windham town,FEMALE,70--74,15,545,402,10,1,10,0,12,110
09,015,180,Southeastern Connecticut Planning Region,86790,Windham town,FEMALE,75--79,16,347,274,6,1,0,0,1,65
09,015,180,Southeastern Connecticut Planning Region,86790,Windham town,FEMALE,80--84,17,197,154,0,0,4,0,6,33
09,015,180,Southeastern Connecticut Planning Region,86790,Windham town,FEMALE,85+,18,325,297,1,0,5,0,1,21
09,015,150,Northeastern Connecticut Planning Region,88190,Woodstock town,MALE,00--04,1,173,151,2,1,2,0,5,12
09,015,150,Northeastern Connecticut Planning Region,88190,Woodstock town,MALE,05--09,2,220,200,0,0,1,0,12,7
09,015,150,Northeastern Connecticut Planning Region,88190,Woodstock town,MALE,10--14,3,255,234,1,1,0,0,7,12
09,015,150,Northeastern Connecticut Planning Region,88190,Woodstock town,MALE,15--19,4,320,286,1,0,4,0,13,16
09,015,150,Northeastern Connecticut Planning Region,88190,Woodstock town,MALE,20--24,5,194,188,0,0,1,0,2,3
09,015,150,Northeastern Connecticut Planning Region,88190,Woodstock town,MALE,25--29,6,194,179,2,0,2,0,6,5
09,015,150,Northeastern Connecticut Planning Region,88190,Woodstock town,MALE,30--34,7,192,178,2,0,1,1,2,8
09,015,150,Northeastern Connecticut Planning Region,88190,Woodstock town,MALE,35--39,8,256,226,0,0,4,0,9,17
09,015,150,Northeastern Connecticut Planning Region,88190,Woodstock town,MALE,40--44,9,250,226,2,0,7,0,4,11
09,015,150,Northeastern Connecticut Planning Region,88190,Woodstock town,MALE,45--49,10,255,247,1,0,3,0,1,3
09,015,150,Northeastern Connecticut Planning Region,88190,Woodstock town,MALE,50--54,11,326,309,0,1,2,0,8,6
09,015,150,Northeastern Connecticut Planning Region,88190,Woodstock town,MALE,55--59,12,362,352,2,1,0,0,6,1
09,015,150,Northeastern Connecticut Planning Region,88190,Woodstock town,MALE,60--64,13,352,338,2,1,3,0,5,3
09,015,150,Northeastern Connecticut Planning Region,88190,Woodstock town,MALE,65--69,14,284,281,2,0,0,0,1,0
09,015,150,Northeastern Connecticut Planning Region,88190,Woodstock town,MALE,70--74,15,197,196,0,0,0,0,0,1
09,015,150,Northeastern Connecticut Planning Region,88190,Woodstock town,MALE,75--79,16,153,152,1,0,0,0,0,0
09,015,150,Northeastern Connecticut Planning Region,88190,Woodstock town,MALE,80--84,17,64,63,0,0,0,0,0,1
09,015,150,Northeastern Connecticut Planning Region,88190,Woodstock town,MALE,85+,18,54,52,0,0,1,0,1,0
09,015,150,Northeastern Connecticut Planning Region,88190,Woodstock town,FEMALE,00--04,1,164,132,6,0,4,0,12,10
09,015,150,Northeastern Connecticut Planning Region,88190,Woodstock town,FEMALE,05--09,2,245,218,1,0,6,0,7,13
09,015,150,Northeastern Connecticut Planning Region,88190,Woodstock town,FEMALE,10--14,3,280,250,3,0,5,0,9,13
09,015,150,Northeastern Connecticut Planning Region,88190,Woodstock town,FEMALE,15--19,4,280,246,6,2,5,0,9,12
09,015,150,Northeastern Connecticut Planning Region,88190,Woodstock town,FEMALE,20--24,5,153,139,1,0,0,0,5,8
09,015,150,Northeastern Connecticut Planning Region,88190,Woodstock town,FEMALE,25--29,6,154,147,2,2,0,0,2,1
09,015,150,Northeastern Connecticut Planning Region,88190,Woodstock town,FEMALE,30--34,7,208,182,3,0,6,0,8,9
09,015,150,Northeastern Connecticut Planning Region,88190,Woodstock town,FEMALE,35--39,8,251,229,0,2,15,0,1,4
09,015,150,Northeastern Connecticut Planning Region,88190,Woodstock town,FEMALE,40--44,9,267,244,3,1,7,0,3,9
09,015,150,Northeastern Connecticut Planning Region,88190,Woodstock town,FEMALE,45--49,10,285,266,3,0,2,0,7,7
09,015,150,Northeastern Connecticut Planning Region,88190,Woodstock town,FEMALE,50--54,11,321,303,2,0,6,0,2,8
09,015,150,Northeastern Connecticut Planning Region,88190,Woodstock town,FEMALE,55--59,12,362,343,0,0,3,0,6,10
09,015,150,Northeastern Connecticut Planning Region,88190,Woodstock town,FEMALE,60--64,13,346,334,2,1,1,0,3,5
09,015,150,Northeastern Connecticut Planning Region,88190,Woodstock town,FEMALE,65--69,14,281,279,0,0,0,0,1,1
09,015,150,Northeastern Connecticut Planning Region,88190,Woodstock town,FEMALE,70--74,15,227,217,1,0,0,0,8,1
09,015,150,Northeastern Connecticut Planning Region,88190,Woodstock town,FEMALE,75--79,16,149,147,0,0,0,0,2,0
09,015,150,Northeastern Connecticut Planning Region,88190,Woodstock town,FEMALE,80--84,17,63,61,0,0,0,0,2,0
09,015,150,Northeastern Connecticut Planning Region,88190,Woodstock town,FEMALE,85+,18,88,86,0,0,0,0,2,0